{
  "type": "FeatureCollection",
  "crs": {
    "type": "name",
    "properties": {
      "name": "EPSG:2154"
    }
  },
  "features": [
    { "type": "Feature", "geometry": { "type": "Point", "coordinates": [644493.100, 6858552.000, 45.000] }, "properties": {} },
    { "type": "Feature", "geometry": { "type": "Point", "coordinates": [644493.100, 6858552.200, 45.000] }, "properties": {} },
    { "type": "Feature", "geometry": { "type": "Point", "coordinates": [644493.100, 6858552.400, 45.000] }, "properties": {} },
    { "type": "Feature", "geometry": { "type": "Point", "coordinates": [644493.100, 6858552.600, 45.000] }, "properties": {} },
    { "type": "Feature", "geometry": { "type": "Point", "coordinates": [644493.100, 6858552.800, 45.000] }, "properties": {} },
    { "type": "Feature", "geometry": { "type": "Point", "coordinates": [644493.100, 6858553.000, 45.000] }, "properties": {} },
    { "type": "Feature", "geometry": { "type": "Point", "coordinates": [644493.100, 6858553.200, 45.000] }, "properties": {} },
    { "type": "Feature", "geometry": { "type": "Point", "coordinates": [644493.100, 6858553.400, 45.000] }, "properties": {} },
    { "type": "Feature", "geometry": { "type": "Point", "coordinates": [644493.100, 6858553.600, 45.000] }, "properties": {} },
    { "type": "Feature", "geometry": { "type": "Point", "coordinates": [644493.100, 6858553.800, 45.000] }, "properties": {} },
    { "type": "Feature", "geometry": { "type": "Point", "coordinates": [644493.100, 6858554.000, 45.000] }, "properties": {} },
    { "type": "Feature", "geometry": { "type": "Point", "coordinates": [644493.100, 6858554.200, 45.000] }, "properties": {} },
    { "type": "Feature", "geometry": { "type": "Point", "coordinates": [644493.100, 6858554.400, 45.000] }, "properties": {} },
    { "type": "Feature", "geometry": { "type": "Point", "coordinates": [644493.100, 6858554.600, 45.000] }, "properties": {} },
    { "type": "Feature", "geometry": { "type": "Point", "coordinates": [644493.100, 6858554.800, 45.000] }, "properties": {} },
    { "type": "Feature", "geometry": { "type": "Point", "coordinates": [644493.100, 6858555.000, 45.000] }, "properties": {} },
    { "type": "Feature", "geometry": { "type": "Point", "coordinates": [644493.100, 6858555.200, 45.000] }, "properties": {} },
    { "type": "Feature", "geometry": { "type": "Point", "coordinates": [644493.100, 6858555.400, 45.000] }, "properties": {} },
    { "type": "Feature", "geometry": { "type": "Point", "coordinates": [644493.100, 6858555.600, 45.000] }, "properties": {} },
    { "type": "Feature", "geometry": { "type": "Point", "coordinates": [644493.100, 6858555.800, 45.000] }, "properties": {} },
    { "type": "Feature", "geometry": { "type": "Point", "coordinates": [644493.100, 6858556.000, 45.000] }, "properties": {} },
    { "type": "Feature", "geometry": { "type": "Point", "coordinates": [644493.100, 6858556.200, 45.000] }, "properties": {} },
    { "type": "Feature", "geometry": { "type": "Point", "coordinates": [644493.100, 6858556.400, 45.000] }, "properties": {} },
    { "type": "Feature", "geometry": { "type": "Point", "coordinates": [644493.100, 6858556.600, 45.000] }, "properties": {} },
    { "type": "Feature", "geometry": { "type": "Point", "coordinates": [644493.100, 6858556.800, 45.000] }, "properties": {} },
    { "type": "Feature", "geometry": { "type": "Point", "coordinates": [644493.100, 6858557.000, 45.000] }, "properties": {} },
    { "type": "Feature", "geometry": { "type": "Point", "coordinates": [644493.100, 6858557.200, 45.000] }, "properties": {} },
    { "type": "Feature", "geometry": { "type": "Point", "coordinates": [644493.100, 6858557.400, 45.000] }, "properties": {} },
    { "type": "Feature", "geometry": { "type": "Point", "coordinates": [644493.100, 6858557.600, 45.000] }, "properties": {} },
    { "type": "Feature", "geometry": { "type": "Point", "coordinates": [644493.100, 6858557.800, 45.000] }, "properties": {} },
    { "type": "Feature", "geometry": { "type": "Point", "coordinates": [644493.100, 6858558.000, 45.000] }, "properties": {} },
    { "type": "Feature", "geometry": { "type": "Point", "coordinates": [644493.100, 6858558.200, 45.000] }, "properties": {} },
    { "type": "Feature", "geometry": { "type": "Point", "coordinates": [644493.100, 6858558.400, 45.000] }, "properties": {} },
    { "type": "Feature", "geometry": { "type": "Point", "coordinates": [644493.100, 6858558.600, 45.000] }, "properties": {} },
    { "type": "Feature", "geometry": { "type": "Point", "coordinates": [644493.100, 6858558.800, 45.000] }, "properties": {} },
    { "type": "Feature", "geometry": { "type": "Point", "coordinates": [644493.100, 6858559.000, 45.000] }, "properties": {} },
    { "type": "Feature", "geometry": { "type": "Point", "coordinates": [644493.100, 6858559.200, 45.000] }, "properties": {} },
    { "type": "Feature", "geometry": { "type": "Point", "coordinates": [644493.100, 6858559.400, 45.000] }, "properties": {} },
    { "type": "Feature", "geometry": { "type": "Point", "coordinates": [644493.100, 6858559.600, 45.000] }, "properties": {} },
    { "type": "Feature", "geometry": { "type": "Point", "coordinates": [644493.100, 6858559.800, 45.000] }, "properties": {} },
    { "type": "Feature", "geometry": { "type": "Point", "coordinates": [644493.100, 6858560.000, 45.000] }, "properties": {} },
    { "type": "Feature", "geometry": { "type": "Point", "coordinates": [644493.100, 6858560.200, 45.000] }, "properties": {} },
    { "type": "Feature", "geometry": { "type": "Point", "coordinates": [644493.100, 6858560.400, 45.000] }, "properties": {} },
    { "type": "Feature", "geometry": { "type": "Point", "coordinates": [644493.100, 6858560.600, 45.000] }, "properties": {} },
    { "type": "Feature", "geometry": { "type": "Point", "coordinates": [644493.100, 6858560.800, 45.000] }, "properties": {} },
    { "type": "Feature", "geometry": { "type": "Point", "coordinates": [644493.100, 6858561.000, 45.000] }, "properties": {} },
    { "type": "Feature", "geometry": { "type": "Point", "coordinates": [644493.100, 6858561.200, 45.000] }, "properties": {} },
    { "type": "Feature", "geometry": { "type": "Point", "coordinates": [644493.100, 6858561.400, 45.000] }, "properties": {} },
    { "type": "Feature", "geometry": { "type": "Point", "coordinates": [644493.100, 6858561.600, 45.000] }, "properties": {} },
    { "type": "Feature", "geometry": { "type": "Point", "coordinates": [644493.100, 6858561.800, 45.000] }, "properties": {} },
    { "type": "Feature", "geometry": { "type": "Point", "coordinates": [644493.100, 6858562.000, 45.000] }, "properties": {} },
    { "type": "Feature", "geometry": { "type": "Point", "coordinates": [644493.100, 6858562.200, 45.600] }, "properties": {} },
    { "type": "Feature", "geometry": { "type": "Point", "coordinates": [644493.100, 6858562.400, 46.200] }, "properties": {} },
    { "type": "Feature", "geometry": { "type": "Point", "coordinates": [644493.100, 6858562.600, 46.800] }, "properties": {} },
    { "type": "Feature", "geometry": { "type": "Point", "coordinates": [644493.100, 6858562.800, 47.400] }, "properties": {} },
    { "type": "Feature", "geometry": { "type": "Point", "coordinates": [644493.100, 6858563.000, 48.000] }, "properties": {} },
    { "type": "Feature", "geometry": { "type": "Point", "coordinates": [644493.100, 6858563.200, 48.600] }, "properties": {} },
    { "type": "Feature", "geometry": { "type": "Point", "coordinates": [644493.100, 6858563.400, 49.200] }, "properties": {} },
    { "type": "Feature", "geometry": { "type": "Point", "coordinates": [644493.100, 6858563.600, 49.800] }, "properties": {} },
    { "type": "Feature", "geometry": { "type": "Point", "coordinates": [644493.100, 6858563.800, 50.400] }, "properties": {} },
    { "type": "Feature", "geometry": { "type": "Point", "coordinates": [644493.100, 6858564.000, 51.000] }, "properties": {} },
    { "type": "Feature", "geometry": { "type": "Point", "coordinates": [644493.100, 6858564.200, 51.600] }, "properties": {} },
    { "type": "Feature", "geometry": { "type": "Point", "coordinates": [644493.100, 6858564.400, 52.200] }, "properties": {} },
    { "type": "Feature", "geometry": { "type": "Point", "coordinates": [644493.100, 6858564.600, 52.800] }, "properties": {} },
    { "type": "Feature", "geometry": { "type": "Point", "coordinates": [644493.100, 6858564.800, 53.400] }, "properties": {} },
    { "type": "Feature", "geometry": { "type": "Point", "coordinates": [644493.100, 6858565.000, 54.000] }, "properties": {} },
    { "type": "Feature", "geometry": { "type": "Point", "coordinates": [644493.100, 6858565.200, 54.600] }, "properties": {} },
    { "type": "Feature", "geometry": { "type": "Point", "coordinates": [644493.100, 6858565.400, 55.200] }, "properties": {} },
    { "type": "Feature", "geometry": { "type": "Point", "coordinates": [644493.100, 6858565.600, 55.800] }, "properties": {} },
    { "type": "Feature", "geometry": { "type": "Point", "coordinates": [644493.100, 6858565.800, 56.400] }, "properties": {} },
    { "type": "Feature", "geometry": { "type": "Point", "coordinates": [644493.100, 6858566.000, 57.000] }, "properties": {} },
    { "type": "Feature", "geometry": { "type": "Point", "coordinates": [644493.100, 6858566.200, 57.600] }, "properties": {} },
    { "type": "Feature", "geometry": { "type": "Point", "coordinates": [644493.100, 6858566.400, 58.200] }, "properties": {} },
    { "type": "Feature", "geometry": { "type": "Point", "coordinates": [644493.100, 6858566.600, 58.800] }, "properties": {} },
    { "type": "Feature", "geometry": { "type": "Point", "coordinates": [644493.100, 6858566.800, 59.400] }, "properties": {} },
    { "type": "Feature", "geometry": { "type": "Point", "coordinates": [644493.100, 6858567.000, 60.000] }, "properties": {} },
    { "type": "Feature", "geometry": { "type": "Point", "coordinates": [644493.100, 6858567.200, 60.600] }, "properties": {} },
    { "type": "Feature", "geometry": { "type": "Point", "coordinates": [644493.100, 6858567.400, 61.200] }, "properties": {} },
    { "type": "Feature", "geometry": { "type": "Point", "coordinates": [644493.100, 6858567.600, 61.800] }, "properties": {} },
    { "type": "Feature", "geometry": { "type": "Point", "coordinates": [644493.100, 6858567.800, 62.400] }, "properties": {} },
    { "type": "Feature", "geometry": { "type": "Point", "coordinates": [644493.100, 6858568.000, 63.000] }, "properties": {} },
    { "type": "Feature", "geometry": { "type": "Point", "coordinates": [644493.100, 6858568.200, 63.600] }, "properties": {} },
    { "type": "Feature", "geometry": { "type": "Point", "coordinates": [644493.100, 6858568.400, 64.200] }, "properties": {} },
    { "type": "Feature", "geometry": { "type": "Point", "coordinates": [644493.100, 6858568.600, 64.800] }, "properties": {} },
    { "type": "Feature", "geometry": { "type": "Point", "coordinates": [644493.100, 6858568.800, 65.400] }, "properties": {} },
    { "type": "Feature", "geometry": { "type": "Point", "coordinates": [644493.100, 6858569.000, 66.000] }, "properties": {} },
    { "type": "Feature", "geometry": { "type": "Point", "coordinates": [644493.100, 6858569.200, 66.600] }, "properties": {} },
    { "type": "Feature", "geometry": { "type": "Point", "coordinates": [644493.100, 6858569.400, 67.200] }, "properties": {} },
    { "type": "Feature", "geometry": { "type": "Point", "coordinates": [644493.100, 6858569.600, 67.800] }, "properties": {} },
    { "type": "Feature", "geometry": { "type": "Point", "coordinates": [644493.100, 6858569.800, 68.400] }, "properties": {} },
    { "type": "Feature", "geometry": { "type": "Point", "coordinates": [644493.100, 6858570.000, 69.000] }, "properties": {} },
    { "type": "Feature", "geometry": { "type": "Point", "coordinates": [644493.100, 6858570.200, 69.600] }, "properties": {} },
    { "type": "Feature", "geometry": { "type": "Point", "coordinates": [644493.100, 6858570.400, 70.200] }, "properties": {} },
    { "type": "Feature", "geometry": { "type": "Point", "coordinates": [644493.100, 6858570.600, 70.800] }, "properties": {} },
    { "type": "Feature", "geometry": { "type": "Point", "coordinates": [644493.100, 6858570.800, 71.400] }, "properties": {} },
    { "type": "Feature", "geometry": { "type": "Point", "coordinates": [644493.100, 6858571.000, 72.000] }, "properties": {} },
    { "type": "Feature", "geometry": { "type": "Point", "coordinates": [644493.100, 6858571.200, 72.600] }, "properties": {} },
    { "type": "Feature", "geometry": { "type": "Point", "coordinates": [644493.100, 6858571.400, 73.200] }, "properties": {} },
    { "type": "Feature", "geometry": { "type": "Point", "coordinates": [644493.100, 6858571.600, 73.800] }, "properties": {} },
    { "type": "Feature", "geometry": { "type": "Point", "coordinates": [644493.100, 6858571.800, 74.400] }, "properties": {} },
    { "type": "Feature", "geometry": { "type": "Point", "coordinates": [644493.100, 6858572.000, 75.000] }, "properties": {} },
    { "type": "Feature", "geometry": { "type": "Point", "coordinates": [644493.100, 6858572.200, 74.400] }, "properties": {} },
    { "type": "Feature", "geometry": { "type": "Point", "coordinates": [644493.100, 6858572.400, 73.800] }, "properties": {} },
    { "type": "Feature", "geometry": { "type": "Point", "coordinates": [644493.100, 6858572.600, 73.200] }, "properties": {} },
    { "type": "Feature", "geometry": { "type": "Point", "coordinates": [644493.100, 6858572.800, 72.600] }, "properties": {} },
    { "type": "Feature", "geometry": { "type": "Point", "coordinates": [644493.100, 6858573.000, 72.000] }, "properties": {} },
    { "type": "Feature", "geometry": { "type": "Point", "coordinates": [644493.100, 6858573.200, 71.400] }, "properties": {} },
    { "type": "Feature", "geometry": { "type": "Point", "coordinates": [644493.100, 6858573.400, 70.800] }, "properties": {} },
    { "type": "Feature", "geometry": { "type": "Point", "coordinates": [644493.100, 6858573.600, 70.200] }, "properties": {} },
    { "type": "Feature", "geometry": { "type": "Point", "coordinates": [644493.100, 6858573.800, 69.600] }, "properties": {} },
    { "type": "Feature", "geometry": { "type": "Point", "coordinates": [644493.100, 6858574.000, 69.000] }, "properties": {} },
    { "type": "Feature", "geometry": { "type": "Point", "coordinates": [644493.100, 6858574.200, 68.400] }, "properties": {} },
    { "type": "Feature", "geometry": { "type": "Point", "coordinates": [644493.100, 6858574.400, 67.800] }, "properties": {} },
    { "type": "Feature", "geometry": { "type": "Point", "coordinates": [644493.100, 6858574.600, 67.200] }, "properties": {} },
    { "type": "Feature", "geometry": { "type": "Point", "coordinates": [644493.100, 6858574.800, 66.600] }, "properties": {} },
    { "type": "Feature", "geometry": { "type": "Point", "coordinates": [644493.100, 6858575.000, 66.000] }, "properties": {} },
    { "type": "Feature", "geometry": { "type": "Point", "coordinates": [644493.100, 6858575.200, 65.400] }, "properties": {} },
    { "type": "Feature", "geometry": { "type": "Point", "coordinates": [644493.100, 6858575.400, 64.800] }, "properties": {} },
    { "type": "Feature", "geometry": { "type": "Point", "coordinates": [644493.100, 6858575.600, 64.200] }, "properties": {} },
    { "type": "Feature", "geometry": { "type": "Point", "coordinates": [644493.100, 6858575.800, 63.600] }, "properties": {} },
    { "type": "Feature", "geometry": { "type": "Point", "coordinates": [644493.100, 6858576.000, 63.000] }, "properties": {} },
    { "type": "Feature", "geometry": { "type": "Point", "coordinates": [644493.100, 6858576.200, 62.400] }, "properties": {} },
    { "type": "Feature", "geometry": { "type": "Point", "coordinates": [644493.100, 6858576.400, 61.800] }, "properties": {} },
    { "type": "Feature", "geometry": { "type": "Point", "coordinates": [644493.100, 6858576.600, 61.200] }, "properties": {} },
    { "type": "Feature", "geometry": { "type": "Point", "coordinates": [644493.100, 6858576.800, 60.600] }, "properties": {} },
    { "type": "Feature", "geometry": { "type": "Point", "coordinates": [644493.100, 6858577.000, 60.000] }, "properties": {} },
    { "type": "Feature", "geometry": { "type": "Point", "coordinates": [644493.100, 6858577.200, 59.400] }, "properties": {} },
    { "type": "Feature", "geometry": { "type": "Point", "coordinates": [644493.100, 6858577.400, 58.800] }, "properties": {} },
    { "type": "Feature", "geometry": { "type": "Point", "coordinates": [644493.100, 6858577.600, 58.200] }, "properties": {} },
    { "type": "Feature", "geometry": { "type": "Point", "coordinates": [644493.100, 6858577.800, 57.600] }, "properties": {} },
    { "type": "Feature", "geometry": { "type": "Point", "coordinates": [644493.100, 6858578.000, 57.000] }, "properties": {} },
    { "type": "Feature", "geometry": { "type": "Point", "coordinates": [644493.100, 6858578.200, 56.400] }, "properties": {} },
    { "type": "Feature", "geometry": { "type": "Point", "coordinates": [644493.100, 6858578.400, 55.800] }, "properties": {} },
    { "type": "Feature", "geometry": { "type": "Point", "coordinates": [644493.100, 6858578.600, 55.200] }, "properties": {} },
    { "type": "Feature", "geometry": { "type": "Point", "coordinates": [644493.100, 6858578.800, 54.600] }, "properties": {} },
    { "type": "Feature", "geometry": { "type": "Point", "coordinates": [644493.100, 6858579.000, 54.000] }, "properties": {} },
    { "type": "Feature", "geometry": { "type": "Point", "coordinates": [644493.100, 6858579.200, 53.400] }, "properties": {} },
    { "type": "Feature", "geometry": { "type": "Point", "coordinates": [644493.100, 6858579.400, 52.800] }, "properties": {} },
    { "type": "Feature", "geometry": { "type": "Point", "coordinates": [644493.100, 6858579.600, 52.200] }, "properties": {} },
    { "type": "Feature", "geometry": { "type": "Point", "coordinates": [644493.100, 6858579.800, 51.600] }, "properties": {} },
    { "type": "Feature", "geometry": { "type": "Point", "coordinates": [644493.100, 6858580.000, 51.000] }, "properties": {} },
    { "type": "Feature", "geometry": { "type": "Point", "coordinates": [644493.100, 6858580.200, 50.400] }, "properties": {} },
    { "type": "Feature", "geometry": { "type": "Point", "coordinates": [644493.100, 6858580.400, 49.800] }, "properties": {} },
    { "type": "Feature", "geometry": { "type": "Point", "coordinates": [644493.100, 6858580.600, 49.200] }, "properties": {} },
    { "type": "Feature", "geometry": { "type": "Point", "coordinates": [644493.100, 6858580.800, 48.600] }, "properties": {} },
    { "type": "Feature", "geometry": { "type": "Point", "coordinates": [644493.100, 6858581.000, 48.000] }, "properties": {} },
    { "type": "Feature", "geometry": { "type": "Point", "coordinates": [644493.100, 6858581.200, 47.400] }, "properties": {} },
    { "type": "Feature", "geometry": { "type": "Point", "coordinates": [644493.100, 6858581.400, 46.800] }, "properties": {} },
    { "type": "Feature", "geometry": { "type": "Point", "coordinates": [644493.100, 6858581.600, 46.200] }, "properties": {} },
    { "type": "Feature", "geometry": { "type": "Point", "coordinates": [644493.100, 6858581.800, 45.600] }, "properties": {} },
    { "type": "Feature", "geometry": { "type": "Point", "coordinates": [644493.100, 6858552.000, 40.000] }, "properties": {} },
    { "type": "Feature", "geometry": { "type": "Point", "coordinates": [644493.100, 6858552.200, 40.000] }, "properties": {} },
    { "type": "Feature", "geometry": { "type": "Point", "coordinates": [644493.100, 6858552.400, 40.000] }, "properties": {} },
    { "type": "Feature", "geometry": { "type": "Point", "coordinates": [644493.100, 6858552.600, 40.000] }, "properties": {} },
    { "type": "Feature", "geometry": { "type": "Point", "coordinates": [644493.100, 6858552.800, 40.000] }, "properties": {} },
    { "type": "Feature", "geometry": { "type": "Point", "coordinates": [644493.100, 6858553.000, 40.000] }, "properties": {} },
    { "type": "Feature", "geometry": { "type": "Point", "coordinates": [644493.100, 6858553.200, 40.000] }, "properties": {} },
    { "type": "Feature", "geometry": { "type": "Point", "coordinates": [644493.100, 6858553.400, 40.000] }, "properties": {} },
    { "type": "Feature", "geometry": { "type": "Point", "coordinates": [644493.100, 6858553.600, 40.000] }, "properties": {} },
    { "type": "Feature", "geometry": { "type": "Point", "coordinates": [644493.100, 6858553.800, 40.000] }, "properties": {} },
    { "type": "Feature", "geometry": { "type": "Point", "coordinates": [644493.100, 6858554.000, 40.000] }, "properties": {} },
    { "type": "Feature", "geometry": { "type": "Point", "coordinates": [644493.100, 6858554.200, 40.000] }, "properties": {} },
    { "type": "Feature", "geometry": { "type": "Point", "coordinates": [644493.100, 6858554.400, 40.000] }, "properties": {} },
    { "type": "Feature", "geometry": { "type": "Point", "coordinates": [644493.100, 6858554.600, 40.000] }, "properties": {} },
    { "type": "Feature", "geometry": { "type": "Point", "coordinates": [644493.100, 6858554.800, 40.000] }, "properties": {} },
    { "type": "Feature", "geometry": { "type": "Point", "coordinates": [644493.100, 6858555.000, 40.000] }, "properties": {} },
    { "type": "Feature", "geometry": { "type": "Point", "coordinates": [644493.100, 6858555.200, 40.000] }, "properties": {} },
    { "type": "Feature", "geometry": { "type": "Point", "coordinates": [644493.100, 6858555.400, 40.000] }, "properties": {} },
    { "type": "Feature", "geometry": { "type": "Point", "coordinates": [644493.100, 6858555.600, 40.000] }, "properties": {} },
    { "type": "Feature", "geometry": { "type": "Point", "coordinates": [644493.100, 6858555.800, 40.000] }, "properties": {} },
    { "type": "Feature", "geometry": { "type": "Point", "coordinates": [644493.100, 6858556.000, 40.000] }, "properties": {} },
    { "type": "Feature", "geometry": { "type": "Point", "coordinates": [644493.100, 6858556.200, 40.000] }, "properties": {} },
    { "type": "Feature", "geometry": { "type": "Point", "coordinates": [644493.100, 6858556.400, 40.000] }, "properties": {} },
    { "type": "Feature", "geometry": { "type": "Point", "coordinates": [644493.100, 6858556.600, 40.000] }, "properties": {} },
    { "type": "Feature", "geometry": { "type": "Point", "coordinates": [644493.100, 6858556.800, 40.000] }, "properties": {} },
    { "type": "Feature", "geometry": { "type": "Point", "coordinates": [644493.100, 6858557.000, 40.000] }, "properties": {} },
    { "type": "Feature", "geometry": { "type": "Point", "coordinates": [644493.100, 6858557.200, 40.000] }, "properties": {} },
    { "type": "Feature", "geometry": { "type": "Point", "coordinates": [644493.100, 6858557.400, 40.000] }, "properties": {} },
    { "type": "Feature", "geometry": { "type": "Point", "coordinates": [644493.100, 6858557.600, 40.000] }, "properties": {} },
    { "type": "Feature", "geometry": { "type": "Point", "coordinates": [644493.100, 6858557.800, 40.000] }, "properties": {} },
    { "type": "Feature", "geometry": { "type": "Point", "coordinates": [644493.100, 6858558.000, 40.000] }, "properties": {} },
    { "type": "Feature", "geometry": { "type": "Point", "coordinates": [644493.100, 6858558.200, 40.000] }, "properties": {} },
    { "type": "Feature", "geometry": { "type": "Point", "coordinates": [644493.100, 6858558.400, 40.000] }, "properties": {} },
    { "type": "Feature", "geometry": { "type": "Point", "coordinates": [644493.100, 6858558.600, 40.000] }, "properties": {} },
    { "type": "Feature", "geometry": { "type": "Point", "coordinates": [644493.100, 6858558.800, 40.000] }, "properties": {} },
    { "type": "Feature", "geometry": { "type": "Point", "coordinates": [644493.100, 6858559.000, 40.000] }, "properties": {} },
    { "type": "Feature", "geometry": { "type": "Point", "coordinates": [644493.100, 6858559.200, 40.000] }, "properties": {} },
    { "type": "Feature", "geometry": { "type": "Point", "coordinates": [644493.100, 6858559.400, 40.000] }, "properties": {} },
    { "type": "Feature", "geometry": { "type": "Point", "coordinates": [644493.100, 6858559.600, 40.000] }, "properties": {} },
    { "type": "Feature", "geometry": { "type": "Point", "coordinates": [644493.100, 6858559.800, 40.000] }, "properties": {} },
    { "type": "Feature", "geometry": { "type": "Point", "coordinates": [644493.100, 6858560.000, 40.000] }, "properties": {} },
    { "type": "Feature", "geometry": { "type": "Point", "coordinates": [644493.100, 6858560.200, 40.000] }, "properties": {} },
    { "type": "Feature", "geometry": { "type": "Point", "coordinates": [644493.100, 6858560.400, 40.000] }, "properties": {} },
    { "type": "Feature", "geometry": { "type": "Point", "coordinates": [644493.100, 6858560.600, 40.000] }, "properties": {} },
    { "type": "Feature", "geometry": { "type": "Point", "coordinates": [644493.100, 6858560.800, 40.000] }, "properties": {} },
    { "type": "Feature", "geometry": { "type": "Point", "coordinates": [644493.100, 6858561.000, 40.000] }, "properties": {} },
    { "type": "Feature", "geometry": { "type": "Point", "coordinates": [644493.100, 6858561.200, 40.000] }, "properties": {} },
    { "type": "Feature", "geometry": { "type": "Point", "coordinates": [644493.100, 6858561.400, 40.000] }, "properties": {} },
    { "type": "Feature", "geometry": { "type": "Point", "coordinates": [644493.100, 6858561.600, 40.000] }, "properties": {} },
    { "type": "Feature", "geometry": { "type": "Point", "coordinates": [644493.100, 6858561.800, 40.000] }, "properties": {} },
    { "type": "Feature", "geometry": { "type": "Point", "coordinates": [644493.100, 6858562.000, 40.000] }, "properties": {} },
    { "type": "Feature", "geometry": { "type": "Point", "coordinates": [644493.100, 6858562.200, 40.000] }, "properties": {} },
    { "type": "Feature", "geometry": { "type": "Point", "coordinates": [644493.100, 6858562.400, 40.000] }, "properties": {} },
    { "type": "Feature", "geometry": { "type": "Point", "coordinates": [644493.100, 6858562.600, 40.000] }, "properties": {} },
    { "type": "Feature", "geometry": { "type": "Point", "coordinates": [644493.100, 6858562.800, 40.000] }, "properties": {} },
    { "type": "Feature", "geometry": { "type": "Point", "coordinates": [644493.100, 6858563.000, 40.000] }, "properties": {} },
    { "type": "Feature", "geometry": { "type": "Point", "coordinates": [644493.100, 6858563.200, 40.000] }, "properties": {} },
    { "type": "Feature", "geometry": { "type": "Point", "coordinates": [644493.100, 6858563.400, 40.000] }, "properties": {} },
    { "type": "Feature", "geometry": { "type": "Point", "coordinates": [644493.100, 6858563.600, 40.000] }, "properties": {} },
    { "type": "Feature", "geometry": { "type": "Point", "coordinates": [644493.100, 6858563.800, 40.000] }, "properties": {} },
    { "type": "Feature", "geometry": { "type": "Point", "coordinates": [644493.100, 6858564.000, 40.000] }, "properties": {} },
    { "type": "Feature", "geometry": { "type": "Point", "coordinates": [644493.100, 6858564.200, 40.000] }, "properties": {} },
    { "type": "Feature", "geometry": { "type": "Point", "coordinates": [644493.100, 6858564.400, 40.000] }, "properties": {} },
    { "type": "Feature", "geometry": { "type": "Point", "coordinates": [644493.100, 6858564.600, 40.000] }, "properties": {} },
    { "type": "Feature", "geometry": { "type": "Point", "coordinates": [644493.100, 6858564.800, 40.000] }, "properties": {} },
    { "type": "Feature", "geometry": { "type": "Point", "coordinates": [644493.100, 6858565.000, 40.000] }, "properties": {} },
    { "type": "Feature", "geometry": { "type": "Point", "coordinates": [644493.100, 6858565.200, 40.000] }, "properties": {} },
    { "type": "Feature", "geometry": { "type": "Point", "coordinates": [644493.100, 6858565.400, 40.000] }, "properties": {} },
    { "type": "Feature", "geometry": { "type": "Point", "coordinates": [644493.100, 6858565.600, 40.000] }, "properties": {} },
    { "type": "Feature", "geometry": { "type": "Point", "coordinates": [644493.100, 6858565.800, 40.000] }, "properties": {} },
    { "type": "Feature", "geometry": { "type": "Point", "coordinates": [644493.100, 6858566.000, 40.000] }, "properties": {} },
    { "type": "Feature", "geometry": { "type": "Point", "coordinates": [644493.100, 6858566.200, 40.000] }, "properties": {} },
    { "type": "Feature", "geometry": { "type": "Point", "coordinates": [644493.100, 6858566.400, 40.000] }, "properties": {} },
    { "type": "Feature", "geometry": { "type": "Point", "coordinates": [644493.100, 6858566.600, 40.000] }, "properties": {} },
    { "type": "Feature", "geometry": { "type": "Point", "coordinates": [644493.100, 6858566.800, 40.000] }, "properties": {} },
    { "type": "Feature", "geometry": { "type": "Point", "coordinates": [644493.100, 6858567.000, 40.000] }, "properties": {} },
    { "type": "Feature", "geometry": { "type": "Point", "coordinates": [644493.100, 6858567.200, 40.000] }, "properties": {} },
    { "type": "Feature", "geometry": { "type": "Point", "coordinates": [644493.100, 6858567.400, 40.000] }, "properties": {} },
    { "type": "Feature", "geometry": { "type": "Point", "coordinates": [644493.100, 6858567.600, 40.000] }, "properties": {} },
    { "type": "Feature", "geometry": { "type": "Point", "coordinates": [644493.100, 6858567.800, 40.000] }, "properties": {} },
    { "type": "Feature", "geometry": { "type": "Point", "coordinates": [644493.100, 6858568.000, 40.000] }, "properties": {} },
    { "type": "Feature", "geometry": { "type": "Point", "coordinates": [644493.100, 6858568.200, 40.000] }, "properties": {} },
    { "type": "Feature", "geometry": { "type": "Point", "coordinates": [644493.100, 6858568.400, 40.000] }, "properties": {} },
    { "type": "Feature", "geometry": { "type": "Point", "coordinates": [644493.100, 6858568.600, 40.000] }, "properties": {} },
    { "type": "Feature", "geometry": { "type": "Point", "coordinates": [644493.100, 6858568.800, 40.000] }, "properties": {} },
    { "type": "Feature", "geometry": { "type": "Point", "coordinates": [644493.100, 6858569.000, 40.000] }, "properties": {} },
    { "type": "Feature", "geometry": { "type": "Point", "coordinates": [644493.100, 6858569.200, 40.000] }, "properties": {} },
    { "type": "Feature", "geometry": { "type": "Point", "coordinates": [644493.100, 6858569.400, 40.000] }, "properties": {} },
    { "type": "Feature", "geometry": { "type": "Point", "coordinates": [644493.100, 6858569.600, 40.000] }, "properties": {} },
    { "type": "Feature", "geometry": { "type": "Point", "coordinates": [644493.100, 6858569.800, 40.000] }, "properties": {} },
    { "type": "Feature", "geometry": { "type": "Point", "coordinates": [644493.100, 6858570.000, 40.000] }, "properties": {} },
    { "type": "Feature", "geometry": { "type": "Point", "coordinates": [644493.100, 6858570.200, 40.000] }, "properties": {} },
    { "type": "Feature", "geometry": { "type": "Point", "coordinates": [644493.100, 6858570.400, 40.000] }, "properties": {} },
    { "type": "Feature", "geometry": { "type": "Point", "coordinates": [644493.100, 6858570.600, 40.000] }, "properties": {} },
    { "type": "Feature", "geometry": { "type": "Point", "coordinates": [644493.100, 6858570.800, 40.000] }, "properties": {} },
    { "type": "Feature", "geometry": { "type": "Point", "coordinates": [644493.100, 6858571.000, 40.000] }, "properties": {} },
    { "type": "Feature", "geometry": { "type": "Point", "coordinates": [644493.100, 6858571.200, 40.000] }, "properties": {} },
    { "type": "Feature", "geometry": { "type": "Point", "coordinates": [644493.100, 6858571.400, 40.000] }, "properties": {} },
    { "type": "Feature", "geometry": { "type": "Point", "coordinates": [644493.100, 6858571.600, 40.000] }, "properties": {} },
    { "type": "Feature", "geometry": { "type": "Point", "coordinates": [644493.100, 6858571.800, 40.000] }, "properties": {} },
    { "type": "Feature", "geometry": { "type": "Point", "coordinates": [644493.100, 6858572.000, 40.000] }, "properties": {} },
    { "type": "Feature", "geometry": { "type": "Point", "coordinates": [644493.100, 6858572.200, 40.000] }, "properties": {} },
    { "type": "Feature", "geometry": { "type": "Point", "coordinates": [644493.100, 6858572.400, 40.000] }, "properties": {} },
    { "type": "Feature", "geometry": { "type": "Point", "coordinates": [644493.100, 6858572.600, 40.000] }, "properties": {} },
    { "type": "Feature", "geometry": { "type": "Point", "coordinates": [644493.100, 6858572.800, 40.000] }, "properties": {} },
    { "type": "Feature", "geometry": { "type": "Point", "coordinates": [644493.100, 6858573.000, 40.000] }, "properties": {} },
    { "type": "Feature", "geometry": { "type": "Point", "coordinates": [644493.100, 6858573.200, 40.000] }, "properties": {} },
    { "type": "Feature", "geometry": { "type": "Point", "coordinates": [644493.100, 6858573.400, 40.000] }, "properties": {} },
    { "type": "Feature", "geometry": { "type": "Point", "coordinates": [644493.100, 6858573.600, 40.000] }, "properties": {} },
    { "type": "Feature", "geometry": { "type": "Point", "coordinates": [644493.100, 6858573.800, 40.000] }, "properties": {} },
    { "type": "Feature", "geometry": { "type": "Point", "coordinates": [644493.100, 6858574.000, 40.000] }, "properties": {} },
    { "type": "Feature", "geometry": { "type": "Point", "coordinates": [644493.100, 6858574.200, 40.000] }, "properties": {} },
    { "type": "Feature", "geometry": { "type": "Point", "coordinates": [644493.100, 6858574.400, 40.000] }, "properties": {} },
    { "type": "Feature", "geometry": { "type": "Point", "coordinates": [644493.100, 6858574.600, 40.000] }, "properties": {} },
    { "type": "Feature", "geometry": { "type": "Point", "coordinates": [644493.100, 6858574.800, 40.000] }, "properties": {} },
    { "type": "Feature", "geometry": { "type": "Point", "coordinates": [644493.100, 6858575.000, 40.000] }, "properties": {} },
    { "type": "Feature", "geometry": { "type": "Point", "coordinates": [644493.100, 6858575.200, 40.000] }, "properties": {} },
    { "type": "Feature", "geometry": { "type": "Point", "coordinates": [644493.100, 6858575.400, 40.000] }, "properties": {} },
    { "type": "Feature", "geometry": { "type": "Point", "coordinates": [644493.100, 6858575.600, 40.000] }, "properties": {} },
    { "type": "Feature", "geometry": { "type": "Point", "coordinates": [644493.100, 6858575.800, 40.000] }, "properties": {} },
    { "type": "Feature", "geometry": { "type": "Point", "coordinates": [644493.100, 6858576.000, 40.000] }, "properties": {} },
    { "type": "Feature", "geometry": { "type": "Point", "coordinates": [644493.100, 6858576.200, 40.000] }, "properties": {} },
    { "type": "Feature", "geometry": { "type": "Point", "coordinates": [644493.100, 6858576.400, 40.000] }, "properties": {} },
    { "type": "Feature", "geometry": { "type": "Point", "coordinates": [644493.100, 6858576.600, 40.000] }, "properties": {} },
    { "type": "Feature", "geometry": { "type": "Point", "coordinates": [644493.100, 6858576.800, 40.000] }, "properties": {} },
    { "type": "Feature", "geometry": { "type": "Point", "coordinates": [644493.100, 6858577.000, 40.000] }, "properties": {} },
    { "type": "Feature", "geometry": { "type": "Point", "coordinates": [644493.100, 6858577.200, 40.000] }, "properties": {} },
    { "type": "Feature", "geometry": { "type": "Point", "coordinates": [644493.100, 6858577.400, 40.000] }, "properties": {} },
    { "type": "Feature", "geometry": { "type": "Point", "coordinates": [644493.100, 6858577.600, 40.000] }, "properties": {} },
    { "type": "Feature", "geometry": { "type": "Point", "coordinates": [644493.100, 6858577.800, 40.000] }, "properties": {} },
    { "type": "Feature", "geometry": { "type": "Point", "coordinates": [644493.100, 6858578.000, 40.000] }, "properties": {} },
    { "type": "Feature", "geometry": { "type": "Point", "coordinates": [644493.100, 6858578.200, 40.000] }, "properties": {} },
    { "type": "Feature", "geometry": { "type": "Point", "coordinates": [644493.100, 6858578.400, 40.000] }, "properties": {} },
    { "type": "Feature", "geometry": { "type": "Point", "coordinates": [644493.100, 6858578.600, 40.000] }, "properties": {} },
    { "type": "Feature", "geometry": { "type": "Point", "coordinates": [644493.100, 6858578.800, 40.000] }, "properties": {} },
    { "type": "Feature", "geometry": { "type": "Point", "coordinates": [644493.100, 6858579.000, 40.000] }, "properties": {} },
    { "type": "Feature", "geometry": { "type": "Point", "coordinates": [644493.100, 6858579.200, 40.000] }, "properties": {} },
    { "type": "Feature", "geometry": { "type": "Point", "coordinates": [644493.100, 6858579.400, 40.000] }, "properties": {} },
    { "type": "Feature", "geometry": { "type": "Point", "coordinates": [644493.100, 6858579.600, 40.000] }, "properties": {} },
    { "type": "Feature", "geometry": { "type": "Point", "coordinates": [644493.100, 6858579.800, 40.000] }, "properties": {} },
    { "type": "Feature", "geometry": { "type": "Point", "coordinates": [644493.100, 6858580.000, 40.000] }, "properties": {} },
    { "type": "Feature", "geometry": { "type": "Point", "coordinates": [644493.100, 6858580.200, 40.000] }, "properties": {} },
    { "type": "Feature", "geometry": { "type": "Point", "coordinates": [644493.100, 6858580.400, 40.000] }, "properties": {} },
    { "type": "Feature", "geometry": { "type": "Point", "coordinates": [644493.100, 6858580.600, 40.000] }, "properties": {} },
    { "type": "Feature", "geometry": { "type": "Point", "coordinates": [644493.100, 6858580.800, 40.000] }, "properties": {} },
    { "type": "Feature", "geometry": { "type": "Point", "coordinates": [644493.100, 6858581.000, 40.000] }, "properties": {} },
    { "type": "Feature", "geometry": { "type": "Point", "coordinates": [644493.100, 6858581.200, 40.000] }, "properties": {} },
    { "type": "Feature", "geometry": { "type": "Point", "coordinates": [644493.100, 6858581.400, 40.000] }, "properties": {} },
    { "type": "Feature", "geometry": { "type": "Point", "coordinates": [644493.100, 6858581.600, 40.000] }, "properties": {} },
    { "type": "Feature", "geometry": { "type": "Point", "coordinates": [644493.100, 6858581.800, 40.000] }, "properties": {} },
    { "type": "Feature", "geometry": { "type": "Point", "coordinates": [644493.100, 6858582.000, 40.000] }, "properties": {} },
    { "type": "Feature", "geometry": { "type": "Point", "coordinates": [644493.100, 6858582.200, 40.000] }, "properties": {} },
    { "type": "Feature", "geometry": { "type": "Point", "coordinates": [644493.100, 6858582.400, 40.000] }, "properties": {} },
    { "type": "Feature", "geometry": { "type": "Point", "coordinates": [644493.100, 6858582.600, 40.000] }, "properties": {} },
    { "type": "Feature", "geometry": { "type": "Point", "coordinates": [644493.100, 6858582.800, 40.000] }, "properties": {} },
    { "type": "Feature", "geometry": { "type": "Point", "coordinates": [644493.100, 6858583.000, 40.000] }, "properties": {} },
    { "type": "Feature", "geometry": { "type": "Point", "coordinates": [644493.100, 6858583.200, 40.000] }, "properties": {} },
    { "type": "Feature", "geometry": { "type": "Point", "coordinates": [644493.100, 6858583.400, 40.000] }, "properties": {} },
    { "type": "Feature", "geometry": { "type": "Point", "coordinates": [644493.100, 6858583.600, 40.000] }, "properties": {} },
    { "type": "Feature", "geometry": { "type": "Point", "coordinates": [644493.100, 6858583.800, 40.000] }, "properties": {} },
    { "type": "Feature", "geometry": { "type": "Point", "coordinates": [644493.100, 6858584.000, 40.000] }, "properties": {} },
    { "type": "Feature", "geometry": { "type": "Point", "coordinates": [644493.100, 6858584.200, 40.000] }, "properties": {} },
    { "type": "Feature", "geometry": { "type": "Point", "coordinates": [644493.100, 6858584.400, 40.000] }, "properties": {} },
    { "type": "Feature", "geometry": { "type": "Point", "coordinates": [644493.100, 6858584.600, 40.000] }, "properties": {} },
    { "type": "Feature", "geometry": { "type": "Point", "coordinates": [644493.100, 6858584.800, 40.000] }, "properties": {} },
    { "type": "Feature", "geometry": { "type": "Point", "coordinates": [644493.100, 6858585.000, 40.000] }, "properties": {} },
    { "type": "Feature", "geometry": { "type": "Point", "coordinates": [644493.100, 6858585.200, 40.000] }, "properties": {} },
    { "type": "Feature", "geometry": { "type": "Point", "coordinates": [644493.100, 6858585.400, 40.000] }, "properties": {} },
    { "type": "Feature", "geometry": { "type": "Point", "coordinates": [644493.100, 6858585.600, 40.000] }, "properties": {} },
    { "type": "Feature", "geometry": { "type": "Point", "coordinates": [644493.100, 6858585.800, 40.000] }, "properties": {} },
    { "type": "Feature", "geometry": { "type": "Point", "coordinates": [644493.100, 6858586.000, 40.000] }, "properties": {} },
    { "type": "Feature", "geometry": { "type": "Point", "coordinates": [644493.100, 6858586.200, 40.000] }, "properties": {} },
    { "type": "Feature", "geometry": { "type": "Point", "coordinates": [644493.100, 6858586.400, 40.000] }, "properties": {} },
    { "type": "Feature", "geometry": { "type": "Point", "coordinates": [644493.100, 6858586.600, 40.000] }, "properties": {} },
    { "type": "Feature", "geometry": { "type": "Point", "coordinates": [644493.100, 6858586.800, 40.000] }, "properties": {} },
    { "type": "Feature", "geometry": { "type": "Point", "coordinates": [644493.100, 6858587.000, 40.000] }, "properties": {} },
    { "type": "Feature", "geometry": { "type": "Point", "coordinates": [644493.100, 6858587.200, 40.000] }, "properties": {} },
    { "type": "Feature", "geometry": { "type": "Point", "coordinates": [644493.100, 6858587.400, 40.000] }, "properties": {} },
    { "type": "Feature", "geometry": { "type": "Point", "coordinates": [644493.100, 6858587.600, 40.000] }, "properties": {} },
    { "type": "Feature", "geometry": { "type": "Point", "coordinates": [644493.100, 6858587.800, 40.000] }, "properties": {} },
    { "type": "Feature", "geometry": { "type": "Point", "coordinates": [644493.100, 6858588.000, 40.000] }, "properties": {} },
    { "type": "Feature", "geometry": { "type": "Point", "coordinates": [644493.100, 6858588.200, 40.000] }, "properties": {} },
    { "type": "Feature", "geometry": { "type": "Point", "coordinates": [644493.100, 6858588.400, 40.000] }, "properties": {} },
    { "type": "Feature", "geometry": { "type": "Point", "coordinates": [644493.100, 6858588.600, 40.000] }, "properties": {} },
    { "type": "Feature", "geometry": { "type": "Point", "coordinates": [644493.100, 6858588.800, 40.000] }, "properties": {} },
    { "type": "Feature", "geometry": { "type": "Point", "coordinates": [644493.100, 6858589.000, 40.000] }, "properties": {} },
    { "type": "Feature", "geometry": { "type": "Point", "coordinates": [644493.100, 6858589.200, 40.000] }, "properties": {} },
    { "type": "Feature", "geometry": { "type": "Point", "coordinates": [644493.100, 6858589.400, 40.000] }, "properties": {} },
    { "type": "Feature", "geometry": { "type": "Point", "coordinates": [644493.100, 6858589.600, 40.000] }, "properties": {} },
    { "type": "Feature", "geometry": { "type": "Point", "coordinates": [644493.100, 6858589.800, 40.000] }, "properties": {} },
    { "type": "Feature", "geometry": { "type": "Point", "coordinates": [644493.100, 6858590.000, 40.000] }, "properties": {} },
    { "type": "Feature", "geometry": { "type": "Point", "coordinates": [644493.100, 6858590.200, 40.000] }, "properties": {} },
    { "type": "Feature", "geometry": { "type": "Point", "coordinates": [644493.100, 6858590.400, 40.000] }, "properties": {} },
    { "type": "Feature", "geometry": { "type": "Point", "coordinates": [644493.100, 6858590.600, 40.000] }, "properties": {} },
    { "type": "Feature", "geometry": { "type": "Point", "coordinates": [644493.100, 6858590.800, 40.000] }, "properties": {} },
    { "type": "Feature", "geometry": { "type": "Point", "coordinates": [644493.100, 6858591.000, 40.000] }, "properties": {} },
    { "type": "Feature", "geometry": { "type": "Point", "coordinates": [644493.100, 6858591.200, 40.000] }, "properties": {} },
    { "type": "Feature", "geometry": { "type": "Point", "coordinates": [644493.100, 6858591.400, 40.000] }, "properties": {} },
    { "type": "Feature", "geometry": { "type": "Point", "coordinates": [644493.100, 6858591.600, 40.000] }, "properties": {} },
    { "type": "Feature", "geometry": { "type": "Point", "coordinates": [644493.100, 6858591.800, 40.000] }, "properties": {} },
    { "type": "Feature", "geometry": { "type": "Point", "coordinates": [644495.100, 6858552.000, 45.000] }, "properties": {} },
    { "type": "Feature", "geometry": { "type": "Point", "coordinates": [644495.100, 6858552.200, 45.000] }, "properties": {} },
    { "type": "Feature", "geometry": { "type": "Point", "coordinates": [644495.100, 6858552.400, 45.000] }, "properties": {} },
    { "type": "Feature", "geometry": { "type": "Point", "coordinates": [644495.100, 6858552.600, 45.000] }, "properties": {} },
    { "type": "Feature", "geometry": { "type": "Point", "coordinates": [644495.100, 6858552.800, 45.000] }, "properties": {} },
    { "type": "Feature", "geometry": { "type": "Point", "coordinates": [644495.100, 6858553.000, 45.000] }, "properties": {} },
    { "type": "Feature", "geometry": { "type": "Point", "coordinates": [644495.100, 6858553.200, 45.000] }, "properties": {} },
    { "type": "Feature", "geometry": { "type": "Point", "coordinates": [644495.100, 6858553.400, 45.000] }, "properties": {} },
    { "type": "Feature", "geometry": { "type": "Point", "coordinates": [644495.100, 6858553.600, 45.000] }, "properties": {} },
    { "type": "Feature", "geometry": { "type": "Point", "coordinates": [644495.100, 6858553.800, 45.000] }, "properties": {} },
    { "type": "Feature", "geometry": { "type": "Point", "coordinates": [644495.100, 6858554.000, 45.000] }, "properties": {} },
    { "type": "Feature", "geometry": { "type": "Point", "coordinates": [644495.100, 6858554.200, 45.000] }, "properties": {} },
    { "type": "Feature", "geometry": { "type": "Point", "coordinates": [644495.100, 6858554.400, 45.000] }, "properties": {} },
    { "type": "Feature", "geometry": { "type": "Point", "coordinates": [644495.100, 6858554.600, 45.000] }, "properties": {} },
    { "type": "Feature", "geometry": { "type": "Point", "coordinates": [644495.100, 6858554.800, 45.000] }, "properties": {} },
    { "type": "Feature", "geometry": { "type": "Point", "coordinates": [644495.100, 6858555.000, 45.000] }, "properties": {} },
    { "type": "Feature", "geometry": { "type": "Point", "coordinates": [644495.100, 6858555.200, 45.000] }, "properties": {} },
    { "type": "Feature", "geometry": { "type": "Point", "coordinates": [644495.100, 6858555.400, 45.000] }, "properties": {} },
    { "type": "Feature", "geometry": { "type": "Point", "coordinates": [644495.100, 6858555.600, 45.000] }, "properties": {} },
    { "type": "Feature", "geometry": { "type": "Point", "coordinates": [644495.100, 6858555.800, 45.000] }, "properties": {} },
    { "type": "Feature", "geometry": { "type": "Point", "coordinates": [644495.100, 6858556.000, 45.000] }, "properties": {} },
    { "type": "Feature", "geometry": { "type": "Point", "coordinates": [644495.100, 6858556.200, 45.000] }, "properties": {} },
    { "type": "Feature", "geometry": { "type": "Point", "coordinates": [644495.100, 6858556.400, 45.000] }, "properties": {} },
    { "type": "Feature", "geometry": { "type": "Point", "coordinates": [644495.100, 6858556.600, 45.000] }, "properties": {} },
    { "type": "Feature", "geometry": { "type": "Point", "coordinates": [644495.100, 6858556.800, 45.000] }, "properties": {} },
    { "type": "Feature", "geometry": { "type": "Point", "coordinates": [644495.100, 6858557.000, 45.000] }, "properties": {} },
    { "type": "Feature", "geometry": { "type": "Point", "coordinates": [644495.100, 6858557.200, 45.000] }, "properties": {} },
    { "type": "Feature", "geometry": { "type": "Point", "coordinates": [644495.100, 6858557.400, 45.000] }, "properties": {} },
    { "type": "Feature", "geometry": { "type": "Point", "coordinates": [644495.100, 6858557.600, 45.000] }, "properties": {} },
    { "type": "Feature", "geometry": { "type": "Point", "coordinates": [644495.100, 6858557.800, 45.000] }, "properties": {} },
    { "type": "Feature", "geometry": { "type": "Point", "coordinates": [644495.100, 6858558.000, 45.000] }, "properties": {} },
    { "type": "Feature", "geometry": { "type": "Point", "coordinates": [644495.100, 6858558.200, 45.000] }, "properties": {} },
    { "type": "Feature", "geometry": { "type": "Point", "coordinates": [644495.100, 6858558.400, 45.000] }, "properties": {} },
    { "type": "Feature", "geometry": { "type": "Point", "coordinates": [644495.100, 6858558.600, 45.000] }, "properties": {} },
    { "type": "Feature", "geometry": { "type": "Point", "coordinates": [644495.100, 6858558.800, 45.000] }, "properties": {} },
    { "type": "Feature", "geometry": { "type": "Point", "coordinates": [644495.100, 6858559.000, 45.000] }, "properties": {} },
    { "type": "Feature", "geometry": { "type": "Point", "coordinates": [644495.100, 6858559.200, 45.000] }, "properties": {} },
    { "type": "Feature", "geometry": { "type": "Point", "coordinates": [644495.100, 6858559.400, 45.000] }, "properties": {} },
    { "type": "Feature", "geometry": { "type": "Point", "coordinates": [644495.100, 6858559.600, 45.000] }, "properties": {} },
    { "type": "Feature", "geometry": { "type": "Point", "coordinates": [644495.100, 6858559.800, 45.000] }, "properties": {} },
    { "type": "Feature", "geometry": { "type": "Point", "coordinates": [644495.100, 6858560.000, 45.000] }, "properties": {} },
    { "type": "Feature", "geometry": { "type": "Point", "coordinates": [644495.100, 6858560.200, 45.000] }, "properties": {} },
    { "type": "Feature", "geometry": { "type": "Point", "coordinates": [644495.100, 6858560.400, 45.000] }, "properties": {} },
    { "type": "Feature", "geometry": { "type": "Point", "coordinates": [644495.100, 6858560.600, 45.000] }, "properties": {} },
    { "type": "Feature", "geometry": { "type": "Point", "coordinates": [644495.100, 6858560.800, 45.000] }, "properties": {} },
    { "type": "Feature", "geometry": { "type": "Point", "coordinates": [644495.100, 6858561.000, 45.000] }, "properties": {} },
    { "type": "Feature", "geometry": { "type": "Point", "coordinates": [644495.100, 6858561.200, 45.000] }, "properties": {} },
    { "type": "Feature", "geometry": { "type": "Point", "coordinates": [644495.100, 6858561.400, 45.000] }, "properties": {} },
    { "type": "Feature", "geometry": { "type": "Point", "coordinates": [644495.100, 6858561.600, 45.000] }, "properties": {} },
    { "type": "Feature", "geometry": { "type": "Point", "coordinates": [644495.100, 6858561.800, 45.000] }, "properties": {} },
    { "type": "Feature", "geometry": { "type": "Point", "coordinates": [644495.100, 6858562.000, 45.000] }, "properties": {} },
    { "type": "Feature", "geometry": { "type": "Point", "coordinates": [644495.100, 6858562.200, 45.600] }, "properties": {} },
    { "type": "Feature", "geometry": { "type": "Point", "coordinates": [644495.100, 6858562.400, 46.200] }, "properties": {} },
    { "type": "Feature", "geometry": { "type": "Point", "coordinates": [644495.100, 6858562.600, 46.800] }, "properties": {} },
    { "type": "Feature", "geometry": { "type": "Point", "coordinates": [644495.100, 6858562.800, 47.400] }, "properties": {} },
    { "type": "Feature", "geometry": { "type": "Point", "coordinates": [644495.100, 6858563.000, 48.000] }, "properties": {} },
    { "type": "Feature", "geometry": { "type": "Point", "coordinates": [644495.100, 6858563.200, 48.600] }, "properties": {} },
    { "type": "Feature", "geometry": { "type": "Point", "coordinates": [644495.100, 6858563.400, 49.200] }, "properties": {} },
    { "type": "Feature", "geometry": { "type": "Point", "coordinates": [644495.100, 6858563.600, 49.800] }, "properties": {} },
    { "type": "Feature", "geometry": { "type": "Point", "coordinates": [644495.100, 6858563.800, 50.400] }, "properties": {} },
    { "type": "Feature", "geometry": { "type": "Point", "coordinates": [644495.100, 6858564.000, 51.000] }, "properties": {} },
    { "type": "Feature", "geometry": { "type": "Point", "coordinates": [644495.100, 6858564.200, 51.600] }, "properties": {} },
    { "type": "Feature", "geometry": { "type": "Point", "coordinates": [644495.100, 6858564.400, 52.200] }, "properties": {} },
    { "type": "Feature", "geometry": { "type": "Point", "coordinates": [644495.100, 6858564.600, 52.800] }, "properties": {} },
    { "type": "Feature", "geometry": { "type": "Point", "coordinates": [644495.100, 6858564.800, 53.400] }, "properties": {} },
    { "type": "Feature", "geometry": { "type": "Point", "coordinates": [644495.100, 6858565.000, 54.000] }, "properties": {} },
    { "type": "Feature", "geometry": { "type": "Point", "coordinates": [644495.100, 6858565.200, 54.600] }, "properties": {} },
    { "type": "Feature", "geometry": { "type": "Point", "coordinates": [644495.100, 6858565.400, 55.200] }, "properties": {} },
    { "type": "Feature", "geometry": { "type": "Point", "coordinates": [644495.100, 6858565.600, 55.800] }, "properties": {} },
    { "type": "Feature", "geometry": { "type": "Point", "coordinates": [644495.100, 6858565.800, 56.400] }, "properties": {} },
    { "type": "Feature", "geometry": { "type": "Point", "coordinates": [644495.100, 6858566.000, 57.000] }, "properties": {} },
    { "type": "Feature", "geometry": { "type": "Point", "coordinates": [644495.100, 6858566.200, 57.600] }, "properties": {} },
    { "type": "Feature", "geometry": { "type": "Point", "coordinates": [644495.100, 6858566.400, 58.200] }, "properties": {} },
    { "type": "Feature", "geometry": { "type": "Point", "coordinates": [644495.100, 6858566.600, 58.800] }, "properties": {} },
    { "type": "Feature", "geometry": { "type": "Point", "coordinates": [644495.100, 6858566.800, 59.400] }, "properties": {} },
    { "type": "Feature", "geometry": { "type": "Point", "coordinates": [644495.100, 6858567.000, 60.000] }, "properties": {} },
    { "type": "Feature", "geometry": { "type": "Point", "coordinates": [644495.100, 6858567.200, 60.600] }, "properties": {} },
    { "type": "Feature", "geometry": { "type": "Point", "coordinates": [644495.100, 6858567.400, 61.200] }, "properties": {} },
    { "type": "Feature", "geometry": { "type": "Point", "coordinates": [644495.100, 6858567.600, 61.800] }, "properties": {} },
    { "type": "Feature", "geometry": { "type": "Point", "coordinates": [644495.100, 6858567.800, 62.400] }, "properties": {} },
    { "type": "Feature", "geometry": { "type": "Point", "coordinates": [644495.100, 6858568.000, 63.000] }, "properties": {} },
    { "type": "Feature", "geometry": { "type": "Point", "coordinates": [644495.100, 6858568.200, 63.600] }, "properties": {} },
    { "type": "Feature", "geometry": { "type": "Point", "coordinates": [644495.100, 6858568.400, 64.200] }, "properties": {} },
    { "type": "Feature", "geometry": { "type": "Point", "coordinates": [644495.100, 6858568.600, 64.800] }, "properties": {} },
    { "type": "Feature", "geometry": { "type": "Point", "coordinates": [644495.100, 6858568.800, 65.400] }, "properties": {} },
    { "type": "Feature", "geometry": { "type": "Point", "coordinates": [644495.100, 6858569.000, 66.000] }, "properties": {} },
    { "type": "Feature", "geometry": { "type": "Point", "coordinates": [644495.100, 6858569.200, 66.600] }, "properties": {} },
    { "type": "Feature", "geometry": { "type": "Point", "coordinates": [644495.100, 6858569.400, 67.200] }, "properties": {} },
    { "type": "Feature", "geometry": { "type": "Point", "coordinates": [644495.100, 6858569.600, 67.800] }, "properties": {} },
    { "type": "Feature", "geometry": { "type": "Point", "coordinates": [644495.100, 6858569.800, 68.400] }, "properties": {} },
    { "type": "Feature", "geometry": { "type": "Point", "coordinates": [644495.100, 6858570.000, 69.000] }, "properties": {} },
    { "type": "Feature", "geometry": { "type": "Point", "coordinates": [644495.100, 6858570.200, 69.600] }, "properties": {} },
    { "type": "Feature", "geometry": { "type": "Point", "coordinates": [644495.100, 6858570.400, 70.200] }, "properties": {} },
    { "type": "Feature", "geometry": { "type": "Point", "coordinates": [644495.100, 6858570.600, 70.800] }, "properties": {} },
    { "type": "Feature", "geometry": { "type": "Point", "coordinates": [644495.100, 6858570.800, 71.400] }, "properties": {} },
    { "type": "Feature", "geometry": { "type": "Point", "coordinates": [644495.100, 6858571.000, 72.000] }, "properties": {} },
    { "type": "Feature", "geometry": { "type": "Point", "coordinates": [644495.100, 6858571.200, 72.600] }, "properties": {} },
    { "type": "Feature", "geometry": { "type": "Point", "coordinates": [644495.100, 6858571.400, 73.200] }, "properties": {} },
    { "type": "Feature", "geometry": { "type": "Point", "coordinates": [644495.100, 6858571.600, 73.800] }, "properties": {} },
    { "type": "Feature", "geometry": { "type": "Point", "coordinates": [644495.100, 6858571.800, 74.400] }, "properties": {} },
    { "type": "Feature", "geometry": { "type": "Point", "coordinates": [644495.100, 6858572.000, 75.000] }, "properties": {} },
    { "type": "Feature", "geometry": { "type": "Point", "coordinates": [644495.100, 6858572.200, 74.400] }, "properties": {} },
    { "type": "Feature", "geometry": { "type": "Point", "coordinates": [644495.100, 6858572.400, 73.800] }, "properties": {} },
    { "type": "Feature", "geometry": { "type": "Point", "coordinates": [644495.100, 6858572.600, 73.200] }, "properties": {} },
    { "type": "Feature", "geometry": { "type": "Point", "coordinates": [644495.100, 6858572.800, 72.600] }, "properties": {} },
    { "type": "Feature", "geometry": { "type": "Point", "coordinates": [644495.100, 6858573.000, 72.000] }, "properties": {} },
    { "type": "Feature", "geometry": { "type": "Point", "coordinates": [644495.100, 6858573.200, 71.400] }, "properties": {} },
    { "type": "Feature", "geometry": { "type": "Point", "coordinates": [644495.100, 6858573.400, 70.800] }, "properties": {} },
    { "type": "Feature", "geometry": { "type": "Point", "coordinates": [644495.100, 6858573.600, 70.200] }, "properties": {} },
    { "type": "Feature", "geometry": { "type": "Point", "coordinates": [644495.100, 6858573.800, 69.600] }, "properties": {} },
    { "type": "Feature", "geometry": { "type": "Point", "coordinates": [644495.100, 6858574.000, 69.000] }, "properties": {} },
    { "type": "Feature", "geometry": { "type": "Point", "coordinates": [644495.100, 6858574.200, 68.400] }, "properties": {} },
    { "type": "Feature", "geometry": { "type": "Point", "coordinates": [644495.100, 6858574.400, 67.800] }, "properties": {} },
    { "type": "Feature", "geometry": { "type": "Point", "coordinates": [644495.100, 6858574.600, 67.200] }, "properties": {} },
    { "type": "Feature", "geometry": { "type": "Point", "coordinates": [644495.100, 6858574.800, 66.600] }, "properties": {} },
    { "type": "Feature", "geometry": { "type": "Point", "coordinates": [644495.100, 6858575.000, 66.000] }, "properties": {} },
    { "type": "Feature", "geometry": { "type": "Point", "coordinates": [644495.100, 6858575.200, 65.400] }, "properties": {} },
    { "type": "Feature", "geometry": { "type": "Point", "coordinates": [644495.100, 6858575.400, 64.800] }, "properties": {} },
    { "type": "Feature", "geometry": { "type": "Point", "coordinates": [644495.100, 6858575.600, 64.200] }, "properties": {} },
    { "type": "Feature", "geometry": { "type": "Point", "coordinates": [644495.100, 6858575.800, 63.600] }, "properties": {} },
    { "type": "Feature", "geometry": { "type": "Point", "coordinates": [644495.100, 6858576.000, 63.000] }, "properties": {} },
    { "type": "Feature", "geometry": { "type": "Point", "coordinates": [644495.100, 6858576.200, 62.400] }, "properties": {} },
    { "type": "Feature", "geometry": { "type": "Point", "coordinates": [644495.100, 6858576.400, 61.800] }, "properties": {} },
    { "type": "Feature", "geometry": { "type": "Point", "coordinates": [644495.100, 6858576.600, 61.200] }, "properties": {} },
    { "type": "Feature", "geometry": { "type": "Point", "coordinates": [644495.100, 6858576.800, 60.600] }, "properties": {} },
    { "type": "Feature", "geometry": { "type": "Point", "coordinates": [644495.100, 6858577.000, 60.000] }, "properties": {} },
    { "type": "Feature", "geometry": { "type": "Point", "coordinates": [644495.100, 6858577.200, 59.400] }, "properties": {} },
    { "type": "Feature", "geometry": { "type": "Point", "coordinates": [644495.100, 6858577.400, 58.800] }, "properties": {} },
    { "type": "Feature", "geometry": { "type": "Point", "coordinates": [644495.100, 6858577.600, 58.200] }, "properties": {} },
    { "type": "Feature", "geometry": { "type": "Point", "coordinates": [644495.100, 6858577.800, 57.600] }, "properties": {} },
    { "type": "Feature", "geometry": { "type": "Point", "coordinates": [644495.100, 6858578.000, 57.000] }, "properties": {} },
    { "type": "Feature", "geometry": { "type": "Point", "coordinates": [644495.100, 6858578.200, 56.400] }, "properties": {} },
    { "type": "Feature", "geometry": { "type": "Point", "coordinates": [644495.100, 6858578.400, 55.800] }, "properties": {} },
    { "type": "Feature", "geometry": { "type": "Point", "coordinates": [644495.100, 6858578.600, 55.200] }, "properties": {} },
    { "type": "Feature", "geometry": { "type": "Point", "coordinates": [644495.100, 6858578.800, 54.600] }, "properties": {} },
    { "type": "Feature", "geometry": { "type": "Point", "coordinates": [644495.100, 6858579.000, 54.000] }, "properties": {} },
    { "type": "Feature", "geometry": { "type": "Point", "coordinates": [644495.100, 6858579.200, 53.400] }, "properties": {} },
    { "type": "Feature", "geometry": { "type": "Point", "coordinates": [644495.100, 6858579.400, 52.800] }, "properties": {} },
    { "type": "Feature", "geometry": { "type": "Point", "coordinates": [644495.100, 6858579.600, 52.200] }, "properties": {} },
    { "type": "Feature", "geometry": { "type": "Point", "coordinates": [644495.100, 6858579.800, 51.600] }, "properties": {} },
    { "type": "Feature", "geometry": { "type": "Point", "coordinates": [644495.100, 6858580.000, 51.000] }, "properties": {} },
    { "type": "Feature", "geometry": { "type": "Point", "coordinates": [644495.100, 6858580.200, 50.400] }, "properties": {} },
    { "type": "Feature", "geometry": { "type": "Point", "coordinates": [644495.100, 6858580.400, 49.800] }, "properties": {} },
    { "type": "Feature", "geometry": { "type": "Point", "coordinates": [644495.100, 6858580.600, 49.200] }, "properties": {} },
    { "type": "Feature", "geometry": { "type": "Point", "coordinates": [644495.100, 6858580.800, 48.600] }, "properties": {} },
    { "type": "Feature", "geometry": { "type": "Point", "coordinates": [644495.100, 6858581.000, 48.000] }, "properties": {} },
    { "type": "Feature", "geometry": { "type": "Point", "coordinates": [644495.100, 6858581.200, 47.400] }, "properties": {} },
    { "type": "Feature", "geometry": { "type": "Point", "coordinates": [644495.100, 6858581.400, 46.800] }, "properties": {} },
    { "type": "Feature", "geometry": { "type": "Point", "coordinates": [644495.100, 6858581.600, 46.200] }, "properties": {} },
    { "type": "Feature", "geometry": { "type": "Point", "coordinates": [644495.100, 6858581.800, 45.600] }, "properties": {} },
    { "type": "Feature", "geometry": { "type": "Point", "coordinates": [644495.100, 6858552.000, 40.000] }, "properties": {} },
    { "type": "Feature", "geometry": { "type": "Point", "coordinates": [644495.100, 6858552.200, 40.000] }, "properties": {} },
    { "type": "Feature", "geometry": { "type": "Point", "coordinates": [644495.100, 6858552.400, 40.000] }, "properties": {} },
    { "type": "Feature", "geometry": { "type": "Point", "coordinates": [644495.100, 6858552.600, 40.000] }, "properties": {} },
    { "type": "Feature", "geometry": { "type": "Point", "coordinates": [644495.100, 6858552.800, 40.000] }, "properties": {} },
    { "type": "Feature", "geometry": { "type": "Point", "coordinates": [644495.100, 6858553.000, 40.000] }, "properties": {} },
    { "type": "Feature", "geometry": { "type": "Point", "coordinates": [644495.100, 6858553.200, 40.000] }, "properties": {} },
    { "type": "Feature", "geometry": { "type": "Point", "coordinates": [644495.100, 6858553.400, 40.000] }, "properties": {} },
    { "type": "Feature", "geometry": { "type": "Point", "coordinates": [644495.100, 6858553.600, 40.000] }, "properties": {} },
    { "type": "Feature", "geometry": { "type": "Point", "coordinates": [644495.100, 6858553.800, 40.000] }, "properties": {} },
    { "type": "Feature", "geometry": { "type": "Point", "coordinates": [644495.100, 6858554.000, 40.000] }, "properties": {} },
    { "type": "Feature", "geometry": { "type": "Point", "coordinates": [644495.100, 6858554.200, 40.000] }, "properties": {} },
    { "type": "Feature", "geometry": { "type": "Point", "coordinates": [644495.100, 6858554.400, 40.000] }, "properties": {} },
    { "type": "Feature", "geometry": { "type": "Point", "coordinates": [644495.100, 6858554.600, 40.000] }, "properties": {} },
    { "type": "Feature", "geometry": { "type": "Point", "coordinates": [644495.100, 6858554.800, 40.000] }, "properties": {} },
    { "type": "Feature", "geometry": { "type": "Point", "coordinates": [644495.100, 6858555.000, 40.000] }, "properties": {} },
    { "type": "Feature", "geometry": { "type": "Point", "coordinates": [644495.100, 6858555.200, 40.000] }, "properties": {} },
    { "type": "Feature", "geometry": { "type": "Point", "coordinates": [644495.100, 6858555.400, 40.000] }, "properties": {} },
    { "type": "Feature", "geometry": { "type": "Point", "coordinates": [644495.100, 6858555.600, 40.000] }, "properties": {} },
    { "type": "Feature", "geometry": { "type": "Point", "coordinates": [644495.100, 6858555.800, 40.000] }, "properties": {} },
    { "type": "Feature", "geometry": { "type": "Point", "coordinates": [644495.100, 6858556.000, 40.000] }, "properties": {} },
    { "type": "Feature", "geometry": { "type": "Point", "coordinates": [644495.100, 6858556.200, 40.000] }, "properties": {} },
    { "type": "Feature", "geometry": { "type": "Point", "coordinates": [644495.100, 6858556.400, 40.000] }, "properties": {} },
    { "type": "Feature", "geometry": { "type": "Point", "coordinates": [644495.100, 6858556.600, 40.000] }, "properties": {} },
    { "type": "Feature", "geometry": { "type": "Point", "coordinates": [644495.100, 6858556.800, 40.000] }, "properties": {} },
    { "type": "Feature", "geometry": { "type": "Point", "coordinates": [644495.100, 6858557.000, 40.000] }, "properties": {} },
    { "type": "Feature", "geometry": { "type": "Point", "coordinates": [644495.100, 6858557.200, 40.000] }, "properties": {} },
    { "type": "Feature", "geometry": { "type": "Point", "coordinates": [644495.100, 6858557.400, 40.000] }, "properties": {} },
    { "type": "Feature", "geometry": { "type": "Point", "coordinates": [644495.100, 6858557.600, 40.000] }, "properties": {} },
    { "type": "Feature", "geometry": { "type": "Point", "coordinates": [644495.100, 6858557.800, 40.000] }, "properties": {} },
    { "type": "Feature", "geometry": { "type": "Point", "coordinates": [644495.100, 6858558.000, 40.000] }, "properties": {} },
    { "type": "Feature", "geometry": { "type": "Point", "coordinates": [644495.100, 6858558.200, 40.000] }, "properties": {} },
    { "type": "Feature", "geometry": { "type": "Point", "coordinates": [644495.100, 6858558.400, 40.000] }, "properties": {} },
    { "type": "Feature", "geometry": { "type": "Point", "coordinates": [644495.100, 6858558.600, 40.000] }, "properties": {} },
    { "type": "Feature", "geometry": { "type": "Point", "coordinates": [644495.100, 6858558.800, 40.000] }, "properties": {} },
    { "type": "Feature", "geometry": { "type": "Point", "coordinates": [644495.100, 6858559.000, 40.000] }, "properties": {} },
    { "type": "Feature", "geometry": { "type": "Point", "coordinates": [644495.100, 6858559.200, 40.000] }, "properties": {} },
    { "type": "Feature", "geometry": { "type": "Point", "coordinates": [644495.100, 6858559.400, 40.000] }, "properties": {} },
    { "type": "Feature", "geometry": { "type": "Point", "coordinates": [644495.100, 6858559.600, 40.000] }, "properties": {} },
    { "type": "Feature", "geometry": { "type": "Point", "coordinates": [644495.100, 6858559.800, 40.000] }, "properties": {} },
    { "type": "Feature", "geometry": { "type": "Point", "coordinates": [644495.100, 6858560.000, 40.000] }, "properties": {} },
    { "type": "Feature", "geometry": { "type": "Point", "coordinates": [644495.100, 6858560.200, 40.000] }, "properties": {} },
    { "type": "Feature", "geometry": { "type": "Point", "coordinates": [644495.100, 6858560.400, 40.000] }, "properties": {} },
    { "type": "Feature", "geometry": { "type": "Point", "coordinates": [644495.100, 6858560.600, 40.000] }, "properties": {} },
    { "type": "Feature", "geometry": { "type": "Point", "coordinates": [644495.100, 6858560.800, 40.000] }, "properties": {} },
    { "type": "Feature", "geometry": { "type": "Point", "coordinates": [644495.100, 6858561.000, 40.000] }, "properties": {} },
    { "type": "Feature", "geometry": { "type": "Point", "coordinates": [644495.100, 6858561.200, 40.000] }, "properties": {} },
    { "type": "Feature", "geometry": { "type": "Point", "coordinates": [644495.100, 6858561.400, 40.000] }, "properties": {} },
    { "type": "Feature", "geometry": { "type": "Point", "coordinates": [644495.100, 6858561.600, 40.000] }, "properties": {} },
    { "type": "Feature", "geometry": { "type": "Point", "coordinates": [644495.100, 6858561.800, 40.000] }, "properties": {} },
    { "type": "Feature", "geometry": { "type": "Point", "coordinates": [644495.100, 6858562.000, 40.000] }, "properties": {} },
    { "type": "Feature", "geometry": { "type": "Point", "coordinates": [644495.100, 6858562.200, 40.000] }, "properties": {} },
    { "type": "Feature", "geometry": { "type": "Point", "coordinates": [644495.100, 6858562.400, 40.000] }, "properties": {} },
    { "type": "Feature", "geometry": { "type": "Point", "coordinates": [644495.100, 6858562.600, 40.000] }, "properties": {} },
    { "type": "Feature", "geometry": { "type": "Point", "coordinates": [644495.100, 6858562.800, 40.000] }, "properties": {} },
    { "type": "Feature", "geometry": { "type": "Point", "coordinates": [644495.100, 6858563.000, 40.000] }, "properties": {} },
    { "type": "Feature", "geometry": { "type": "Point", "coordinates": [644495.100, 6858563.200, 40.000] }, "properties": {} },
    { "type": "Feature", "geometry": { "type": "Point", "coordinates": [644495.100, 6858563.400, 40.000] }, "properties": {} },
    { "type": "Feature", "geometry": { "type": "Point", "coordinates": [644495.100, 6858563.600, 40.000] }, "properties": {} },
    { "type": "Feature", "geometry": { "type": "Point", "coordinates": [644495.100, 6858563.800, 40.000] }, "properties": {} },
    { "type": "Feature", "geometry": { "type": "Point", "coordinates": [644495.100, 6858564.000, 40.000] }, "properties": {} },
    { "type": "Feature", "geometry": { "type": "Point", "coordinates": [644495.100, 6858564.200, 40.000] }, "properties": {} },
    { "type": "Feature", "geometry": { "type": "Point", "coordinates": [644495.100, 6858564.400, 40.000] }, "properties": {} },
    { "type": "Feature", "geometry": { "type": "Point", "coordinates": [644495.100, 6858564.600, 40.000] }, "properties": {} },
    { "type": "Feature", "geometry": { "type": "Point", "coordinates": [644495.100, 6858564.800, 40.000] }, "properties": {} },
    { "type": "Feature", "geometry": { "type": "Point", "coordinates": [644495.100, 6858565.000, 40.000] }, "properties": {} },
    { "type": "Feature", "geometry": { "type": "Point", "coordinates": [644495.100, 6858565.200, 40.000] }, "properties": {} },
    { "type": "Feature", "geometry": { "type": "Point", "coordinates": [644495.100, 6858565.400, 40.000] }, "properties": {} },
    { "type": "Feature", "geometry": { "type": "Point", "coordinates": [644495.100, 6858565.600, 40.000] }, "properties": {} },
    { "type": "Feature", "geometry": { "type": "Point", "coordinates": [644495.100, 6858565.800, 40.000] }, "properties": {} },
    { "type": "Feature", "geometry": { "type": "Point", "coordinates": [644495.100, 6858566.000, 40.000] }, "properties": {} },
    { "type": "Feature", "geometry": { "type": "Point", "coordinates": [644495.100, 6858566.200, 40.000] }, "properties": {} },
    { "type": "Feature", "geometry": { "type": "Point", "coordinates": [644495.100, 6858566.400, 40.000] }, "properties": {} },
    { "type": "Feature", "geometry": { "type": "Point", "coordinates": [644495.100, 6858566.600, 40.000] }, "properties": {} },
    { "type": "Feature", "geometry": { "type": "Point", "coordinates": [644495.100, 6858566.800, 40.000] }, "properties": {} },
    { "type": "Feature", "geometry": { "type": "Point", "coordinates": [644495.100, 6858567.000, 40.000] }, "properties": {} },
    { "type": "Feature", "geometry": { "type": "Point", "coordinates": [644495.100, 6858567.200, 40.000] }, "properties": {} },
    { "type": "Feature", "geometry": { "type": "Point", "coordinates": [644495.100, 6858567.400, 40.000] }, "properties": {} },
    { "type": "Feature", "geometry": { "type": "Point", "coordinates": [644495.100, 6858567.600, 40.000] }, "properties": {} },
    { "type": "Feature", "geometry": { "type": "Point", "coordinates": [644495.100, 6858567.800, 40.000] }, "properties": {} },
    { "type": "Feature", "geometry": { "type": "Point", "coordinates": [644495.100, 6858568.000, 40.000] }, "properties": {} },
    { "type": "Feature", "geometry": { "type": "Point", "coordinates": [644495.100, 6858568.200, 40.000] }, "properties": {} },
    { "type": "Feature", "geometry": { "type": "Point", "coordinates": [644495.100, 6858568.400, 40.000] }, "properties": {} },
    { "type": "Feature", "geometry": { "type": "Point", "coordinates": [644495.100, 6858568.600, 40.000] }, "properties": {} },
    { "type": "Feature", "geometry": { "type": "Point", "coordinates": [644495.100, 6858568.800, 40.000] }, "properties": {} },
    { "type": "Feature", "geometry": { "type": "Point", "coordinates": [644495.100, 6858569.000, 40.000] }, "properties": {} },
    { "type": "Feature", "geometry": { "type": "Point", "coordinates": [644495.100, 6858569.200, 40.000] }, "properties": {} },
    { "type": "Feature", "geometry": { "type": "Point", "coordinates": [644495.100, 6858569.400, 40.000] }, "properties": {} },
    { "type": "Feature", "geometry": { "type": "Point", "coordinates": [644495.100, 6858569.600, 40.000] }, "properties": {} },
    { "type": "Feature", "geometry": { "type": "Point", "coordinates": [644495.100, 6858569.800, 40.000] }, "properties": {} },
    { "type": "Feature", "geometry": { "type": "Point", "coordinates": [644495.100, 6858570.000, 40.000] }, "properties": {} },
    { "type": "Feature", "geometry": { "type": "Point", "coordinates": [644495.100, 6858570.200, 40.000] }, "properties": {} },
    { "type": "Feature", "geometry": { "type": "Point", "coordinates": [644495.100, 6858570.400, 40.000] }, "properties": {} },
    { "type": "Feature", "geometry": { "type": "Point", "coordinates": [644495.100, 6858570.600, 40.000] }, "properties": {} },
    { "type": "Feature", "geometry": { "type": "Point", "coordinates": [644495.100, 6858570.800, 40.000] }, "properties": {} },
    { "type": "Feature", "geometry": { "type": "Point", "coordinates": [644495.100, 6858571.000, 40.000] }, "properties": {} },
    { "type": "Feature", "geometry": { "type": "Point", "coordinates": [644495.100, 6858571.200, 40.000] }, "properties": {} },
    { "type": "Feature", "geometry": { "type": "Point", "coordinates": [644495.100, 6858571.400, 40.000] }, "properties": {} },
    { "type": "Feature", "geometry": { "type": "Point", "coordinates": [644495.100, 6858571.600, 40.000] }, "properties": {} },
    { "type": "Feature", "geometry": { "type": "Point", "coordinates": [644495.100, 6858571.800, 40.000] }, "properties": {} },
    { "type": "Feature", "geometry": { "type": "Point", "coordinates": [644495.100, 6858572.000, 40.000] }, "properties": {} },
    { "type": "Feature", "geometry": { "type": "Point", "coordinates": [644495.100, 6858572.200, 40.000] }, "properties": {} },
    { "type": "Feature", "geometry": { "type": "Point", "coordinates": [644495.100, 6858572.400, 40.000] }, "properties": {} },
    { "type": "Feature", "geometry": { "type": "Point", "coordinates": [644495.100, 6858572.600, 40.000] }, "properties": {} },
    { "type": "Feature", "geometry": { "type": "Point", "coordinates": [644495.100, 6858572.800, 40.000] }, "properties": {} },
    { "type": "Feature", "geometry": { "type": "Point", "coordinates": [644495.100, 6858573.000, 40.000] }, "properties": {} },
    { "type": "Feature", "geometry": { "type": "Point", "coordinates": [644495.100, 6858573.200, 40.000] }, "properties": {} },
    { "type": "Feature", "geometry": { "type": "Point", "coordinates": [644495.100, 6858573.400, 40.000] }, "properties": {} },
    { "type": "Feature", "geometry": { "type": "Point", "coordinates": [644495.100, 6858573.600, 40.000] }, "properties": {} },
    { "type": "Feature", "geometry": { "type": "Point", "coordinates": [644495.100, 6858573.800, 40.000] }, "properties": {} },
    { "type": "Feature", "geometry": { "type": "Point", "coordinates": [644495.100, 6858574.000, 40.000] }, "properties": {} },
    { "type": "Feature", "geometry": { "type": "Point", "coordinates": [644495.100, 6858574.200, 40.000] }, "properties": {} },
    { "type": "Feature", "geometry": { "type": "Point", "coordinates": [644495.100, 6858574.400, 40.000] }, "properties": {} },
    { "type": "Feature", "geometry": { "type": "Point", "coordinates": [644495.100, 6858574.600, 40.000] }, "properties": {} },
    { "type": "Feature", "geometry": { "type": "Point", "coordinates": [644495.100, 6858574.800, 40.000] }, "properties": {} },
    { "type": "Feature", "geometry": { "type": "Point", "coordinates": [644495.100, 6858575.000, 40.000] }, "properties": {} },
    { "type": "Feature", "geometry": { "type": "Point", "coordinates": [644495.100, 6858575.200, 40.000] }, "properties": {} },
    { "type": "Feature", "geometry": { "type": "Point", "coordinates": [644495.100, 6858575.400, 40.000] }, "properties": {} },
    { "type": "Feature", "geometry": { "type": "Point", "coordinates": [644495.100, 6858575.600, 40.000] }, "properties": {} },
    { "type": "Feature", "geometry": { "type": "Point", "coordinates": [644495.100, 6858575.800, 40.000] }, "properties": {} },
    { "type": "Feature", "geometry": { "type": "Point", "coordinates": [644495.100, 6858576.000, 40.000] }, "properties": {} },
    { "type": "Feature", "geometry": { "type": "Point", "coordinates": [644495.100, 6858576.200, 40.000] }, "properties": {} },
    { "type": "Feature", "geometry": { "type": "Point", "coordinates": [644495.100, 6858576.400, 40.000] }, "properties": {} },
    { "type": "Feature", "geometry": { "type": "Point", "coordinates": [644495.100, 6858576.600, 40.000] }, "properties": {} },
    { "type": "Feature", "geometry": { "type": "Point", "coordinates": [644495.100, 6858576.800, 40.000] }, "properties": {} },
    { "type": "Feature", "geometry": { "type": "Point", "coordinates": [644495.100, 6858577.000, 40.000] }, "properties": {} },
    { "type": "Feature", "geometry": { "type": "Point", "coordinates": [644495.100, 6858577.200, 40.000] }, "properties": {} },
    { "type": "Feature", "geometry": { "type": "Point", "coordinates": [644495.100, 6858577.400, 40.000] }, "properties": {} },
    { "type": "Feature", "geometry": { "type": "Point", "coordinates": [644495.100, 6858577.600, 40.000] }, "properties": {} },
    { "type": "Feature", "geometry": { "type": "Point", "coordinates": [644495.100, 6858577.800, 40.000] }, "properties": {} },
    { "type": "Feature", "geometry": { "type": "Point", "coordinates": [644495.100, 6858578.000, 40.000] }, "properties": {} },
    { "type": "Feature", "geometry": { "type": "Point", "coordinates": [644495.100, 6858578.200, 40.000] }, "properties": {} },
    { "type": "Feature", "geometry": { "type": "Point", "coordinates": [644495.100, 6858578.400, 40.000] }, "properties": {} },
    { "type": "Feature", "geometry": { "type": "Point", "coordinates": [644495.100, 6858578.600, 40.000] }, "properties": {} },
    { "type": "Feature", "geometry": { "type": "Point", "coordinates": [644495.100, 6858578.800, 40.000] }, "properties": {} },
    { "type": "Feature", "geometry": { "type": "Point", "coordinates": [644495.100, 6858579.000, 40.000] }, "properties": {} },
    { "type": "Feature", "geometry": { "type": "Point", "coordinates": [644495.100, 6858579.200, 40.000] }, "properties": {} },
    { "type": "Feature", "geometry": { "type": "Point", "coordinates": [644495.100, 6858579.400, 40.000] }, "properties": {} },
    { "type": "Feature", "geometry": { "type": "Point", "coordinates": [644495.100, 6858579.600, 40.000] }, "properties": {} },
    { "type": "Feature", "geometry": { "type": "Point", "coordinates": [644495.100, 6858579.800, 40.000] }, "properties": {} },
    { "type": "Feature", "geometry": { "type": "Point", "coordinates": [644495.100, 6858580.000, 40.000] }, "properties": {} },
    { "type": "Feature", "geometry": { "type": "Point", "coordinates": [644495.100, 6858580.200, 40.000] }, "properties": {} },
    { "type": "Feature", "geometry": { "type": "Point", "coordinates": [644495.100, 6858580.400, 40.000] }, "properties": {} },
    { "type": "Feature", "geometry": { "type": "Point", "coordinates": [644495.100, 6858580.600, 40.000] }, "properties": {} },
    { "type": "Feature", "geometry": { "type": "Point", "coordinates": [644495.100, 6858580.800, 40.000] }, "properties": {} },
    { "type": "Feature", "geometry": { "type": "Point", "coordinates": [644495.100, 6858581.000, 40.000] }, "properties": {} },
    { "type": "Feature", "geometry": { "type": "Point", "coordinates": [644495.100, 6858581.200, 40.000] }, "properties": {} },
    { "type": "Feature", "geometry": { "type": "Point", "coordinates": [644495.100, 6858581.400, 40.000] }, "properties": {} },
    { "type": "Feature", "geometry": { "type": "Point", "coordinates": [644495.100, 6858581.600, 40.000] }, "properties": {} },
    { "type": "Feature", "geometry": { "type": "Point", "coordinates": [644495.100, 6858581.800, 40.000] }, "properties": {} },
    { "type": "Feature", "geometry": { "type": "Point", "coordinates": [644495.100, 6858582.000, 40.000] }, "properties": {} },
    { "type": "Feature", "geometry": { "type": "Point", "coordinates": [644495.100, 6858582.200, 40.000] }, "properties": {} },
    { "type": "Feature", "geometry": { "type": "Point", "coordinates": [644495.100, 6858582.400, 40.000] }, "properties": {} },
    { "type": "Feature", "geometry": { "type": "Point", "coordinates": [644495.100, 6858582.600, 40.000] }, "properties": {} },
    { "type": "Feature", "geometry": { "type": "Point", "coordinates": [644495.100, 6858582.800, 40.000] }, "properties": {} },
    { "type": "Feature", "geometry": { "type": "Point", "coordinates": [644495.100, 6858583.000, 40.000] }, "properties": {} },
    { "type": "Feature", "geometry": { "type": "Point", "coordinates": [644495.100, 6858583.200, 40.000] }, "properties": {} },
    { "type": "Feature", "geometry": { "type": "Point", "coordinates": [644495.100, 6858583.400, 40.000] }, "properties": {} },
    { "type": "Feature", "geometry": { "type": "Point", "coordinates": [644495.100, 6858583.600, 40.000] }, "properties": {} },
    { "type": "Feature", "geometry": { "type": "Point", "coordinates": [644495.100, 6858583.800, 40.000] }, "properties": {} },
    { "type": "Feature", "geometry": { "type": "Point", "coordinates": [644495.100, 6858584.000, 40.000] }, "properties": {} },
    { "type": "Feature", "geometry": { "type": "Point", "coordinates": [644495.100, 6858584.200, 40.000] }, "properties": {} },
    { "type": "Feature", "geometry": { "type": "Point", "coordinates": [644495.100, 6858584.400, 40.000] }, "properties": {} },
    { "type": "Feature", "geometry": { "type": "Point", "coordinates": [644495.100, 6858584.600, 40.000] }, "properties": {} },
    { "type": "Feature", "geometry": { "type": "Point", "coordinates": [644495.100, 6858584.800, 40.000] }, "properties": {} },
    { "type": "Feature", "geometry": { "type": "Point", "coordinates": [644495.100, 6858585.000, 40.000] }, "properties": {} },
    { "type": "Feature", "geometry": { "type": "Point", "coordinates": [644495.100, 6858585.200, 40.000] }, "properties": {} },
    { "type": "Feature", "geometry": { "type": "Point", "coordinates": [644495.100, 6858585.400, 40.000] }, "properties": {} },
    { "type": "Feature", "geometry": { "type": "Point", "coordinates": [644495.100, 6858585.600, 40.000] }, "properties": {} },
    { "type": "Feature", "geometry": { "type": "Point", "coordinates": [644495.100, 6858585.800, 40.000] }, "properties": {} },
    { "type": "Feature", "geometry": { "type": "Point", "coordinates": [644495.100, 6858586.000, 40.000] }, "properties": {} },
    { "type": "Feature", "geometry": { "type": "Point", "coordinates": [644495.100, 6858586.200, 40.000] }, "properties": {} },
    { "type": "Feature", "geometry": { "type": "Point", "coordinates": [644495.100, 6858586.400, 40.000] }, "properties": {} },
    { "type": "Feature", "geometry": { "type": "Point", "coordinates": [644495.100, 6858586.600, 40.000] }, "properties": {} },
    { "type": "Feature", "geometry": { "type": "Point", "coordinates": [644495.100, 6858586.800, 40.000] }, "properties": {} },
    { "type": "Feature", "geometry": { "type": "Point", "coordinates": [644495.100, 6858587.000, 40.000] }, "properties": {} },
    { "type": "Feature", "geometry": { "type": "Point", "coordinates": [644495.100, 6858587.200, 40.000] }, "properties": {} },
    { "type": "Feature", "geometry": { "type": "Point", "coordinates": [644495.100, 6858587.400, 40.000] }, "properties": {} },
    { "type": "Feature", "geometry": { "type": "Point", "coordinates": [644495.100, 6858587.600, 40.000] }, "properties": {} },
    { "type": "Feature", "geometry": { "type": "Point", "coordinates": [644495.100, 6858587.800, 40.000] }, "properties": {} },
    { "type": "Feature", "geometry": { "type": "Point", "coordinates": [644495.100, 6858588.000, 40.000] }, "properties": {} },
    { "type": "Feature", "geometry": { "type": "Point", "coordinates": [644495.100, 6858588.200, 40.000] }, "properties": {} },
    { "type": "Feature", "geometry": { "type": "Point", "coordinates": [644495.100, 6858588.400, 40.000] }, "properties": {} },
    { "type": "Feature", "geometry": { "type": "Point", "coordinates": [644495.100, 6858588.600, 40.000] }, "properties": {} },
    { "type": "Feature", "geometry": { "type": "Point", "coordinates": [644495.100, 6858588.800, 40.000] }, "properties": {} },
    { "type": "Feature", "geometry": { "type": "Point", "coordinates": [644495.100, 6858589.000, 40.000] }, "properties": {} },
    { "type": "Feature", "geometry": { "type": "Point", "coordinates": [644495.100, 6858589.200, 40.000] }, "properties": {} },
    { "type": "Feature", "geometry": { "type": "Point", "coordinates": [644495.100, 6858589.400, 40.000] }, "properties": {} },
    { "type": "Feature", "geometry": { "type": "Point", "coordinates": [644495.100, 6858589.600, 40.000] }, "properties": {} },
    { "type": "Feature", "geometry": { "type": "Point", "coordinates": [644495.100, 6858589.800, 40.000] }, "properties": {} },
    { "type": "Feature", "geometry": { "type": "Point", "coordinates": [644495.100, 6858590.000, 40.000] }, "properties": {} },
    { "type": "Feature", "geometry": { "type": "Point", "coordinates": [644495.100, 6858590.200, 40.000] }, "properties": {} },
    { "type": "Feature", "geometry": { "type": "Point", "coordinates": [644495.100, 6858590.400, 40.000] }, "properties": {} },
    { "type": "Feature", "geometry": { "type": "Point", "coordinates": [644495.100, 6858590.600, 40.000] }, "properties": {} },
    { "type": "Feature", "geometry": { "type": "Point", "coordinates": [644495.100, 6858590.800, 40.000] }, "properties": {} },
    { "type": "Feature", "geometry": { "type": "Point", "coordinates": [644495.100, 6858591.000, 40.000] }, "properties": {} },
    { "type": "Feature", "geometry": { "type": "Point", "coordinates": [644495.100, 6858591.200, 40.000] }, "properties": {} },
    { "type": "Feature", "geometry": { "type": "Point", "coordinates": [644495.100, 6858591.400, 40.000] }, "properties": {} },
    { "type": "Feature", "geometry": { "type": "Point", "coordinates": [644495.100, 6858591.600, 40.000] }, "properties": {} },
    { "type": "Feature", "geometry": { "type": "Point", "coordinates": [644495.100, 6858591.800, 40.000] }, "properties": {} },
    { "type": "Feature", "geometry": { "type": "Point", "coordinates": [644497.100, 6858552.000, 45.000] }, "properties": {} },
    { "type": "Feature", "geometry": { "type": "Point", "coordinates": [644497.100, 6858552.200, 45.000] }, "properties": {} },
    { "type": "Feature", "geometry": { "type": "Point", "coordinates": [644497.100, 6858552.400, 45.000] }, "properties": {} },
    { "type": "Feature", "geometry": { "type": "Point", "coordinates": [644497.100, 6858552.600, 45.000] }, "properties": {} },
    { "type": "Feature", "geometry": { "type": "Point", "coordinates": [644497.100, 6858552.800, 45.000] }, "properties": {} },
    { "type": "Feature", "geometry": { "type": "Point", "coordinates": [644497.100, 6858553.000, 45.000] }, "properties": {} },
    { "type": "Feature", "geometry": { "type": "Point", "coordinates": [644497.100, 6858553.200, 45.000] }, "properties": {} },
    { "type": "Feature", "geometry": { "type": "Point", "coordinates": [644497.100, 6858553.400, 45.000] }, "properties": {} },
    { "type": "Feature", "geometry": { "type": "Point", "coordinates": [644497.100, 6858553.600, 45.000] }, "properties": {} },
    { "type": "Feature", "geometry": { "type": "Point", "coordinates": [644497.100, 6858553.800, 45.000] }, "properties": {} },
    { "type": "Feature", "geometry": { "type": "Point", "coordinates": [644497.100, 6858554.000, 45.000] }, "properties": {} },
    { "type": "Feature", "geometry": { "type": "Point", "coordinates": [644497.100, 6858554.200, 45.000] }, "properties": {} },
    { "type": "Feature", "geometry": { "type": "Point", "coordinates": [644497.100, 6858554.400, 45.000] }, "properties": {} },
    { "type": "Feature", "geometry": { "type": "Point", "coordinates": [644497.100, 6858554.600, 45.000] }, "properties": {} },
    { "type": "Feature", "geometry": { "type": "Point", "coordinates": [644497.100, 6858554.800, 45.000] }, "properties": {} },
    { "type": "Feature", "geometry": { "type": "Point", "coordinates": [644497.100, 6858555.000, 45.000] }, "properties": {} },
    { "type": "Feature", "geometry": { "type": "Point", "coordinates": [644497.100, 6858555.200, 45.000] }, "properties": {} },
    { "type": "Feature", "geometry": { "type": "Point", "coordinates": [644497.100, 6858555.400, 45.000] }, "properties": {} },
    { "type": "Feature", "geometry": { "type": "Point", "coordinates": [644497.100, 6858555.600, 45.000] }, "properties": {} },
    { "type": "Feature", "geometry": { "type": "Point", "coordinates": [644497.100, 6858555.800, 45.000] }, "properties": {} },
    { "type": "Feature", "geometry": { "type": "Point", "coordinates": [644497.100, 6858556.000, 45.000] }, "properties": {} },
    { "type": "Feature", "geometry": { "type": "Point", "coordinates": [644497.100, 6858556.200, 45.000] }, "properties": {} },
    { "type": "Feature", "geometry": { "type": "Point", "coordinates": [644497.100, 6858556.400, 45.000] }, "properties": {} },
    { "type": "Feature", "geometry": { "type": "Point", "coordinates": [644497.100, 6858556.600, 45.000] }, "properties": {} },
    { "type": "Feature", "geometry": { "type": "Point", "coordinates": [644497.100, 6858556.800, 45.000] }, "properties": {} },
    { "type": "Feature", "geometry": { "type": "Point", "coordinates": [644497.100, 6858557.000, 45.000] }, "properties": {} },
    { "type": "Feature", "geometry": { "type": "Point", "coordinates": [644497.100, 6858557.200, 45.000] }, "properties": {} },
    { "type": "Feature", "geometry": { "type": "Point", "coordinates": [644497.100, 6858557.400, 45.000] }, "properties": {} },
    { "type": "Feature", "geometry": { "type": "Point", "coordinates": [644497.100, 6858557.600, 45.000] }, "properties": {} },
    { "type": "Feature", "geometry": { "type": "Point", "coordinates": [644497.100, 6858557.800, 45.000] }, "properties": {} },
    { "type": "Feature", "geometry": { "type": "Point", "coordinates": [644497.100, 6858558.000, 45.000] }, "properties": {} },
    { "type": "Feature", "geometry": { "type": "Point", "coordinates": [644497.100, 6858558.200, 45.000] }, "properties": {} },
    { "type": "Feature", "geometry": { "type": "Point", "coordinates": [644497.100, 6858558.400, 45.000] }, "properties": {} },
    { "type": "Feature", "geometry": { "type": "Point", "coordinates": [644497.100, 6858558.600, 45.000] }, "properties": {} },
    { "type": "Feature", "geometry": { "type": "Point", "coordinates": [644497.100, 6858558.800, 45.000] }, "properties": {} },
    { "type": "Feature", "geometry": { "type": "Point", "coordinates": [644497.100, 6858559.000, 45.000] }, "properties": {} },
    { "type": "Feature", "geometry": { "type": "Point", "coordinates": [644497.100, 6858559.200, 45.000] }, "properties": {} },
    { "type": "Feature", "geometry": { "type": "Point", "coordinates": [644497.100, 6858559.400, 45.000] }, "properties": {} },
    { "type": "Feature", "geometry": { "type": "Point", "coordinates": [644497.100, 6858559.600, 45.000] }, "properties": {} },
    { "type": "Feature", "geometry": { "type": "Point", "coordinates": [644497.100, 6858559.800, 45.000] }, "properties": {} },
    { "type": "Feature", "geometry": { "type": "Point", "coordinates": [644497.100, 6858560.000, 45.000] }, "properties": {} },
    { "type": "Feature", "geometry": { "type": "Point", "coordinates": [644497.100, 6858560.200, 45.000] }, "properties": {} },
    { "type": "Feature", "geometry": { "type": "Point", "coordinates": [644497.100, 6858560.400, 45.000] }, "properties": {} },
    { "type": "Feature", "geometry": { "type": "Point", "coordinates": [644497.100, 6858560.600, 45.000] }, "properties": {} },
    { "type": "Feature", "geometry": { "type": "Point", "coordinates": [644497.100, 6858560.800, 45.000] }, "properties": {} },
    { "type": "Feature", "geometry": { "type": "Point", "coordinates": [644497.100, 6858561.000, 45.000] }, "properties": {} },
    { "type": "Feature", "geometry": { "type": "Point", "coordinates": [644497.100, 6858561.200, 45.000] }, "properties": {} },
    { "type": "Feature", "geometry": { "type": "Point", "coordinates": [644497.100, 6858561.400, 45.000] }, "properties": {} },
    { "type": "Feature", "geometry": { "type": "Point", "coordinates": [644497.100, 6858561.600, 45.000] }, "properties": {} },
    { "type": "Feature", "geometry": { "type": "Point", "coordinates": [644497.100, 6858561.800, 45.000] }, "properties": {} },
    { "type": "Feature", "geometry": { "type": "Point", "coordinates": [644497.100, 6858562.000, 45.000] }, "properties": {} },
    { "type": "Feature", "geometry": { "type": "Point", "coordinates": [644497.100, 6858562.200, 45.600] }, "properties": {} },
    { "type": "Feature", "geometry": { "type": "Point", "coordinates": [644497.100, 6858562.400, 46.200] }, "properties": {} },
    { "type": "Feature", "geometry": { "type": "Point", "coordinates": [644497.100, 6858562.600, 46.800] }, "properties": {} },
    { "type": "Feature", "geometry": { "type": "Point", "coordinates": [644497.100, 6858562.800, 47.400] }, "properties": {} },
    { "type": "Feature", "geometry": { "type": "Point", "coordinates": [644497.100, 6858563.000, 48.000] }, "properties": {} },
    { "type": "Feature", "geometry": { "type": "Point", "coordinates": [644497.100, 6858563.200, 48.600] }, "properties": {} },
    { "type": "Feature", "geometry": { "type": "Point", "coordinates": [644497.100, 6858563.400, 49.200] }, "properties": {} },
    { "type": "Feature", "geometry": { "type": "Point", "coordinates": [644497.100, 6858563.600, 49.800] }, "properties": {} },
    { "type": "Feature", "geometry": { "type": "Point", "coordinates": [644497.100, 6858563.800, 50.400] }, "properties": {} },
    { "type": "Feature", "geometry": { "type": "Point", "coordinates": [644497.100, 6858564.000, 51.000] }, "properties": {} },
    { "type": "Feature", "geometry": { "type": "Point", "coordinates": [644497.100, 6858564.200, 51.600] }, "properties": {} },
    { "type": "Feature", "geometry": { "type": "Point", "coordinates": [644497.100, 6858564.400, 52.200] }, "properties": {} },
    { "type": "Feature", "geometry": { "type": "Point", "coordinates": [644497.100, 6858564.600, 52.800] }, "properties": {} },
    { "type": "Feature", "geometry": { "type": "Point", "coordinates": [644497.100, 6858564.800, 53.400] }, "properties": {} },
    { "type": "Feature", "geometry": { "type": "Point", "coordinates": [644497.100, 6858565.000, 54.000] }, "properties": {} },
    { "type": "Feature", "geometry": { "type": "Point", "coordinates": [644497.100, 6858565.200, 54.600] }, "properties": {} },
    { "type": "Feature", "geometry": { "type": "Point", "coordinates": [644497.100, 6858565.400, 55.200] }, "properties": {} },
    { "type": "Feature", "geometry": { "type": "Point", "coordinates": [644497.100, 6858565.600, 55.800] }, "properties": {} },
    { "type": "Feature", "geometry": { "type": "Point", "coordinates": [644497.100, 6858565.800, 56.400] }, "properties": {} },
    { "type": "Feature", "geometry": { "type": "Point", "coordinates": [644497.100, 6858566.000, 57.000] }, "properties": {} },
    { "type": "Feature", "geometry": { "type": "Point", "coordinates": [644497.100, 6858566.200, 57.600] }, "properties": {} },
    { "type": "Feature", "geometry": { "type": "Point", "coordinates": [644497.100, 6858566.400, 58.200] }, "properties": {} },
    { "type": "Feature", "geometry": { "type": "Point", "coordinates": [644497.100, 6858566.600, 58.800] }, "properties": {} },
    { "type": "Feature", "geometry": { "type": "Point", "coordinates": [644497.100, 6858566.800, 59.400] }, "properties": {} },
    { "type": "Feature", "geometry": { "type": "Point", "coordinates": [644497.100, 6858567.000, 60.000] }, "properties": {} },
    { "type": "Feature", "geometry": { "type": "Point", "coordinates": [644497.100, 6858567.200, 60.600] }, "properties": {} },
    { "type": "Feature", "geometry": { "type": "Point", "coordinates": [644497.100, 6858567.400, 61.200] }, "properties": {} },
    { "type": "Feature", "geometry": { "type": "Point", "coordinates": [644497.100, 6858567.600, 61.800] }, "properties": {} },
    { "type": "Feature", "geometry": { "type": "Point", "coordinates": [644497.100, 6858567.800, 62.400] }, "properties": {} },
    { "type": "Feature", "geometry": { "type": "Point", "coordinates": [644497.100, 6858568.000, 63.000] }, "properties": {} },
    { "type": "Feature", "geometry": { "type": "Point", "coordinates": [644497.100, 6858568.200, 63.600] }, "properties": {} },
    { "type": "Feature", "geometry": { "type": "Point", "coordinates": [644497.100, 6858568.400, 64.200] }, "properties": {} },
    { "type": "Feature", "geometry": { "type": "Point", "coordinates": [644497.100, 6858568.600, 64.800] }, "properties": {} },
    { "type": "Feature", "geometry": { "type": "Point", "coordinates": [644497.100, 6858568.800, 65.400] }, "properties": {} },
    { "type": "Feature", "geometry": { "type": "Point", "coordinates": [644497.100, 6858569.000, 66.000] }, "properties": {} },
    { "type": "Feature", "geometry": { "type": "Point", "coordinates": [644497.100, 6858569.200, 66.600] }, "properties": {} },
    { "type": "Feature", "geometry": { "type": "Point", "coordinates": [644497.100, 6858569.400, 67.200] }, "properties": {} },
    { "type": "Feature", "geometry": { "type": "Point", "coordinates": [644497.100, 6858569.600, 67.800] }, "properties": {} },
    { "type": "Feature", "geometry": { "type": "Point", "coordinates": [644497.100, 6858569.800, 68.400] }, "properties": {} },
    { "type": "Feature", "geometry": { "type": "Point", "coordinates": [644497.100, 6858570.000, 69.000] }, "properties": {} },
    { "type": "Feature", "geometry": { "type": "Point", "coordinates": [644497.100, 6858570.200, 69.600] }, "properties": {} },
    { "type": "Feature", "geometry": { "type": "Point", "coordinates": [644497.100, 6858570.400, 70.200] }, "properties": {} },
    { "type": "Feature", "geometry": { "type": "Point", "coordinates": [644497.100, 6858570.600, 70.800] }, "properties": {} },
    { "type": "Feature", "geometry": { "type": "Point", "coordinates": [644497.100, 6858570.800, 71.400] }, "properties": {} },
    { "type": "Feature", "geometry": { "type": "Point", "coordinates": [644497.100, 6858571.000, 72.000] }, "properties": {} },
    { "type": "Feature", "geometry": { "type": "Point", "coordinates": [644497.100, 6858571.200, 72.600] }, "properties": {} },
    { "type": "Feature", "geometry": { "type": "Point", "coordinates": [644497.100, 6858571.400, 73.200] }, "properties": {} },
    { "type": "Feature", "geometry": { "type": "Point", "coordinates": [644497.100, 6858571.600, 73.800] }, "properties": {} },
    { "type": "Feature", "geometry": { "type": "Point", "coordinates": [644497.100, 6858571.800, 74.400] }, "properties": {} },
    { "type": "Feature", "geometry": { "type": "Point", "coordinates": [644497.100, 6858572.000, 75.000] }, "properties": {} },
    { "type": "Feature", "geometry": { "type": "Point", "coordinates": [644497.100, 6858572.200, 74.400] }, "properties": {} },
    { "type": "Feature", "geometry": { "type": "Point", "coordinates": [644497.100, 6858572.400, 73.800] }, "properties": {} },
    { "type": "Feature", "geometry": { "type": "Point", "coordinates": [644497.100, 6858572.600, 73.200] }, "properties": {} },
    { "type": "Feature", "geometry": { "type": "Point", "coordinates": [644497.100, 6858572.800, 72.600] }, "properties": {} },
    { "type": "Feature", "geometry": { "type": "Point", "coordinates": [644497.100, 6858573.000, 72.000] }, "properties": {} },
    { "type": "Feature", "geometry": { "type": "Point", "coordinates": [644497.100, 6858573.200, 71.400] }, "properties": {} },
    { "type": "Feature", "geometry": { "type": "Point", "coordinates": [644497.100, 6858573.400, 70.800] }, "properties": {} },
    { "type": "Feature", "geometry": { "type": "Point", "coordinates": [644497.100, 6858573.600, 70.200] }, "properties": {} },
    { "type": "Feature", "geometry": { "type": "Point", "coordinates": [644497.100, 6858573.800, 69.600] }, "properties": {} },
    { "type": "Feature", "geometry": { "type": "Point", "coordinates": [644497.100, 6858574.000, 69.000] }, "properties": {} },
    { "type": "Feature", "geometry": { "type": "Point", "coordinates": [644497.100, 6858574.200, 68.400] }, "properties": {} },
    { "type": "Feature", "geometry": { "type": "Point", "coordinates": [644497.100, 6858574.400, 67.800] }, "properties": {} },
    { "type": "Feature", "geometry": { "type": "Point", "coordinates": [644497.100, 6858574.600, 67.200] }, "properties": {} },
    { "type": "Feature", "geometry": { "type": "Point", "coordinates": [644497.100, 6858574.800, 66.600] }, "properties": {} },
    { "type": "Feature", "geometry": { "type": "Point", "coordinates": [644497.100, 6858575.000, 66.000] }, "properties": {} },
    { "type": "Feature", "geometry": { "type": "Point", "coordinates": [644497.100, 6858575.200, 65.400] }, "properties": {} },
    { "type": "Feature", "geometry": { "type": "Point", "coordinates": [644497.100, 6858575.400, 64.800] }, "properties": {} },
    { "type": "Feature", "geometry": { "type": "Point", "coordinates": [644497.100, 6858575.600, 64.200] }, "properties": {} },
    { "type": "Feature", "geometry": { "type": "Point", "coordinates": [644497.100, 6858575.800, 63.600] }, "properties": {} },
    { "type": "Feature", "geometry": { "type": "Point", "coordinates": [644497.100, 6858576.000, 63.000] }, "properties": {} },
    { "type": "Feature", "geometry": { "type": "Point", "coordinates": [644497.100, 6858576.200, 62.400] }, "properties": {} },
    { "type": "Feature", "geometry": { "type": "Point", "coordinates": [644497.100, 6858576.400, 61.800] }, "properties": {} },
    { "type": "Feature", "geometry": { "type": "Point", "coordinates": [644497.100, 6858576.600, 61.200] }, "properties": {} },
    { "type": "Feature", "geometry": { "type": "Point", "coordinates": [644497.100, 6858576.800, 60.600] }, "properties": {} },
    { "type": "Feature", "geometry": { "type": "Point", "coordinates": [644497.100, 6858577.000, 60.000] }, "properties": {} },
    { "type": "Feature", "geometry": { "type": "Point", "coordinates": [644497.100, 6858577.200, 59.400] }, "properties": {} },
    { "type": "Feature", "geometry": { "type": "Point", "coordinates": [644497.100, 6858577.400, 58.800] }, "properties": {} },
    { "type": "Feature", "geometry": { "type": "Point", "coordinates": [644497.100, 6858577.600, 58.200] }, "properties": {} },
    { "type": "Feature", "geometry": { "type": "Point", "coordinates": [644497.100, 6858577.800, 57.600] }, "properties": {} },
    { "type": "Feature", "geometry": { "type": "Point", "coordinates": [644497.100, 6858578.000, 57.000] }, "properties": {} },
    { "type": "Feature", "geometry": { "type": "Point", "coordinates": [644497.100, 6858578.200, 56.400] }, "properties": {} },
    { "type": "Feature", "geometry": { "type": "Point", "coordinates": [644497.100, 6858578.400, 55.800] }, "properties": {} },
    { "type": "Feature", "geometry": { "type": "Point", "coordinates": [644497.100, 6858578.600, 55.200] }, "properties": {} },
    { "type": "Feature", "geometry": { "type": "Point", "coordinates": [644497.100, 6858578.800, 54.600] }, "properties": {} },
    { "type": "Feature", "geometry": { "type": "Point", "coordinates": [644497.100, 6858579.000, 54.000] }, "properties": {} },
    { "type": "Feature", "geometry": { "type": "Point", "coordinates": [644497.100, 6858579.200, 53.400] }, "properties": {} },
    { "type": "Feature", "geometry": { "type": "Point", "coordinates": [644497.100, 6858579.400, 52.800] }, "properties": {} },
    { "type": "Feature", "geometry": { "type": "Point", "coordinates": [644497.100, 6858579.600, 52.200] }, "properties": {} },
    { "type": "Feature", "geometry": { "type": "Point", "coordinates": [644497.100, 6858579.800, 51.600] }, "properties": {} },
    { "type": "Feature", "geometry": { "type": "Point", "coordinates": [644497.100, 6858580.000, 51.000] }, "properties": {} },
    { "type": "Feature", "geometry": { "type": "Point", "coordinates": [644497.100, 6858580.200, 50.400] }, "properties": {} },
    { "type": "Feature", "geometry": { "type": "Point", "coordinates": [644497.100, 6858580.400, 49.800] }, "properties": {} },
    { "type": "Feature", "geometry": { "type": "Point", "coordinates": [644497.100, 6858580.600, 49.200] }, "properties": {} },
    { "type": "Feature", "geometry": { "type": "Point", "coordinates": [644497.100, 6858580.800, 48.600] }, "properties": {} },
    { "type": "Feature", "geometry": { "type": "Point", "coordinates": [644497.100, 6858581.000, 48.000] }, "properties": {} },
    { "type": "Feature", "geometry": { "type": "Point", "coordinates": [644497.100, 6858581.200, 47.400] }, "properties": {} },
    { "type": "Feature", "geometry": { "type": "Point", "coordinates": [644497.100, 6858581.400, 46.800] }, "properties": {} },
    { "type": "Feature", "geometry": { "type": "Point", "coordinates": [644497.100, 6858581.600, 46.200] }, "properties": {} },
    { "type": "Feature", "geometry": { "type": "Point", "coordinates": [644497.100, 6858581.800, 45.600] }, "properties": {} },
    { "type": "Feature", "geometry": { "type": "Point", "coordinates": [644497.100, 6858552.000, 40.000] }, "properties": {} },
    { "type": "Feature", "geometry": { "type": "Point", "coordinates": [644497.100, 6858552.200, 40.000] }, "properties": {} },
    { "type": "Feature", "geometry": { "type": "Point", "coordinates": [644497.100, 6858552.400, 40.000] }, "properties": {} },
    { "type": "Feature", "geometry": { "type": "Point", "coordinates": [644497.100, 6858552.600, 40.000] }, "properties": {} },
    { "type": "Feature", "geometry": { "type": "Point", "coordinates": [644497.100, 6858552.800, 40.000] }, "properties": {} },
    { "type": "Feature", "geometry": { "type": "Point", "coordinates": [644497.100, 6858553.000, 40.000] }, "properties": {} },
    { "type": "Feature", "geometry": { "type": "Point", "coordinates": [644497.100, 6858553.200, 40.000] }, "properties": {} },
    { "type": "Feature", "geometry": { "type": "Point", "coordinates": [644497.100, 6858553.400, 40.000] }, "properties": {} },
    { "type": "Feature", "geometry": { "type": "Point", "coordinates": [644497.100, 6858553.600, 40.000] }, "properties": {} },
    { "type": "Feature", "geometry": { "type": "Point", "coordinates": [644497.100, 6858553.800, 40.000] }, "properties": {} },
    { "type": "Feature", "geometry": { "type": "Point", "coordinates": [644497.100, 6858554.000, 40.000] }, "properties": {} },
    { "type": "Feature", "geometry": { "type": "Point", "coordinates": [644497.100, 6858554.200, 40.000] }, "properties": {} },
    { "type": "Feature", "geometry": { "type": "Point", "coordinates": [644497.100, 6858554.400, 40.000] }, "properties": {} },
    { "type": "Feature", "geometry": { "type": "Point", "coordinates": [644497.100, 6858554.600, 40.000] }, "properties": {} },
    { "type": "Feature", "geometry": { "type": "Point", "coordinates": [644497.100, 6858554.800, 40.000] }, "properties": {} },
    { "type": "Feature", "geometry": { "type": "Point", "coordinates": [644497.100, 6858555.000, 40.000] }, "properties": {} },
    { "type": "Feature", "geometry": { "type": "Point", "coordinates": [644497.100, 6858555.200, 40.000] }, "properties": {} },
    { "type": "Feature", "geometry": { "type": "Point", "coordinates": [644497.100, 6858555.400, 40.000] }, "properties": {} },
    { "type": "Feature", "geometry": { "type": "Point", "coordinates": [644497.100, 6858555.600, 40.000] }, "properties": {} },
    { "type": "Feature", "geometry": { "type": "Point", "coordinates": [644497.100, 6858555.800, 40.000] }, "properties": {} },
    { "type": "Feature", "geometry": { "type": "Point", "coordinates": [644497.100, 6858556.000, 40.000] }, "properties": {} },
    { "type": "Feature", "geometry": { "type": "Point", "coordinates": [644497.100, 6858556.200, 40.000] }, "properties": {} },
    { "type": "Feature", "geometry": { "type": "Point", "coordinates": [644497.100, 6858556.400, 40.000] }, "properties": {} },
    { "type": "Feature", "geometry": { "type": "Point", "coordinates": [644497.100, 6858556.600, 40.000] }, "properties": {} },
    { "type": "Feature", "geometry": { "type": "Point", "coordinates": [644497.100, 6858556.800, 40.000] }, "properties": {} },
    { "type": "Feature", "geometry": { "type": "Point", "coordinates": [644497.100, 6858557.000, 40.000] }, "properties": {} },
    { "type": "Feature", "geometry": { "type": "Point", "coordinates": [644497.100, 6858557.200, 40.000] }, "properties": {} },
    { "type": "Feature", "geometry": { "type": "Point", "coordinates": [644497.100, 6858557.400, 40.000] }, "properties": {} },
    { "type": "Feature", "geometry": { "type": "Point", "coordinates": [644497.100, 6858557.600, 40.000] }, "properties": {} },
    { "type": "Feature", "geometry": { "type": "Point", "coordinates": [644497.100, 6858557.800, 40.000] }, "properties": {} },
    { "type": "Feature", "geometry": { "type": "Point", "coordinates": [644497.100, 6858558.000, 40.000] }, "properties": {} },
    { "type": "Feature", "geometry": { "type": "Point", "coordinates": [644497.100, 6858558.200, 40.000] }, "properties": {} },
    { "type": "Feature", "geometry": { "type": "Point", "coordinates": [644497.100, 6858558.400, 40.000] }, "properties": {} },
    { "type": "Feature", "geometry": { "type": "Point", "coordinates": [644497.100, 6858558.600, 40.000] }, "properties": {} },
    { "type": "Feature", "geometry": { "type": "Point", "coordinates": [644497.100, 6858558.800, 40.000] }, "properties": {} },
    { "type": "Feature", "geometry": { "type": "Point", "coordinates": [644497.100, 6858559.000, 40.000] }, "properties": {} },
    { "type": "Feature", "geometry": { "type": "Point", "coordinates": [644497.100, 6858559.200, 40.000] }, "properties": {} },
    { "type": "Feature", "geometry": { "type": "Point", "coordinates": [644497.100, 6858559.400, 40.000] }, "properties": {} },
    { "type": "Feature", "geometry": { "type": "Point", "coordinates": [644497.100, 6858559.600, 40.000] }, "properties": {} },
    { "type": "Feature", "geometry": { "type": "Point", "coordinates": [644497.100, 6858559.800, 40.000] }, "properties": {} },
    { "type": "Feature", "geometry": { "type": "Point", "coordinates": [644497.100, 6858560.000, 40.000] }, "properties": {} },
    { "type": "Feature", "geometry": { "type": "Point", "coordinates": [644497.100, 6858560.200, 40.000] }, "properties": {} },
    { "type": "Feature", "geometry": { "type": "Point", "coordinates": [644497.100, 6858560.400, 40.000] }, "properties": {} },
    { "type": "Feature", "geometry": { "type": "Point", "coordinates": [644497.100, 6858560.600, 40.000] }, "properties": {} },
    { "type": "Feature", "geometry": { "type": "Point", "coordinates": [644497.100, 6858560.800, 40.000] }, "properties": {} },
    { "type": "Feature", "geometry": { "type": "Point", "coordinates": [644497.100, 6858561.000, 40.000] }, "properties": {} },
    { "type": "Feature", "geometry": { "type": "Point", "coordinates": [644497.100, 6858561.200, 40.000] }, "properties": {} },
    { "type": "Feature", "geometry": { "type": "Point", "coordinates": [644497.100, 6858561.400, 40.000] }, "properties": {} },
    { "type": "Feature", "geometry": { "type": "Point", "coordinates": [644497.100, 6858561.600, 40.000] }, "properties": {} },
    { "type": "Feature", "geometry": { "type": "Point", "coordinates": [644497.100, 6858561.800, 40.000] }, "properties": {} },
    { "type": "Feature", "geometry": { "type": "Point", "coordinates": [644497.100, 6858562.000, 40.000] }, "properties": {} },
    { "type": "Feature", "geometry": { "type": "Point", "coordinates": [644497.100, 6858562.200, 40.000] }, "properties": {} },
    { "type": "Feature", "geometry": { "type": "Point", "coordinates": [644497.100, 6858562.400, 40.000] }, "properties": {} },
    { "type": "Feature", "geometry": { "type": "Point", "coordinates": [644497.100, 6858562.600, 40.000] }, "properties": {} },
    { "type": "Feature", "geometry": { "type": "Point", "coordinates": [644497.100, 6858562.800, 40.000] }, "properties": {} },
    { "type": "Feature", "geometry": { "type": "Point", "coordinates": [644497.100, 6858563.000, 40.000] }, "properties": {} },
    { "type": "Feature", "geometry": { "type": "Point", "coordinates": [644497.100, 6858563.200, 40.000] }, "properties": {} },
    { "type": "Feature", "geometry": { "type": "Point", "coordinates": [644497.100, 6858563.400, 40.000] }, "properties": {} },
    { "type": "Feature", "geometry": { "type": "Point", "coordinates": [644497.100, 6858563.600, 40.000] }, "properties": {} },
    { "type": "Feature", "geometry": { "type": "Point", "coordinates": [644497.100, 6858563.800, 40.000] }, "properties": {} },
    { "type": "Feature", "geometry": { "type": "Point", "coordinates": [644497.100, 6858564.000, 40.000] }, "properties": {} },
    { "type": "Feature", "geometry": { "type": "Point", "coordinates": [644497.100, 6858564.200, 40.000] }, "properties": {} },
    { "type": "Feature", "geometry": { "type": "Point", "coordinates": [644497.100, 6858564.400, 40.000] }, "properties": {} },
    { "type": "Feature", "geometry": { "type": "Point", "coordinates": [644497.100, 6858564.600, 40.000] }, "properties": {} },
    { "type": "Feature", "geometry": { "type": "Point", "coordinates": [644497.100, 6858564.800, 40.000] }, "properties": {} },
    { "type": "Feature", "geometry": { "type": "Point", "coordinates": [644497.100, 6858565.000, 40.000] }, "properties": {} },
    { "type": "Feature", "geometry": { "type": "Point", "coordinates": [644497.100, 6858565.200, 40.000] }, "properties": {} },
    { "type": "Feature", "geometry": { "type": "Point", "coordinates": [644497.100, 6858565.400, 40.000] }, "properties": {} },
    { "type": "Feature", "geometry": { "type": "Point", "coordinates": [644497.100, 6858565.600, 40.000] }, "properties": {} },
    { "type": "Feature", "geometry": { "type": "Point", "coordinates": [644497.100, 6858565.800, 40.000] }, "properties": {} },
    { "type": "Feature", "geometry": { "type": "Point", "coordinates": [644497.100, 6858566.000, 40.000] }, "properties": {} },
    { "type": "Feature", "geometry": { "type": "Point", "coordinates": [644497.100, 6858566.200, 40.000] }, "properties": {} },
    { "type": "Feature", "geometry": { "type": "Point", "coordinates": [644497.100, 6858566.400, 40.000] }, "properties": {} },
    { "type": "Feature", "geometry": { "type": "Point", "coordinates": [644497.100, 6858566.600, 40.000] }, "properties": {} },
    { "type": "Feature", "geometry": { "type": "Point", "coordinates": [644497.100, 6858566.800, 40.000] }, "properties": {} },
    { "type": "Feature", "geometry": { "type": "Point", "coordinates": [644497.100, 6858567.000, 40.000] }, "properties": {} },
    { "type": "Feature", "geometry": { "type": "Point", "coordinates": [644497.100, 6858567.200, 40.000] }, "properties": {} },
    { "type": "Feature", "geometry": { "type": "Point", "coordinates": [644497.100, 6858567.400, 40.000] }, "properties": {} },
    { "type": "Feature", "geometry": { "type": "Point", "coordinates": [644497.100, 6858567.600, 40.000] }, "properties": {} },
    { "type": "Feature", "geometry": { "type": "Point", "coordinates": [644497.100, 6858567.800, 40.000] }, "properties": {} },
    { "type": "Feature", "geometry": { "type": "Point", "coordinates": [644497.100, 6858568.000, 40.000] }, "properties": {} },
    { "type": "Feature", "geometry": { "type": "Point", "coordinates": [644497.100, 6858568.200, 40.000] }, "properties": {} },
    { "type": "Feature", "geometry": { "type": "Point", "coordinates": [644497.100, 6858568.400, 40.000] }, "properties": {} },
    { "type": "Feature", "geometry": { "type": "Point", "coordinates": [644497.100, 6858568.600, 40.000] }, "properties": {} },
    { "type": "Feature", "geometry": { "type": "Point", "coordinates": [644497.100, 6858568.800, 40.000] }, "properties": {} },
    { "type": "Feature", "geometry": { "type": "Point", "coordinates": [644497.100, 6858569.000, 40.000] }, "properties": {} },
    { "type": "Feature", "geometry": { "type": "Point", "coordinates": [644497.100, 6858569.200, 40.000] }, "properties": {} },
    { "type": "Feature", "geometry": { "type": "Point", "coordinates": [644497.100, 6858569.400, 40.000] }, "properties": {} },
    { "type": "Feature", "geometry": { "type": "Point", "coordinates": [644497.100, 6858569.600, 40.000] }, "properties": {} },
    { "type": "Feature", "geometry": { "type": "Point", "coordinates": [644497.100, 6858569.800, 40.000] }, "properties": {} },
    { "type": "Feature", "geometry": { "type": "Point", "coordinates": [644497.100, 6858570.000, 40.000] }, "properties": {} },
    { "type": "Feature", "geometry": { "type": "Point", "coordinates": [644497.100, 6858570.200, 40.000] }, "properties": {} },
    { "type": "Feature", "geometry": { "type": "Point", "coordinates": [644497.100, 6858570.400, 40.000] }, "properties": {} },
    { "type": "Feature", "geometry": { "type": "Point", "coordinates": [644497.100, 6858570.600, 40.000] }, "properties": {} },
    { "type": "Feature", "geometry": { "type": "Point", "coordinates": [644497.100, 6858570.800, 40.000] }, "properties": {} },
    { "type": "Feature", "geometry": { "type": "Point", "coordinates": [644497.100, 6858571.000, 40.000] }, "properties": {} },
    { "type": "Feature", "geometry": { "type": "Point", "coordinates": [644497.100, 6858571.200, 40.000] }, "properties": {} },
    { "type": "Feature", "geometry": { "type": "Point", "coordinates": [644497.100, 6858571.400, 40.000] }, "properties": {} },
    { "type": "Feature", "geometry": { "type": "Point", "coordinates": [644497.100, 6858571.600, 40.000] }, "properties": {} },
    { "type": "Feature", "geometry": { "type": "Point", "coordinates": [644497.100, 6858571.800, 40.000] }, "properties": {} },
    { "type": "Feature", "geometry": { "type": "Point", "coordinates": [644497.100, 6858572.000, 40.000] }, "properties": {} },
    { "type": "Feature", "geometry": { "type": "Point", "coordinates": [644497.100, 6858572.200, 40.000] }, "properties": {} },
    { "type": "Feature", "geometry": { "type": "Point", "coordinates": [644497.100, 6858572.400, 40.000] }, "properties": {} },
    { "type": "Feature", "geometry": { "type": "Point", "coordinates": [644497.100, 6858572.600, 40.000] }, "properties": {} },
    { "type": "Feature", "geometry": { "type": "Point", "coordinates": [644497.100, 6858572.800, 40.000] }, "properties": {} },
    { "type": "Feature", "geometry": { "type": "Point", "coordinates": [644497.100, 6858573.000, 40.000] }, "properties": {} },
    { "type": "Feature", "geometry": { "type": "Point", "coordinates": [644497.100, 6858573.200, 40.000] }, "properties": {} },
    { "type": "Feature", "geometry": { "type": "Point", "coordinates": [644497.100, 6858573.400, 40.000] }, "properties": {} },
    { "type": "Feature", "geometry": { "type": "Point", "coordinates": [644497.100, 6858573.600, 40.000] }, "properties": {} },
    { "type": "Feature", "geometry": { "type": "Point", "coordinates": [644497.100, 6858573.800, 40.000] }, "properties": {} },
    { "type": "Feature", "geometry": { "type": "Point", "coordinates": [644497.100, 6858574.000, 40.000] }, "properties": {} },
    { "type": "Feature", "geometry": { "type": "Point", "coordinates": [644497.100, 6858574.200, 40.000] }, "properties": {} },
    { "type": "Feature", "geometry": { "type": "Point", "coordinates": [644497.100, 6858574.400, 40.000] }, "properties": {} },
    { "type": "Feature", "geometry": { "type": "Point", "coordinates": [644497.100, 6858574.600, 40.000] }, "properties": {} },
    { "type": "Feature", "geometry": { "type": "Point", "coordinates": [644497.100, 6858574.800, 40.000] }, "properties": {} },
    { "type": "Feature", "geometry": { "type": "Point", "coordinates": [644497.100, 6858575.000, 40.000] }, "properties": {} },
    { "type": "Feature", "geometry": { "type": "Point", "coordinates": [644497.100, 6858575.200, 40.000] }, "properties": {} },
    { "type": "Feature", "geometry": { "type": "Point", "coordinates": [644497.100, 6858575.400, 40.000] }, "properties": {} },
    { "type": "Feature", "geometry": { "type": "Point", "coordinates": [644497.100, 6858575.600, 40.000] }, "properties": {} },
    { "type": "Feature", "geometry": { "type": "Point", "coordinates": [644497.100, 6858575.800, 40.000] }, "properties": {} },
    { "type": "Feature", "geometry": { "type": "Point", "coordinates": [644497.100, 6858576.000, 40.000] }, "properties": {} },
    { "type": "Feature", "geometry": { "type": "Point", "coordinates": [644497.100, 6858576.200, 40.000] }, "properties": {} },
    { "type": "Feature", "geometry": { "type": "Point", "coordinates": [644497.100, 6858576.400, 40.000] }, "properties": {} },
    { "type": "Feature", "geometry": { "type": "Point", "coordinates": [644497.100, 6858576.600, 40.000] }, "properties": {} },
    { "type": "Feature", "geometry": { "type": "Point", "coordinates": [644497.100, 6858576.800, 40.000] }, "properties": {} },
    { "type": "Feature", "geometry": { "type": "Point", "coordinates": [644497.100, 6858577.000, 40.000] }, "properties": {} },
    { "type": "Feature", "geometry": { "type": "Point", "coordinates": [644497.100, 6858577.200, 40.000] }, "properties": {} },
    { "type": "Feature", "geometry": { "type": "Point", "coordinates": [644497.100, 6858577.400, 40.000] }, "properties": {} },
    { "type": "Feature", "geometry": { "type": "Point", "coordinates": [644497.100, 6858577.600, 40.000] }, "properties": {} },
    { "type": "Feature", "geometry": { "type": "Point", "coordinates": [644497.100, 6858577.800, 40.000] }, "properties": {} },
    { "type": "Feature", "geometry": { "type": "Point", "coordinates": [644497.100, 6858578.000, 40.000] }, "properties": {} },
    { "type": "Feature", "geometry": { "type": "Point", "coordinates": [644497.100, 6858578.200, 40.000] }, "properties": {} },
    { "type": "Feature", "geometry": { "type": "Point", "coordinates": [644497.100, 6858578.400, 40.000] }, "properties": {} },
    { "type": "Feature", "geometry": { "type": "Point", "coordinates": [644497.100, 6858578.600, 40.000] }, "properties": {} },
    { "type": "Feature", "geometry": { "type": "Point", "coordinates": [644497.100, 6858578.800, 40.000] }, "properties": {} },
    { "type": "Feature", "geometry": { "type": "Point", "coordinates": [644497.100, 6858579.000, 40.000] }, "properties": {} },
    { "type": "Feature", "geometry": { "type": "Point", "coordinates": [644497.100, 6858579.200, 40.000] }, "properties": {} },
    { "type": "Feature", "geometry": { "type": "Point", "coordinates": [644497.100, 6858579.400, 40.000] }, "properties": {} },
    { "type": "Feature", "geometry": { "type": "Point", "coordinates": [644497.100, 6858579.600, 40.000] }, "properties": {} },
    { "type": "Feature", "geometry": { "type": "Point", "coordinates": [644497.100, 6858579.800, 40.000] }, "properties": {} },
    { "type": "Feature", "geometry": { "type": "Point", "coordinates": [644497.100, 6858580.000, 40.000] }, "properties": {} },
    { "type": "Feature", "geometry": { "type": "Point", "coordinates": [644497.100, 6858580.200, 40.000] }, "properties": {} },
    { "type": "Feature", "geometry": { "type": "Point", "coordinates": [644497.100, 6858580.400, 40.000] }, "properties": {} },
    { "type": "Feature", "geometry": { "type": "Point", "coordinates": [644497.100, 6858580.600, 40.000] }, "properties": {} },
    { "type": "Feature", "geometry": { "type": "Point", "coordinates": [644497.100, 6858580.800, 40.000] }, "properties": {} },
    { "type": "Feature", "geometry": { "type": "Point", "coordinates": [644497.100, 6858581.000, 40.000] }, "properties": {} },
    { "type": "Feature", "geometry": { "type": "Point", "coordinates": [644497.100, 6858581.200, 40.000] }, "properties": {} },
    { "type": "Feature", "geometry": { "type": "Point", "coordinates": [644497.100, 6858581.400, 40.000] }, "properties": {} },
    { "type": "Feature", "geometry": { "type": "Point", "coordinates": [644497.100, 6858581.600, 40.000] }, "properties": {} },
    { "type": "Feature", "geometry": { "type": "Point", "coordinates": [644497.100, 6858581.800, 40.000] }, "properties": {} },
    { "type": "Feature", "geometry": { "type": "Point", "coordinates": [644497.100, 6858582.000, 40.000] }, "properties": {} },
    { "type": "Feature", "geometry": { "type": "Point", "coordinates": [644497.100, 6858582.200, 40.000] }, "properties": {} },
    { "type": "Feature", "geometry": { "type": "Point", "coordinates": [644497.100, 6858582.400, 40.000] }, "properties": {} },
    { "type": "Feature", "geometry": { "type": "Point", "coordinates": [644497.100, 6858582.600, 40.000] }, "properties": {} },
    { "type": "Feature", "geometry": { "type": "Point", "coordinates": [644497.100, 6858582.800, 40.000] }, "properties": {} },
    { "type": "Feature", "geometry": { "type": "Point", "coordinates": [644497.100, 6858583.000, 40.000] }, "properties": {} },
    { "type": "Feature", "geometry": { "type": "Point", "coordinates": [644497.100, 6858583.200, 40.000] }, "properties": {} },
    { "type": "Feature", "geometry": { "type": "Point", "coordinates": [644497.100, 6858583.400, 40.000] }, "properties": {} },
    { "type": "Feature", "geometry": { "type": "Point", "coordinates": [644497.100, 6858583.600, 40.000] }, "properties": {} },
    { "type": "Feature", "geometry": { "type": "Point", "coordinates": [644497.100, 6858583.800, 40.000] }, "properties": {} },
    { "type": "Feature", "geometry": { "type": "Point", "coordinates": [644497.100, 6858584.000, 40.000] }, "properties": {} },
    { "type": "Feature", "geometry": { "type": "Point", "coordinates": [644497.100, 6858584.200, 40.000] }, "properties": {} },
    { "type": "Feature", "geometry": { "type": "Point", "coordinates": [644497.100, 6858584.400, 40.000] }, "properties": {} },
    { "type": "Feature", "geometry": { "type": "Point", "coordinates": [644497.100, 6858584.600, 40.000] }, "properties": {} },
    { "type": "Feature", "geometry": { "type": "Point", "coordinates": [644497.100, 6858584.800, 40.000] }, "properties": {} },
    { "type": "Feature", "geometry": { "type": "Point", "coordinates": [644497.100, 6858585.000, 40.000] }, "properties": {} },
    { "type": "Feature", "geometry": { "type": "Point", "coordinates": [644497.100, 6858585.200, 40.000] }, "properties": {} },
    { "type": "Feature", "geometry": { "type": "Point", "coordinates": [644497.100, 6858585.400, 40.000] }, "properties": {} },
    { "type": "Feature", "geometry": { "type": "Point", "coordinates": [644497.100, 6858585.600, 40.000] }, "properties": {} },
    { "type": "Feature", "geometry": { "type": "Point", "coordinates": [644497.100, 6858585.800, 40.000] }, "properties": {} },
    { "type": "Feature", "geometry": { "type": "Point", "coordinates": [644497.100, 6858586.000, 40.000] }, "properties": {} },
    { "type": "Feature", "geometry": { "type": "Point", "coordinates": [644497.100, 6858586.200, 40.000] }, "properties": {} },
    { "type": "Feature", "geometry": { "type": "Point", "coordinates": [644497.100, 6858586.400, 40.000] }, "properties": {} },
    { "type": "Feature", "geometry": { "type": "Point", "coordinates": [644497.100, 6858586.600, 40.000] }, "properties": {} },
    { "type": "Feature", "geometry": { "type": "Point", "coordinates": [644497.100, 6858586.800, 40.000] }, "properties": {} },
    { "type": "Feature", "geometry": { "type": "Point", "coordinates": [644497.100, 6858587.000, 40.000] }, "properties": {} },
    { "type": "Feature", "geometry": { "type": "Point", "coordinates": [644497.100, 6858587.200, 40.000] }, "properties": {} },
    { "type": "Feature", "geometry": { "type": "Point", "coordinates": [644497.100, 6858587.400, 40.000] }, "properties": {} },
    { "type": "Feature", "geometry": { "type": "Point", "coordinates": [644497.100, 6858587.600, 40.000] }, "properties": {} },
    { "type": "Feature", "geometry": { "type": "Point", "coordinates": [644497.100, 6858587.800, 40.000] }, "properties": {} },
    { "type": "Feature", "geometry": { "type": "Point", "coordinates": [644497.100, 6858588.000, 40.000] }, "properties": {} },
    { "type": "Feature", "geometry": { "type": "Point", "coordinates": [644497.100, 6858588.200, 40.000] }, "properties": {} },
    { "type": "Feature", "geometry": { "type": "Point", "coordinates": [644497.100, 6858588.400, 40.000] }, "properties": {} },
    { "type": "Feature", "geometry": { "type": "Point", "coordinates": [644497.100, 6858588.600, 40.000] }, "properties": {} },
    { "type": "Feature", "geometry": { "type": "Point", "coordinates": [644497.100, 6858588.800, 40.000] }, "properties": {} },
    { "type": "Feature", "geometry": { "type": "Point", "coordinates": [644497.100, 6858589.000, 40.000] }, "properties": {} },
    { "type": "Feature", "geometry": { "type": "Point", "coordinates": [644497.100, 6858589.200, 40.000] }, "properties": {} },
    { "type": "Feature", "geometry": { "type": "Point", "coordinates": [644497.100, 6858589.400, 40.000] }, "properties": {} },
    { "type": "Feature", "geometry": { "type": "Point", "coordinates": [644497.100, 6858589.600, 40.000] }, "properties": {} },
    { "type": "Feature", "geometry": { "type": "Point", "coordinates": [644497.100, 6858589.800, 40.000] }, "properties": {} },
    { "type": "Feature", "geometry": { "type": "Point", "coordinates": [644497.100, 6858590.000, 40.000] }, "properties": {} },
    { "type": "Feature", "geometry": { "type": "Point", "coordinates": [644497.100, 6858590.200, 40.000] }, "properties": {} },
    { "type": "Feature", "geometry": { "type": "Point", "coordinates": [644497.100, 6858590.400, 40.000] }, "properties": {} },
    { "type": "Feature", "geometry": { "type": "Point", "coordinates": [644497.100, 6858590.600, 40.000] }, "properties": {} },
    { "type": "Feature", "geometry": { "type": "Point", "coordinates": [644497.100, 6858590.800, 40.000] }, "properties": {} },
    { "type": "Feature", "geometry": { "type": "Point", "coordinates": [644497.100, 6858591.000, 40.000] }, "properties": {} },
    { "type": "Feature", "geometry": { "type": "Point", "coordinates": [644497.100, 6858591.200, 40.000] }, "properties": {} },
    { "type": "Feature", "geometry": { "type": "Point", "coordinates": [644497.100, 6858591.400, 40.000] }, "properties": {} },
    { "type": "Feature", "geometry": { "type": "Point", "coordinates": [644497.100, 6858591.600, 40.000] }, "properties": {} },
    { "type": "Feature", "geometry": { "type": "Point", "coordinates": [644497.100, 6858591.800, 40.000] }, "properties": {} },
    { "type": "Feature", "geometry": { "type": "Point", "coordinates": [644499.100, 6858552.000, 45.000] }, "properties": {} },
    { "type": "Feature", "geometry": { "type": "Point", "coordinates": [644499.100, 6858552.200, 45.000] }, "properties": {} },
    { "type": "Feature", "geometry": { "type": "Point", "coordinates": [644499.100, 6858552.400, 45.000] }, "properties": {} },
    { "type": "Feature", "geometry": { "type": "Point", "coordinates": [644499.100, 6858552.600, 45.000] }, "properties": {} },
    { "type": "Feature", "geometry": { "type": "Point", "coordinates": [644499.100, 6858552.800, 45.000] }, "properties": {} },
    { "type": "Feature", "geometry": { "type": "Point", "coordinates": [644499.100, 6858553.000, 45.000] }, "properties": {} },
    { "type": "Feature", "geometry": { "type": "Point", "coordinates": [644499.100, 6858553.200, 45.000] }, "properties": {} },
    { "type": "Feature", "geometry": { "type": "Point", "coordinates": [644499.100, 6858553.400, 45.000] }, "properties": {} },
    { "type": "Feature", "geometry": { "type": "Point", "coordinates": [644499.100, 6858553.600, 45.000] }, "properties": {} },
    { "type": "Feature", "geometry": { "type": "Point", "coordinates": [644499.100, 6858553.800, 45.000] }, "properties": {} },
    { "type": "Feature", "geometry": { "type": "Point", "coordinates": [644499.100, 6858554.000, 45.000] }, "properties": {} },
    { "type": "Feature", "geometry": { "type": "Point", "coordinates": [644499.100, 6858554.200, 45.000] }, "properties": {} },
    { "type": "Feature", "geometry": { "type": "Point", "coordinates": [644499.100, 6858554.400, 45.000] }, "properties": {} },
    { "type": "Feature", "geometry": { "type": "Point", "coordinates": [644499.100, 6858554.600, 45.000] }, "properties": {} },
    { "type": "Feature", "geometry": { "type": "Point", "coordinates": [644499.100, 6858554.800, 45.000] }, "properties": {} },
    { "type": "Feature", "geometry": { "type": "Point", "coordinates": [644499.100, 6858555.000, 45.000] }, "properties": {} },
    { "type": "Feature", "geometry": { "type": "Point", "coordinates": [644499.100, 6858555.200, 45.000] }, "properties": {} },
    { "type": "Feature", "geometry": { "type": "Point", "coordinates": [644499.100, 6858555.400, 45.000] }, "properties": {} },
    { "type": "Feature", "geometry": { "type": "Point", "coordinates": [644499.100, 6858555.600, 45.000] }, "properties": {} },
    { "type": "Feature", "geometry": { "type": "Point", "coordinates": [644499.100, 6858555.800, 45.000] }, "properties": {} },
    { "type": "Feature", "geometry": { "type": "Point", "coordinates": [644499.100, 6858556.000, 45.000] }, "properties": {} },
    { "type": "Feature", "geometry": { "type": "Point", "coordinates": [644499.100, 6858556.200, 45.000] }, "properties": {} },
    { "type": "Feature", "geometry": { "type": "Point", "coordinates": [644499.100, 6858556.400, 45.000] }, "properties": {} },
    { "type": "Feature", "geometry": { "type": "Point", "coordinates": [644499.100, 6858556.600, 45.000] }, "properties": {} },
    { "type": "Feature", "geometry": { "type": "Point", "coordinates": [644499.100, 6858556.800, 45.000] }, "properties": {} },
    { "type": "Feature", "geometry": { "type": "Point", "coordinates": [644499.100, 6858557.000, 45.000] }, "properties": {} },
    { "type": "Feature", "geometry": { "type": "Point", "coordinates": [644499.100, 6858557.200, 45.000] }, "properties": {} },
    { "type": "Feature", "geometry": { "type": "Point", "coordinates": [644499.100, 6858557.400, 45.000] }, "properties": {} },
    { "type": "Feature", "geometry": { "type": "Point", "coordinates": [644499.100, 6858557.600, 45.000] }, "properties": {} },
    { "type": "Feature", "geometry": { "type": "Point", "coordinates": [644499.100, 6858557.800, 45.000] }, "properties": {} },
    { "type": "Feature", "geometry": { "type": "Point", "coordinates": [644499.100, 6858558.000, 45.000] }, "properties": {} },
    { "type": "Feature", "geometry": { "type": "Point", "coordinates": [644499.100, 6858558.200, 45.000] }, "properties": {} },
    { "type": "Feature", "geometry": { "type": "Point", "coordinates": [644499.100, 6858558.400, 45.000] }, "properties": {} },
    { "type": "Feature", "geometry": { "type": "Point", "coordinates": [644499.100, 6858558.600, 45.000] }, "properties": {} },
    { "type": "Feature", "geometry": { "type": "Point", "coordinates": [644499.100, 6858558.800, 45.000] }, "properties": {} },
    { "type": "Feature", "geometry": { "type": "Point", "coordinates": [644499.100, 6858559.000, 45.000] }, "properties": {} },
    { "type": "Feature", "geometry": { "type": "Point", "coordinates": [644499.100, 6858559.200, 45.000] }, "properties": {} },
    { "type": "Feature", "geometry": { "type": "Point", "coordinates": [644499.100, 6858559.400, 45.000] }, "properties": {} },
    { "type": "Feature", "geometry": { "type": "Point", "coordinates": [644499.100, 6858559.600, 45.000] }, "properties": {} },
    { "type": "Feature", "geometry": { "type": "Point", "coordinates": [644499.100, 6858559.800, 45.000] }, "properties": {} },
    { "type": "Feature", "geometry": { "type": "Point", "coordinates": [644499.100, 6858560.000, 45.000] }, "properties": {} },
    { "type": "Feature", "geometry": { "type": "Point", "coordinates": [644499.100, 6858560.200, 45.000] }, "properties": {} },
    { "type": "Feature", "geometry": { "type": "Point", "coordinates": [644499.100, 6858560.400, 45.000] }, "properties": {} },
    { "type": "Feature", "geometry": { "type": "Point", "coordinates": [644499.100, 6858560.600, 45.000] }, "properties": {} },
    { "type": "Feature", "geometry": { "type": "Point", "coordinates": [644499.100, 6858560.800, 45.000] }, "properties": {} },
    { "type": "Feature", "geometry": { "type": "Point", "coordinates": [644499.100, 6858561.000, 45.000] }, "properties": {} },
    { "type": "Feature", "geometry": { "type": "Point", "coordinates": [644499.100, 6858561.200, 45.000] }, "properties": {} },
    { "type": "Feature", "geometry": { "type": "Point", "coordinates": [644499.100, 6858561.400, 45.000] }, "properties": {} },
    { "type": "Feature", "geometry": { "type": "Point", "coordinates": [644499.100, 6858561.600, 45.000] }, "properties": {} },
    { "type": "Feature", "geometry": { "type": "Point", "coordinates": [644499.100, 6858561.800, 45.000] }, "properties": {} },
    { "type": "Feature", "geometry": { "type": "Point", "coordinates": [644499.100, 6858562.000, 45.000] }, "properties": {} },
    { "type": "Feature", "geometry": { "type": "Point", "coordinates": [644499.100, 6858562.200, 45.600] }, "properties": {} },
    { "type": "Feature", "geometry": { "type": "Point", "coordinates": [644499.100, 6858562.400, 46.200] }, "properties": {} },
    { "type": "Feature", "geometry": { "type": "Point", "coordinates": [644499.100, 6858562.600, 46.800] }, "properties": {} },
    { "type": "Feature", "geometry": { "type": "Point", "coordinates": [644499.100, 6858562.800, 47.400] }, "properties": {} },
    { "type": "Feature", "geometry": { "type": "Point", "coordinates": [644499.100, 6858563.000, 48.000] }, "properties": {} },
    { "type": "Feature", "geometry": { "type": "Point", "coordinates": [644499.100, 6858563.200, 48.600] }, "properties": {} },
    { "type": "Feature", "geometry": { "type": "Point", "coordinates": [644499.100, 6858563.400, 49.200] }, "properties": {} },
    { "type": "Feature", "geometry": { "type": "Point", "coordinates": [644499.100, 6858563.600, 49.800] }, "properties": {} },
    { "type": "Feature", "geometry": { "type": "Point", "coordinates": [644499.100, 6858563.800, 50.400] }, "properties": {} },
    { "type": "Feature", "geometry": { "type": "Point", "coordinates": [644499.100, 6858564.000, 51.000] }, "properties": {} },
    { "type": "Feature", "geometry": { "type": "Point", "coordinates": [644499.100, 6858564.200, 51.600] }, "properties": {} },
    { "type": "Feature", "geometry": { "type": "Point", "coordinates": [644499.100, 6858564.400, 52.200] }, "properties": {} },
    { "type": "Feature", "geometry": { "type": "Point", "coordinates": [644499.100, 6858564.600, 52.800] }, "properties": {} },
    { "type": "Feature", "geometry": { "type": "Point", "coordinates": [644499.100, 6858564.800, 53.400] }, "properties": {} },
    { "type": "Feature", "geometry": { "type": "Point", "coordinates": [644499.100, 6858565.000, 54.000] }, "properties": {} },
    { "type": "Feature", "geometry": { "type": "Point", "coordinates": [644499.100, 6858565.200, 54.600] }, "properties": {} },
    { "type": "Feature", "geometry": { "type": "Point", "coordinates": [644499.100, 6858565.400, 55.200] }, "properties": {} },
    { "type": "Feature", "geometry": { "type": "Point", "coordinates": [644499.100, 6858565.600, 55.800] }, "properties": {} },
    { "type": "Feature", "geometry": { "type": "Point", "coordinates": [644499.100, 6858565.800, 56.400] }, "properties": {} },
    { "type": "Feature", "geometry": { "type": "Point", "coordinates": [644499.100, 6858566.000, 57.000] }, "properties": {} },
    { "type": "Feature", "geometry": { "type": "Point", "coordinates": [644499.100, 6858566.200, 57.600] }, "properties": {} },
    { "type": "Feature", "geometry": { "type": "Point", "coordinates": [644499.100, 6858566.400, 58.200] }, "properties": {} },
    { "type": "Feature", "geometry": { "type": "Point", "coordinates": [644499.100, 6858566.600, 58.800] }, "properties": {} },
    { "type": "Feature", "geometry": { "type": "Point", "coordinates": [644499.100, 6858566.800, 59.400] }, "properties": {} },
    { "type": "Feature", "geometry": { "type": "Point", "coordinates": [644499.100, 6858567.000, 60.000] }, "properties": {} },
    { "type": "Feature", "geometry": { "type": "Point", "coordinates": [644499.100, 6858567.200, 60.600] }, "properties": {} },
    { "type": "Feature", "geometry": { "type": "Point", "coordinates": [644499.100, 6858567.400, 61.200] }, "properties": {} },
    { "type": "Feature", "geometry": { "type": "Point", "coordinates": [644499.100, 6858567.600, 61.800] }, "properties": {} },
    { "type": "Feature", "geometry": { "type": "Point", "coordinates": [644499.100, 6858567.800, 62.400] }, "properties": {} },
    { "type": "Feature", "geometry": { "type": "Point", "coordinates": [644499.100, 6858568.000, 63.000] }, "properties": {} },
    { "type": "Feature", "geometry": { "type": "Point", "coordinates": [644499.100, 6858568.200, 63.600] }, "properties": {} },
    { "type": "Feature", "geometry": { "type": "Point", "coordinates": [644499.100, 6858568.400, 64.200] }, "properties": {} },
    { "type": "Feature", "geometry": { "type": "Point", "coordinates": [644499.100, 6858568.600, 64.800] }, "properties": {} },
    { "type": "Feature", "geometry": { "type": "Point", "coordinates": [644499.100, 6858568.800, 65.400] }, "properties": {} },
    { "type": "Feature", "geometry": { "type": "Point", "coordinates": [644499.100, 6858569.000, 66.000] }, "properties": {} },
    { "type": "Feature", "geometry": { "type": "Point", "coordinates": [644499.100, 6858569.200, 66.600] }, "properties": {} },
    { "type": "Feature", "geometry": { "type": "Point", "coordinates": [644499.100, 6858569.400, 67.200] }, "properties": {} },
    { "type": "Feature", "geometry": { "type": "Point", "coordinates": [644499.100, 6858569.600, 67.800] }, "properties": {} },
    { "type": "Feature", "geometry": { "type": "Point", "coordinates": [644499.100, 6858569.800, 68.400] }, "properties": {} },
    { "type": "Feature", "geometry": { "type": "Point", "coordinates": [644499.100, 6858570.000, 69.000] }, "properties": {} },
    { "type": "Feature", "geometry": { "type": "Point", "coordinates": [644499.100, 6858570.200, 69.600] }, "properties": {} },
    { "type": "Feature", "geometry": { "type": "Point", "coordinates": [644499.100, 6858570.400, 70.200] }, "properties": {} },
    { "type": "Feature", "geometry": { "type": "Point", "coordinates": [644499.100, 6858570.600, 70.800] }, "properties": {} },
    { "type": "Feature", "geometry": { "type": "Point", "coordinates": [644499.100, 6858570.800, 71.400] }, "properties": {} },
    { "type": "Feature", "geometry": { "type": "Point", "coordinates": [644499.100, 6858571.000, 72.000] }, "properties": {} },
    { "type": "Feature", "geometry": { "type": "Point", "coordinates": [644499.100, 6858571.200, 72.600] }, "properties": {} },
    { "type": "Feature", "geometry": { "type": "Point", "coordinates": [644499.100, 6858571.400, 73.200] }, "properties": {} },
    { "type": "Feature", "geometry": { "type": "Point", "coordinates": [644499.100, 6858571.600, 73.800] }, "properties": {} },
    { "type": "Feature", "geometry": { "type": "Point", "coordinates": [644499.100, 6858571.800, 74.400] }, "properties": {} },
    { "type": "Feature", "geometry": { "type": "Point", "coordinates": [644499.100, 6858572.000, 75.000] }, "properties": {} },
    { "type": "Feature", "geometry": { "type": "Point", "coordinates": [644499.100, 6858572.200, 74.400] }, "properties": {} },
    { "type": "Feature", "geometry": { "type": "Point", "coordinates": [644499.100, 6858572.400, 73.800] }, "properties": {} },
    { "type": "Feature", "geometry": { "type": "Point", "coordinates": [644499.100, 6858572.600, 73.200] }, "properties": {} },
    { "type": "Feature", "geometry": { "type": "Point", "coordinates": [644499.100, 6858572.800, 72.600] }, "properties": {} },
    { "type": "Feature", "geometry": { "type": "Point", "coordinates": [644499.100, 6858573.000, 72.000] }, "properties": {} },
    { "type": "Feature", "geometry": { "type": "Point", "coordinates": [644499.100, 6858573.200, 71.400] }, "properties": {} },
    { "type": "Feature", "geometry": { "type": "Point", "coordinates": [644499.100, 6858573.400, 70.800] }, "properties": {} },
    { "type": "Feature", "geometry": { "type": "Point", "coordinates": [644499.100, 6858573.600, 70.200] }, "properties": {} },
    { "type": "Feature", "geometry": { "type": "Point", "coordinates": [644499.100, 6858573.800, 69.600] }, "properties": {} },
    { "type": "Feature", "geometry": { "type": "Point", "coordinates": [644499.100, 6858574.000, 69.000] }, "properties": {} },
    { "type": "Feature", "geometry": { "type": "Point", "coordinates": [644499.100, 6858574.200, 68.400] }, "properties": {} },
    { "type": "Feature", "geometry": { "type": "Point", "coordinates": [644499.100, 6858574.400, 67.800] }, "properties": {} },
    { "type": "Feature", "geometry": { "type": "Point", "coordinates": [644499.100, 6858574.600, 67.200] }, "properties": {} },
    { "type": "Feature", "geometry": { "type": "Point", "coordinates": [644499.100, 6858574.800, 66.600] }, "properties": {} },
    { "type": "Feature", "geometry": { "type": "Point", "coordinates": [644499.100, 6858575.000, 66.000] }, "properties": {} },
    { "type": "Feature", "geometry": { "type": "Point", "coordinates": [644499.100, 6858575.200, 65.400] }, "properties": {} },
    { "type": "Feature", "geometry": { "type": "Point", "coordinates": [644499.100, 6858575.400, 64.800] }, "properties": {} },
    { "type": "Feature", "geometry": { "type": "Point", "coordinates": [644499.100, 6858575.600, 64.200] }, "properties": {} },
    { "type": "Feature", "geometry": { "type": "Point", "coordinates": [644499.100, 6858575.800, 63.600] }, "properties": {} },
    { "type": "Feature", "geometry": { "type": "Point", "coordinates": [644499.100, 6858576.000, 63.000] }, "properties": {} },
    { "type": "Feature", "geometry": { "type": "Point", "coordinates": [644499.100, 6858576.200, 62.400] }, "properties": {} },
    { "type": "Feature", "geometry": { "type": "Point", "coordinates": [644499.100, 6858576.400, 61.800] }, "properties": {} },
    { "type": "Feature", "geometry": { "type": "Point", "coordinates": [644499.100, 6858576.600, 61.200] }, "properties": {} },
    { "type": "Feature", "geometry": { "type": "Point", "coordinates": [644499.100, 6858576.800, 60.600] }, "properties": {} },
    { "type": "Feature", "geometry": { "type": "Point", "coordinates": [644499.100, 6858577.000, 60.000] }, "properties": {} },
    { "type": "Feature", "geometry": { "type": "Point", "coordinates": [644499.100, 6858577.200, 59.400] }, "properties": {} },
    { "type": "Feature", "geometry": { "type": "Point", "coordinates": [644499.100, 6858577.400, 58.800] }, "properties": {} },
    { "type": "Feature", "geometry": { "type": "Point", "coordinates": [644499.100, 6858577.600, 58.200] }, "properties": {} },
    { "type": "Feature", "geometry": { "type": "Point", "coordinates": [644499.100, 6858577.800, 57.600] }, "properties": {} },
    { "type": "Feature", "geometry": { "type": "Point", "coordinates": [644499.100, 6858578.000, 57.000] }, "properties": {} },
    { "type": "Feature", "geometry": { "type": "Point", "coordinates": [644499.100, 6858578.200, 56.400] }, "properties": {} },
    { "type": "Feature", "geometry": { "type": "Point", "coordinates": [644499.100, 6858578.400, 55.800] }, "properties": {} },
    { "type": "Feature", "geometry": { "type": "Point", "coordinates": [644499.100, 6858578.600, 55.200] }, "properties": {} },
    { "type": "Feature", "geometry": { "type": "Point", "coordinates": [644499.100, 6858578.800, 54.600] }, "properties": {} },
    { "type": "Feature", "geometry": { "type": "Point", "coordinates": [644499.100, 6858579.000, 54.000] }, "properties": {} },
    { "type": "Feature", "geometry": { "type": "Point", "coordinates": [644499.100, 6858579.200, 53.400] }, "properties": {} },
    { "type": "Feature", "geometry": { "type": "Point", "coordinates": [644499.100, 6858579.400, 52.800] }, "properties": {} },
    { "type": "Feature", "geometry": { "type": "Point", "coordinates": [644499.100, 6858579.600, 52.200] }, "properties": {} },
    { "type": "Feature", "geometry": { "type": "Point", "coordinates": [644499.100, 6858579.800, 51.600] }, "properties": {} },
    { "type": "Feature", "geometry": { "type": "Point", "coordinates": [644499.100, 6858580.000, 51.000] }, "properties": {} },
    { "type": "Feature", "geometry": { "type": "Point", "coordinates": [644499.100, 6858580.200, 50.400] }, "properties": {} },
    { "type": "Feature", "geometry": { "type": "Point", "coordinates": [644499.100, 6858580.400, 49.800] }, "properties": {} },
    { "type": "Feature", "geometry": { "type": "Point", "coordinates": [644499.100, 6858580.600, 49.200] }, "properties": {} },
    { "type": "Feature", "geometry": { "type": "Point", "coordinates": [644499.100, 6858580.800, 48.600] }, "properties": {} },
    { "type": "Feature", "geometry": { "type": "Point", "coordinates": [644499.100, 6858581.000, 48.000] }, "properties": {} },
    { "type": "Feature", "geometry": { "type": "Point", "coordinates": [644499.100, 6858581.200, 47.400] }, "properties": {} },
    { "type": "Feature", "geometry": { "type": "Point", "coordinates": [644499.100, 6858581.400, 46.800] }, "properties": {} },
    { "type": "Feature", "geometry": { "type": "Point", "coordinates": [644499.100, 6858581.600, 46.200] }, "properties": {} },
    { "type": "Feature", "geometry": { "type": "Point", "coordinates": [644499.100, 6858581.800, 45.600] }, "properties": {} },
    { "type": "Feature", "geometry": { "type": "Point", "coordinates": [644499.100, 6858552.000, 40.000] }, "properties": {} },
    { "type": "Feature", "geometry": { "type": "Point", "coordinates": [644499.100, 6858552.200, 40.000] }, "properties": {} },
    { "type": "Feature", "geometry": { "type": "Point", "coordinates": [644499.100, 6858552.400, 40.000] }, "properties": {} },
    { "type": "Feature", "geometry": { "type": "Point", "coordinates": [644499.100, 6858552.600, 40.000] }, "properties": {} },
    { "type": "Feature", "geometry": { "type": "Point", "coordinates": [644499.100, 6858552.800, 40.000] }, "properties": {} },
    { "type": "Feature", "geometry": { "type": "Point", "coordinates": [644499.100, 6858553.000, 40.000] }, "properties": {} },
    { "type": "Feature", "geometry": { "type": "Point", "coordinates": [644499.100, 6858553.200, 40.000] }, "properties": {} },
    { "type": "Feature", "geometry": { "type": "Point", "coordinates": [644499.100, 6858553.400, 40.000] }, "properties": {} },
    { "type": "Feature", "geometry": { "type": "Point", "coordinates": [644499.100, 6858553.600, 40.000] }, "properties": {} },
    { "type": "Feature", "geometry": { "type": "Point", "coordinates": [644499.100, 6858553.800, 40.000] }, "properties": {} },
    { "type": "Feature", "geometry": { "type": "Point", "coordinates": [644499.100, 6858554.000, 40.000] }, "properties": {} },
    { "type": "Feature", "geometry": { "type": "Point", "coordinates": [644499.100, 6858554.200, 40.000] }, "properties": {} },
    { "type": "Feature", "geometry": { "type": "Point", "coordinates": [644499.100, 6858554.400, 40.000] }, "properties": {} },
    { "type": "Feature", "geometry": { "type": "Point", "coordinates": [644499.100, 6858554.600, 40.000] }, "properties": {} },
    { "type": "Feature", "geometry": { "type": "Point", "coordinates": [644499.100, 6858554.800, 40.000] }, "properties": {} },
    { "type": "Feature", "geometry": { "type": "Point", "coordinates": [644499.100, 6858555.000, 40.000] }, "properties": {} },
    { "type": "Feature", "geometry": { "type": "Point", "coordinates": [644499.100, 6858555.200, 40.000] }, "properties": {} },
    { "type": "Feature", "geometry": { "type": "Point", "coordinates": [644499.100, 6858555.400, 40.000] }, "properties": {} },
    { "type": "Feature", "geometry": { "type": "Point", "coordinates": [644499.100, 6858555.600, 40.000] }, "properties": {} },
    { "type": "Feature", "geometry": { "type": "Point", "coordinates": [644499.100, 6858555.800, 40.000] }, "properties": {} },
    { "type": "Feature", "geometry": { "type": "Point", "coordinates": [644499.100, 6858556.000, 40.000] }, "properties": {} },
    { "type": "Feature", "geometry": { "type": "Point", "coordinates": [644499.100, 6858556.200, 40.000] }, "properties": {} },
    { "type": "Feature", "geometry": { "type": "Point", "coordinates": [644499.100, 6858556.400, 40.000] }, "properties": {} },
    { "type": "Feature", "geometry": { "type": "Point", "coordinates": [644499.100, 6858556.600, 40.000] }, "properties": {} },
    { "type": "Feature", "geometry": { "type": "Point", "coordinates": [644499.100, 6858556.800, 40.000] }, "properties": {} },
    { "type": "Feature", "geometry": { "type": "Point", "coordinates": [644499.100, 6858557.000, 40.000] }, "properties": {} },
    { "type": "Feature", "geometry": { "type": "Point", "coordinates": [644499.100, 6858557.200, 40.000] }, "properties": {} },
    { "type": "Feature", "geometry": { "type": "Point", "coordinates": [644499.100, 6858557.400, 40.000] }, "properties": {} },
    { "type": "Feature", "geometry": { "type": "Point", "coordinates": [644499.100, 6858557.600, 40.000] }, "properties": {} },
    { "type": "Feature", "geometry": { "type": "Point", "coordinates": [644499.100, 6858557.800, 40.000] }, "properties": {} },
    { "type": "Feature", "geometry": { "type": "Point", "coordinates": [644499.100, 6858558.000, 40.000] }, "properties": {} },
    { "type": "Feature", "geometry": { "type": "Point", "coordinates": [644499.100, 6858558.200, 40.000] }, "properties": {} },
    { "type": "Feature", "geometry": { "type": "Point", "coordinates": [644499.100, 6858558.400, 40.000] }, "properties": {} },
    { "type": "Feature", "geometry": { "type": "Point", "coordinates": [644499.100, 6858558.600, 40.000] }, "properties": {} },
    { "type": "Feature", "geometry": { "type": "Point", "coordinates": [644499.100, 6858558.800, 40.000] }, "properties": {} },
    { "type": "Feature", "geometry": { "type": "Point", "coordinates": [644499.100, 6858559.000, 40.000] }, "properties": {} },
    { "type": "Feature", "geometry": { "type": "Point", "coordinates": [644499.100, 6858559.200, 40.000] }, "properties": {} },
    { "type": "Feature", "geometry": { "type": "Point", "coordinates": [644499.100, 6858559.400, 40.000] }, "properties": {} },
    { "type": "Feature", "geometry": { "type": "Point", "coordinates": [644499.100, 6858559.600, 40.000] }, "properties": {} },
    { "type": "Feature", "geometry": { "type": "Point", "coordinates": [644499.100, 6858559.800, 40.000] }, "properties": {} },
    { "type": "Feature", "geometry": { "type": "Point", "coordinates": [644499.100, 6858560.000, 40.000] }, "properties": {} },
    { "type": "Feature", "geometry": { "type": "Point", "coordinates": [644499.100, 6858560.200, 40.000] }, "properties": {} },
    { "type": "Feature", "geometry": { "type": "Point", "coordinates": [644499.100, 6858560.400, 40.000] }, "properties": {} },
    { "type": "Feature", "geometry": { "type": "Point", "coordinates": [644499.100, 6858560.600, 40.000] }, "properties": {} },
    { "type": "Feature", "geometry": { "type": "Point", "coordinates": [644499.100, 6858560.800, 40.000] }, "properties": {} },
    { "type": "Feature", "geometry": { "type": "Point", "coordinates": [644499.100, 6858561.000, 40.000] }, "properties": {} },
    { "type": "Feature", "geometry": { "type": "Point", "coordinates": [644499.100, 6858561.200, 40.000] }, "properties": {} },
    { "type": "Feature", "geometry": { "type": "Point", "coordinates": [644499.100, 6858561.400, 40.000] }, "properties": {} },
    { "type": "Feature", "geometry": { "type": "Point", "coordinates": [644499.100, 6858561.600, 40.000] }, "properties": {} },
    { "type": "Feature", "geometry": { "type": "Point", "coordinates": [644499.100, 6858561.800, 40.000] }, "properties": {} },
    { "type": "Feature", "geometry": { "type": "Point", "coordinates": [644499.100, 6858562.000, 40.000] }, "properties": {} },
    { "type": "Feature", "geometry": { "type": "Point", "coordinates": [644499.100, 6858562.200, 40.000] }, "properties": {} },
    { "type": "Feature", "geometry": { "type": "Point", "coordinates": [644499.100, 6858562.400, 40.000] }, "properties": {} },
    { "type": "Feature", "geometry": { "type": "Point", "coordinates": [644499.100, 6858562.600, 40.000] }, "properties": {} },
    { "type": "Feature", "geometry": { "type": "Point", "coordinates": [644499.100, 6858562.800, 40.000] }, "properties": {} },
    { "type": "Feature", "geometry": { "type": "Point", "coordinates": [644499.100, 6858563.000, 40.000] }, "properties": {} },
    { "type": "Feature", "geometry": { "type": "Point", "coordinates": [644499.100, 6858563.200, 40.000] }, "properties": {} },
    { "type": "Feature", "geometry": { "type": "Point", "coordinates": [644499.100, 6858563.400, 40.000] }, "properties": {} },
    { "type": "Feature", "geometry": { "type": "Point", "coordinates": [644499.100, 6858563.600, 40.000] }, "properties": {} },
    { "type": "Feature", "geometry": { "type": "Point", "coordinates": [644499.100, 6858563.800, 40.000] }, "properties": {} },
    { "type": "Feature", "geometry": { "type": "Point", "coordinates": [644499.100, 6858564.000, 40.000] }, "properties": {} },
    { "type": "Feature", "geometry": { "type": "Point", "coordinates": [644499.100, 6858564.200, 40.000] }, "properties": {} },
    { "type": "Feature", "geometry": { "type": "Point", "coordinates": [644499.100, 6858564.400, 40.000] }, "properties": {} },
    { "type": "Feature", "geometry": { "type": "Point", "coordinates": [644499.100, 6858564.600, 40.000] }, "properties": {} },
    { "type": "Feature", "geometry": { "type": "Point", "coordinates": [644499.100, 6858564.800, 40.000] }, "properties": {} },
    { "type": "Feature", "geometry": { "type": "Point", "coordinates": [644499.100, 6858565.000, 40.000] }, "properties": {} },
    { "type": "Feature", "geometry": { "type": "Point", "coordinates": [644499.100, 6858565.200, 40.000] }, "properties": {} },
    { "type": "Feature", "geometry": { "type": "Point", "coordinates": [644499.100, 6858565.400, 40.000] }, "properties": {} },
    { "type": "Feature", "geometry": { "type": "Point", "coordinates": [644499.100, 6858565.600, 40.000] }, "properties": {} },
    { "type": "Feature", "geometry": { "type": "Point", "coordinates": [644499.100, 6858565.800, 40.000] }, "properties": {} },
    { "type": "Feature", "geometry": { "type": "Point", "coordinates": [644499.100, 6858566.000, 40.000] }, "properties": {} },
    { "type": "Feature", "geometry": { "type": "Point", "coordinates": [644499.100, 6858566.200, 40.000] }, "properties": {} },
    { "type": "Feature", "geometry": { "type": "Point", "coordinates": [644499.100, 6858566.400, 40.000] }, "properties": {} },
    { "type": "Feature", "geometry": { "type": "Point", "coordinates": [644499.100, 6858566.600, 40.000] }, "properties": {} },
    { "type": "Feature", "geometry": { "type": "Point", "coordinates": [644499.100, 6858566.800, 40.000] }, "properties": {} },
    { "type": "Feature", "geometry": { "type": "Point", "coordinates": [644499.100, 6858567.000, 40.000] }, "properties": {} },
    { "type": "Feature", "geometry": { "type": "Point", "coordinates": [644499.100, 6858567.200, 40.000] }, "properties": {} },
    { "type": "Feature", "geometry": { "type": "Point", "coordinates": [644499.100, 6858567.400, 40.000] }, "properties": {} },
    { "type": "Feature", "geometry": { "type": "Point", "coordinates": [644499.100, 6858567.600, 40.000] }, "properties": {} },
    { "type": "Feature", "geometry": { "type": "Point", "coordinates": [644499.100, 6858567.800, 40.000] }, "properties": {} },
    { "type": "Feature", "geometry": { "type": "Point", "coordinates": [644499.100, 6858568.000, 40.000] }, "properties": {} },
    { "type": "Feature", "geometry": { "type": "Point", "coordinates": [644499.100, 6858568.200, 40.000] }, "properties": {} },
    { "type": "Feature", "geometry": { "type": "Point", "coordinates": [644499.100, 6858568.400, 40.000] }, "properties": {} },
    { "type": "Feature", "geometry": { "type": "Point", "coordinates": [644499.100, 6858568.600, 40.000] }, "properties": {} },
    { "type": "Feature", "geometry": { "type": "Point", "coordinates": [644499.100, 6858568.800, 40.000] }, "properties": {} },
    { "type": "Feature", "geometry": { "type": "Point", "coordinates": [644499.100, 6858569.000, 40.000] }, "properties": {} },
    { "type": "Feature", "geometry": { "type": "Point", "coordinates": [644499.100, 6858569.200, 40.000] }, "properties": {} },
    { "type": "Feature", "geometry": { "type": "Point", "coordinates": [644499.100, 6858569.400, 40.000] }, "properties": {} },
    { "type": "Feature", "geometry": { "type": "Point", "coordinates": [644499.100, 6858569.600, 40.000] }, "properties": {} },
    { "type": "Feature", "geometry": { "type": "Point", "coordinates": [644499.100, 6858569.800, 40.000] }, "properties": {} },
    { "type": "Feature", "geometry": { "type": "Point", "coordinates": [644499.100, 6858570.000, 40.000] }, "properties": {} },
    { "type": "Feature", "geometry": { "type": "Point", "coordinates": [644499.100, 6858570.200, 40.000] }, "properties": {} },
    { "type": "Feature", "geometry": { "type": "Point", "coordinates": [644499.100, 6858570.400, 40.000] }, "properties": {} },
    { "type": "Feature", "geometry": { "type": "Point", "coordinates": [644499.100, 6858570.600, 40.000] }, "properties": {} },
    { "type": "Feature", "geometry": { "type": "Point", "coordinates": [644499.100, 6858570.800, 40.000] }, "properties": {} },
    { "type": "Feature", "geometry": { "type": "Point", "coordinates": [644499.100, 6858571.000, 40.000] }, "properties": {} },
    { "type": "Feature", "geometry": { "type": "Point", "coordinates": [644499.100, 6858571.200, 40.000] }, "properties": {} },
    { "type": "Feature", "geometry": { "type": "Point", "coordinates": [644499.100, 6858571.400, 40.000] }, "properties": {} },
    { "type": "Feature", "geometry": { "type": "Point", "coordinates": [644499.100, 6858571.600, 40.000] }, "properties": {} },
    { "type": "Feature", "geometry": { "type": "Point", "coordinates": [644499.100, 6858571.800, 40.000] }, "properties": {} },
    { "type": "Feature", "geometry": { "type": "Point", "coordinates": [644499.100, 6858572.000, 40.000] }, "properties": {} },
    { "type": "Feature", "geometry": { "type": "Point", "coordinates": [644499.100, 6858572.200, 40.000] }, "properties": {} },
    { "type": "Feature", "geometry": { "type": "Point", "coordinates": [644499.100, 6858572.400, 40.000] }, "properties": {} },
    { "type": "Feature", "geometry": { "type": "Point", "coordinates": [644499.100, 6858572.600, 40.000] }, "properties": {} },
    { "type": "Feature", "geometry": { "type": "Point", "coordinates": [644499.100, 6858572.800, 40.000] }, "properties": {} },
    { "type": "Feature", "geometry": { "type": "Point", "coordinates": [644499.100, 6858573.000, 40.000] }, "properties": {} },
    { "type": "Feature", "geometry": { "type": "Point", "coordinates": [644499.100, 6858573.200, 40.000] }, "properties": {} },
    { "type": "Feature", "geometry": { "type": "Point", "coordinates": [644499.100, 6858573.400, 40.000] }, "properties": {} },
    { "type": "Feature", "geometry": { "type": "Point", "coordinates": [644499.100, 6858573.600, 40.000] }, "properties": {} },
    { "type": "Feature", "geometry": { "type": "Point", "coordinates": [644499.100, 6858573.800, 40.000] }, "properties": {} },
    { "type": "Feature", "geometry": { "type": "Point", "coordinates": [644499.100, 6858574.000, 40.000] }, "properties": {} },
    { "type": "Feature", "geometry": { "type": "Point", "coordinates": [644499.100, 6858574.200, 40.000] }, "properties": {} },
    { "type": "Feature", "geometry": { "type": "Point", "coordinates": [644499.100, 6858574.400, 40.000] }, "properties": {} },
    { "type": "Feature", "geometry": { "type": "Point", "coordinates": [644499.100, 6858574.600, 40.000] }, "properties": {} },
    { "type": "Feature", "geometry": { "type": "Point", "coordinates": [644499.100, 6858574.800, 40.000] }, "properties": {} },
    { "type": "Feature", "geometry": { "type": "Point", "coordinates": [644499.100, 6858575.000, 40.000] }, "properties": {} },
    { "type": "Feature", "geometry": { "type": "Point", "coordinates": [644499.100, 6858575.200, 40.000] }, "properties": {} },
    { "type": "Feature", "geometry": { "type": "Point", "coordinates": [644499.100, 6858575.400, 40.000] }, "properties": {} },
    { "type": "Feature", "geometry": { "type": "Point", "coordinates": [644499.100, 6858575.600, 40.000] }, "properties": {} },
    { "type": "Feature", "geometry": { "type": "Point", "coordinates": [644499.100, 6858575.800, 40.000] }, "properties": {} },
    { "type": "Feature", "geometry": { "type": "Point", "coordinates": [644499.100, 6858576.000, 40.000] }, "properties": {} },
    { "type": "Feature", "geometry": { "type": "Point", "coordinates": [644499.100, 6858576.200, 40.000] }, "properties": {} },
    { "type": "Feature", "geometry": { "type": "Point", "coordinates": [644499.100, 6858576.400, 40.000] }, "properties": {} },
    { "type": "Feature", "geometry": { "type": "Point", "coordinates": [644499.100, 6858576.600, 40.000] }, "properties": {} },
    { "type": "Feature", "geometry": { "type": "Point", "coordinates": [644499.100, 6858576.800, 40.000] }, "properties": {} },
    { "type": "Feature", "geometry": { "type": "Point", "coordinates": [644499.100, 6858577.000, 40.000] }, "properties": {} },
    { "type": "Feature", "geometry": { "type": "Point", "coordinates": [644499.100, 6858577.200, 40.000] }, "properties": {} },
    { "type": "Feature", "geometry": { "type": "Point", "coordinates": [644499.100, 6858577.400, 40.000] }, "properties": {} },
    { "type": "Feature", "geometry": { "type": "Point", "coordinates": [644499.100, 6858577.600, 40.000] }, "properties": {} },
    { "type": "Feature", "geometry": { "type": "Point", "coordinates": [644499.100, 6858577.800, 40.000] }, "properties": {} },
    { "type": "Feature", "geometry": { "type": "Point", "coordinates": [644499.100, 6858578.000, 40.000] }, "properties": {} },
    { "type": "Feature", "geometry": { "type": "Point", "coordinates": [644499.100, 6858578.200, 40.000] }, "properties": {} },
    { "type": "Feature", "geometry": { "type": "Point", "coordinates": [644499.100, 6858578.400, 40.000] }, "properties": {} },
    { "type": "Feature", "geometry": { "type": "Point", "coordinates": [644499.100, 6858578.600, 40.000] }, "properties": {} },
    { "type": "Feature", "geometry": { "type": "Point", "coordinates": [644499.100, 6858578.800, 40.000] }, "properties": {} },
    { "type": "Feature", "geometry": { "type": "Point", "coordinates": [644499.100, 6858579.000, 40.000] }, "properties": {} },
    { "type": "Feature", "geometry": { "type": "Point", "coordinates": [644499.100, 6858579.200, 40.000] }, "properties": {} },
    { "type": "Feature", "geometry": { "type": "Point", "coordinates": [644499.100, 6858579.400, 40.000] }, "properties": {} },
    { "type": "Feature", "geometry": { "type": "Point", "coordinates": [644499.100, 6858579.600, 40.000] }, "properties": {} },
    { "type": "Feature", "geometry": { "type": "Point", "coordinates": [644499.100, 6858579.800, 40.000] }, "properties": {} },
    { "type": "Feature", "geometry": { "type": "Point", "coordinates": [644499.100, 6858580.000, 40.000] }, "properties": {} },
    { "type": "Feature", "geometry": { "type": "Point", "coordinates": [644499.100, 6858580.200, 40.000] }, "properties": {} },
    { "type": "Feature", "geometry": { "type": "Point", "coordinates": [644499.100, 6858580.400, 40.000] }, "properties": {} },
    { "type": "Feature", "geometry": { "type": "Point", "coordinates": [644499.100, 6858580.600, 40.000] }, "properties": {} },
    { "type": "Feature", "geometry": { "type": "Point", "coordinates": [644499.100, 6858580.800, 40.000] }, "properties": {} },
    { "type": "Feature", "geometry": { "type": "Point", "coordinates": [644499.100, 6858581.000, 40.000] }, "properties": {} },
    { "type": "Feature", "geometry": { "type": "Point", "coordinates": [644499.100, 6858581.200, 40.000] }, "properties": {} },
    { "type": "Feature", "geometry": { "type": "Point", "coordinates": [644499.100, 6858581.400, 40.000] }, "properties": {} },
    { "type": "Feature", "geometry": { "type": "Point", "coordinates": [644499.100, 6858581.600, 40.000] }, "properties": {} },
    { "type": "Feature", "geometry": { "type": "Point", "coordinates": [644499.100, 6858581.800, 40.000] }, "properties": {} },
    { "type": "Feature", "geometry": { "type": "Point", "coordinates": [644499.100, 6858582.000, 40.000] }, "properties": {} },
    { "type": "Feature", "geometry": { "type": "Point", "coordinates": [644499.100, 6858582.200, 40.000] }, "properties": {} },
    { "type": "Feature", "geometry": { "type": "Point", "coordinates": [644499.100, 6858582.400, 40.000] }, "properties": {} },
    { "type": "Feature", "geometry": { "type": "Point", "coordinates": [644499.100, 6858582.600, 40.000] }, "properties": {} },
    { "type": "Feature", "geometry": { "type": "Point", "coordinates": [644499.100, 6858582.800, 40.000] }, "properties": {} },
    { "type": "Feature", "geometry": { "type": "Point", "coordinates": [644499.100, 6858583.000, 40.000] }, "properties": {} },
    { "type": "Feature", "geometry": { "type": "Point", "coordinates": [644499.100, 6858583.200, 40.000] }, "properties": {} },
    { "type": "Feature", "geometry": { "type": "Point", "coordinates": [644499.100, 6858583.400, 40.000] }, "properties": {} },
    { "type": "Feature", "geometry": { "type": "Point", "coordinates": [644499.100, 6858583.600, 40.000] }, "properties": {} },
    { "type": "Feature", "geometry": { "type": "Point", "coordinates": [644499.100, 6858583.800, 40.000] }, "properties": {} },
    { "type": "Feature", "geometry": { "type": "Point", "coordinates": [644499.100, 6858584.000, 40.000] }, "properties": {} },
    { "type": "Feature", "geometry": { "type": "Point", "coordinates": [644499.100, 6858584.200, 40.000] }, "properties": {} },
    { "type": "Feature", "geometry": { "type": "Point", "coordinates": [644499.100, 6858584.400, 40.000] }, "properties": {} },
    { "type": "Feature", "geometry": { "type": "Point", "coordinates": [644499.100, 6858584.600, 40.000] }, "properties": {} },
    { "type": "Feature", "geometry": { "type": "Point", "coordinates": [644499.100, 6858584.800, 40.000] }, "properties": {} },
    { "type": "Feature", "geometry": { "type": "Point", "coordinates": [644499.100, 6858585.000, 40.000] }, "properties": {} },
    { "type": "Feature", "geometry": { "type": "Point", "coordinates": [644499.100, 6858585.200, 40.000] }, "properties": {} },
    { "type": "Feature", "geometry": { "type": "Point", "coordinates": [644499.100, 6858585.400, 40.000] }, "properties": {} },
    { "type": "Feature", "geometry": { "type": "Point", "coordinates": [644499.100, 6858585.600, 40.000] }, "properties": {} },
    { "type": "Feature", "geometry": { "type": "Point", "coordinates": [644499.100, 6858585.800, 40.000] }, "properties": {} },
    { "type": "Feature", "geometry": { "type": "Point", "coordinates": [644499.100, 6858586.000, 40.000] }, "properties": {} },
    { "type": "Feature", "geometry": { "type": "Point", "coordinates": [644499.100, 6858586.200, 40.000] }, "properties": {} },
    { "type": "Feature", "geometry": { "type": "Point", "coordinates": [644499.100, 6858586.400, 40.000] }, "properties": {} },
    { "type": "Feature", "geometry": { "type": "Point", "coordinates": [644499.100, 6858586.600, 40.000] }, "properties": {} },
    { "type": "Feature", "geometry": { "type": "Point", "coordinates": [644499.100, 6858586.800, 40.000] }, "properties": {} },
    { "type": "Feature", "geometry": { "type": "Point", "coordinates": [644499.100, 6858587.000, 40.000] }, "properties": {} },
    { "type": "Feature", "geometry": { "type": "Point", "coordinates": [644499.100, 6858587.200, 40.000] }, "properties": {} },
    { "type": "Feature", "geometry": { "type": "Point", "coordinates": [644499.100, 6858587.400, 40.000] }, "properties": {} },
    { "type": "Feature", "geometry": { "type": "Point", "coordinates": [644499.100, 6858587.600, 40.000] }, "properties": {} },
    { "type": "Feature", "geometry": { "type": "Point", "coordinates": [644499.100, 6858587.800, 40.000] }, "properties": {} },
    { "type": "Feature", "geometry": { "type": "Point", "coordinates": [644499.100, 6858588.000, 40.000] }, "properties": {} },
    { "type": "Feature", "geometry": { "type": "Point", "coordinates": [644499.100, 6858588.200, 40.000] }, "properties": {} },
    { "type": "Feature", "geometry": { "type": "Point", "coordinates": [644499.100, 6858588.400, 40.000] }, "properties": {} },
    { "type": "Feature", "geometry": { "type": "Point", "coordinates": [644499.100, 6858588.600, 40.000] }, "properties": {} },
    { "type": "Feature", "geometry": { "type": "Point", "coordinates": [644499.100, 6858588.800, 40.000] }, "properties": {} },
    { "type": "Feature", "geometry": { "type": "Point", "coordinates": [644499.100, 6858589.000, 40.000] }, "properties": {} },
    { "type": "Feature", "geometry": { "type": "Point", "coordinates": [644499.100, 6858589.200, 40.000] }, "properties": {} },
    { "type": "Feature", "geometry": { "type": "Point", "coordinates": [644499.100, 6858589.400, 40.000] }, "properties": {} },
    { "type": "Feature", "geometry": { "type": "Point", "coordinates": [644499.100, 6858589.600, 40.000] }, "properties": {} },
    { "type": "Feature", "geometry": { "type": "Point", "coordinates": [644499.100, 6858589.800, 40.000] }, "properties": {} },
    { "type": "Feature", "geometry": { "type": "Point", "coordinates": [644499.100, 6858590.000, 40.000] }, "properties": {} },
    { "type": "Feature", "geometry": { "type": "Point", "coordinates": [644499.100, 6858590.200, 40.000] }, "properties": {} },
    { "type": "Feature", "geometry": { "type": "Point", "coordinates": [644499.100, 6858590.400, 40.000] }, "properties": {} },
    { "type": "Feature", "geometry": { "type": "Point", "coordinates": [644499.100, 6858590.600, 40.000] }, "properties": {} },
    { "type": "Feature", "geometry": { "type": "Point", "coordinates": [644499.100, 6858590.800, 40.000] }, "properties": {} },
    { "type": "Feature", "geometry": { "type": "Point", "coordinates": [644499.100, 6858591.000, 40.000] }, "properties": {} },
    { "type": "Feature", "geometry": { "type": "Point", "coordinates": [644499.100, 6858591.200, 40.000] }, "properties": {} },
    { "type": "Feature", "geometry": { "type": "Point", "coordinates": [644499.100, 6858591.400, 40.000] }, "properties": {} },
    { "type": "Feature", "geometry": { "type": "Point", "coordinates": [644499.100, 6858591.600, 40.000] }, "properties": {} },
    { "type": "Feature", "geometry": { "type": "Point", "coordinates": [644499.100, 6858591.800, 40.000] }, "properties": {} },
    { "type": "Feature", "geometry": { "type": "Point", "coordinates": [644501.100, 6858552.000, 45.000] }, "properties": {} },
    { "type": "Feature", "geometry": { "type": "Point", "coordinates": [644501.100, 6858552.200, 45.000] }, "properties": {} },
    { "type": "Feature", "geometry": { "type": "Point", "coordinates": [644501.100, 6858552.400, 45.000] }, "properties": {} },
    { "type": "Feature", "geometry": { "type": "Point", "coordinates": [644501.100, 6858552.600, 45.000] }, "properties": {} },
    { "type": "Feature", "geometry": { "type": "Point", "coordinates": [644501.100, 6858552.800, 45.000] }, "properties": {} },
    { "type": "Feature", "geometry": { "type": "Point", "coordinates": [644501.100, 6858553.000, 45.000] }, "properties": {} },
    { "type": "Feature", "geometry": { "type": "Point", "coordinates": [644501.100, 6858553.200, 45.000] }, "properties": {} },
    { "type": "Feature", "geometry": { "type": "Point", "coordinates": [644501.100, 6858553.400, 45.000] }, "properties": {} },
    { "type": "Feature", "geometry": { "type": "Point", "coordinates": [644501.100, 6858553.600, 45.000] }, "properties": {} },
    { "type": "Feature", "geometry": { "type": "Point", "coordinates": [644501.100, 6858553.800, 45.000] }, "properties": {} },
    { "type": "Feature", "geometry": { "type": "Point", "coordinates": [644501.100, 6858554.000, 45.000] }, "properties": {} },
    { "type": "Feature", "geometry": { "type": "Point", "coordinates": [644501.100, 6858554.200, 45.000] }, "properties": {} },
    { "type": "Feature", "geometry": { "type": "Point", "coordinates": [644501.100, 6858554.400, 45.000] }, "properties": {} },
    { "type": "Feature", "geometry": { "type": "Point", "coordinates": [644501.100, 6858554.600, 45.000] }, "properties": {} },
    { "type": "Feature", "geometry": { "type": "Point", "coordinates": [644501.100, 6858554.800, 45.000] }, "properties": {} },
    { "type": "Feature", "geometry": { "type": "Point", "coordinates": [644501.100, 6858555.000, 45.000] }, "properties": {} },
    { "type": "Feature", "geometry": { "type": "Point", "coordinates": [644501.100, 6858555.200, 45.000] }, "properties": {} },
    { "type": "Feature", "geometry": { "type": "Point", "coordinates": [644501.100, 6858555.400, 45.000] }, "properties": {} },
    { "type": "Feature", "geometry": { "type": "Point", "coordinates": [644501.100, 6858555.600, 45.000] }, "properties": {} },
    { "type": "Feature", "geometry": { "type": "Point", "coordinates": [644501.100, 6858555.800, 45.000] }, "properties": {} },
    { "type": "Feature", "geometry": { "type": "Point", "coordinates": [644501.100, 6858556.000, 45.000] }, "properties": {} },
    { "type": "Feature", "geometry": { "type": "Point", "coordinates": [644501.100, 6858556.200, 45.000] }, "properties": {} },
    { "type": "Feature", "geometry": { "type": "Point", "coordinates": [644501.100, 6858556.400, 45.000] }, "properties": {} },
    { "type": "Feature", "geometry": { "type": "Point", "coordinates": [644501.100, 6858556.600, 45.000] }, "properties": {} },
    { "type": "Feature", "geometry": { "type": "Point", "coordinates": [644501.100, 6858556.800, 45.000] }, "properties": {} },
    { "type": "Feature", "geometry": { "type": "Point", "coordinates": [644501.100, 6858557.000, 45.000] }, "properties": {} },
    { "type": "Feature", "geometry": { "type": "Point", "coordinates": [644501.100, 6858557.200, 45.000] }, "properties": {} },
    { "type": "Feature", "geometry": { "type": "Point", "coordinates": [644501.100, 6858557.400, 45.000] }, "properties": {} },
    { "type": "Feature", "geometry": { "type": "Point", "coordinates": [644501.100, 6858557.600, 45.000] }, "properties": {} },
    { "type": "Feature", "geometry": { "type": "Point", "coordinates": [644501.100, 6858557.800, 45.000] }, "properties": {} },
    { "type": "Feature", "geometry": { "type": "Point", "coordinates": [644501.100, 6858558.000, 45.000] }, "properties": {} },
    { "type": "Feature", "geometry": { "type": "Point", "coordinates": [644501.100, 6858558.200, 45.000] }, "properties": {} },
    { "type": "Feature", "geometry": { "type": "Point", "coordinates": [644501.100, 6858558.400, 45.000] }, "properties": {} },
    { "type": "Feature", "geometry": { "type": "Point", "coordinates": [644501.100, 6858558.600, 45.000] }, "properties": {} },
    { "type": "Feature", "geometry": { "type": "Point", "coordinates": [644501.100, 6858558.800, 45.000] }, "properties": {} },
    { "type": "Feature", "geometry": { "type": "Point", "coordinates": [644501.100, 6858559.000, 45.000] }, "properties": {} },
    { "type": "Feature", "geometry": { "type": "Point", "coordinates": [644501.100, 6858559.200, 45.000] }, "properties": {} },
    { "type": "Feature", "geometry": { "type": "Point", "coordinates": [644501.100, 6858559.400, 45.000] }, "properties": {} },
    { "type": "Feature", "geometry": { "type": "Point", "coordinates": [644501.100, 6858559.600, 45.000] }, "properties": {} },
    { "type": "Feature", "geometry": { "type": "Point", "coordinates": [644501.100, 6858559.800, 45.000] }, "properties": {} },
    { "type": "Feature", "geometry": { "type": "Point", "coordinates": [644501.100, 6858560.000, 45.000] }, "properties": {} },
    { "type": "Feature", "geometry": { "type": "Point", "coordinates": [644501.100, 6858560.200, 45.000] }, "properties": {} },
    { "type": "Feature", "geometry": { "type": "Point", "coordinates": [644501.100, 6858560.400, 45.000] }, "properties": {} },
    { "type": "Feature", "geometry": { "type": "Point", "coordinates": [644501.100, 6858560.600, 45.000] }, "properties": {} },
    { "type": "Feature", "geometry": { "type": "Point", "coordinates": [644501.100, 6858560.800, 45.000] }, "properties": {} },
    { "type": "Feature", "geometry": { "type": "Point", "coordinates": [644501.100, 6858561.000, 45.000] }, "properties": {} },
    { "type": "Feature", "geometry": { "type": "Point", "coordinates": [644501.100, 6858561.200, 45.000] }, "properties": {} },
    { "type": "Feature", "geometry": { "type": "Point", "coordinates": [644501.100, 6858561.400, 45.000] }, "properties": {} },
    { "type": "Feature", "geometry": { "type": "Point", "coordinates": [644501.100, 6858561.600, 45.000] }, "properties": {} },
    { "type": "Feature", "geometry": { "type": "Point", "coordinates": [644501.100, 6858561.800, 45.000] }, "properties": {} },
    { "type": "Feature", "geometry": { "type": "Point", "coordinates": [644501.100, 6858562.000, 45.000] }, "properties": {} },
    { "type": "Feature", "geometry": { "type": "Point", "coordinates": [644501.100, 6858562.200, 45.600] }, "properties": {} },
    { "type": "Feature", "geometry": { "type": "Point", "coordinates": [644501.100, 6858562.400, 46.200] }, "properties": {} },
    { "type": "Feature", "geometry": { "type": "Point", "coordinates": [644501.100, 6858562.600, 46.800] }, "properties": {} },
    { "type": "Feature", "geometry": { "type": "Point", "coordinates": [644501.100, 6858562.800, 47.400] }, "properties": {} },
    { "type": "Feature", "geometry": { "type": "Point", "coordinates": [644501.100, 6858563.000, 48.000] }, "properties": {} },
    { "type": "Feature", "geometry": { "type": "Point", "coordinates": [644501.100, 6858563.200, 48.600] }, "properties": {} },
    { "type": "Feature", "geometry": { "type": "Point", "coordinates": [644501.100, 6858563.400, 49.200] }, "properties": {} },
    { "type": "Feature", "geometry": { "type": "Point", "coordinates": [644501.100, 6858563.600, 49.800] }, "properties": {} },
    { "type": "Feature", "geometry": { "type": "Point", "coordinates": [644501.100, 6858563.800, 50.400] }, "properties": {} },
    { "type": "Feature", "geometry": { "type": "Point", "coordinates": [644501.100, 6858564.000, 51.000] }, "properties": {} },
    { "type": "Feature", "geometry": { "type": "Point", "coordinates": [644501.100, 6858564.200, 51.600] }, "properties": {} },
    { "type": "Feature", "geometry": { "type": "Point", "coordinates": [644501.100, 6858564.400, 52.200] }, "properties": {} },
    { "type": "Feature", "geometry": { "type": "Point", "coordinates": [644501.100, 6858564.600, 52.800] }, "properties": {} },
    { "type": "Feature", "geometry": { "type": "Point", "coordinates": [644501.100, 6858564.800, 53.400] }, "properties": {} },
    { "type": "Feature", "geometry": { "type": "Point", "coordinates": [644501.100, 6858565.000, 54.000] }, "properties": {} },
    { "type": "Feature", "geometry": { "type": "Point", "coordinates": [644501.100, 6858565.200, 54.600] }, "properties": {} },
    { "type": "Feature", "geometry": { "type": "Point", "coordinates": [644501.100, 6858565.400, 55.200] }, "properties": {} },
    { "type": "Feature", "geometry": { "type": "Point", "coordinates": [644501.100, 6858565.600, 55.800] }, "properties": {} },
    { "type": "Feature", "geometry": { "type": "Point", "coordinates": [644501.100, 6858565.800, 56.400] }, "properties": {} },
    { "type": "Feature", "geometry": { "type": "Point", "coordinates": [644501.100, 6858566.000, 57.000] }, "properties": {} },
    { "type": "Feature", "geometry": { "type": "Point", "coordinates": [644501.100, 6858566.200, 57.600] }, "properties": {} },
    { "type": "Feature", "geometry": { "type": "Point", "coordinates": [644501.100, 6858566.400, 58.200] }, "properties": {} },
    { "type": "Feature", "geometry": { "type": "Point", "coordinates": [644501.100, 6858566.600, 58.800] }, "properties": {} },
    { "type": "Feature", "geometry": { "type": "Point", "coordinates": [644501.100, 6858566.800, 59.400] }, "properties": {} },
    { "type": "Feature", "geometry": { "type": "Point", "coordinates": [644501.100, 6858567.000, 60.000] }, "properties": {} },
    { "type": "Feature", "geometry": { "type": "Point", "coordinates": [644501.100, 6858567.200, 60.600] }, "properties": {} },
    { "type": "Feature", "geometry": { "type": "Point", "coordinates": [644501.100, 6858567.400, 61.200] }, "properties": {} },
    { "type": "Feature", "geometry": { "type": "Point", "coordinates": [644501.100, 6858567.600, 61.800] }, "properties": {} },
    { "type": "Feature", "geometry": { "type": "Point", "coordinates": [644501.100, 6858567.800, 62.400] }, "properties": {} },
    { "type": "Feature", "geometry": { "type": "Point", "coordinates": [644501.100, 6858568.000, 63.000] }, "properties": {} },
    { "type": "Feature", "geometry": { "type": "Point", "coordinates": [644501.100, 6858568.200, 63.600] }, "properties": {} },
    { "type": "Feature", "geometry": { "type": "Point", "coordinates": [644501.100, 6858568.400, 64.200] }, "properties": {} },
    { "type": "Feature", "geometry": { "type": "Point", "coordinates": [644501.100, 6858568.600, 64.800] }, "properties": {} },
    { "type": "Feature", "geometry": { "type": "Point", "coordinates": [644501.100, 6858568.800, 65.400] }, "properties": {} },
    { "type": "Feature", "geometry": { "type": "Point", "coordinates": [644501.100, 6858569.000, 66.000] }, "properties": {} },
    { "type": "Feature", "geometry": { "type": "Point", "coordinates": [644501.100, 6858569.200, 66.600] }, "properties": {} },
    { "type": "Feature", "geometry": { "type": "Point", "coordinates": [644501.100, 6858569.400, 67.200] }, "properties": {} },
    { "type": "Feature", "geometry": { "type": "Point", "coordinates": [644501.100, 6858569.600, 67.800] }, "properties": {} },
    { "type": "Feature", "geometry": { "type": "Point", "coordinates": [644501.100, 6858569.800, 68.400] }, "properties": {} },
    { "type": "Feature", "geometry": { "type": "Point", "coordinates": [644501.100, 6858570.000, 69.000] }, "properties": {} },
    { "type": "Feature", "geometry": { "type": "Point", "coordinates": [644501.100, 6858570.200, 69.600] }, "properties": {} },
    { "type": "Feature", "geometry": { "type": "Point", "coordinates": [644501.100, 6858570.400, 70.200] }, "properties": {} },
    { "type": "Feature", "geometry": { "type": "Point", "coordinates": [644501.100, 6858570.600, 70.800] }, "properties": {} },
    { "type": "Feature", "geometry": { "type": "Point", "coordinates": [644501.100, 6858570.800, 71.400] }, "properties": {} },
    { "type": "Feature", "geometry": { "type": "Point", "coordinates": [644501.100, 6858571.000, 72.000] }, "properties": {} },
    { "type": "Feature", "geometry": { "type": "Point", "coordinates": [644501.100, 6858571.200, 72.600] }, "properties": {} },
    { "type": "Feature", "geometry": { "type": "Point", "coordinates": [644501.100, 6858571.400, 73.200] }, "properties": {} },
    { "type": "Feature", "geometry": { "type": "Point", "coordinates": [644501.100, 6858571.600, 73.800] }, "properties": {} },
    { "type": "Feature", "geometry": { "type": "Point", "coordinates": [644501.100, 6858571.800, 74.400] }, "properties": {} },
    { "type": "Feature", "geometry": { "type": "Point", "coordinates": [644501.100, 6858572.000, 75.000] }, "properties": {} },
    { "type": "Feature", "geometry": { "type": "Point", "coordinates": [644501.100, 6858572.200, 74.400] }, "properties": {} },
    { "type": "Feature", "geometry": { "type": "Point", "coordinates": [644501.100, 6858572.400, 73.800] }, "properties": {} },
    { "type": "Feature", "geometry": { "type": "Point", "coordinates": [644501.100, 6858572.600, 73.200] }, "properties": {} },
    { "type": "Feature", "geometry": { "type": "Point", "coordinates": [644501.100, 6858572.800, 72.600] }, "properties": {} },
    { "type": "Feature", "geometry": { "type": "Point", "coordinates": [644501.100, 6858573.000, 72.000] }, "properties": {} },
    { "type": "Feature", "geometry": { "type": "Point", "coordinates": [644501.100, 6858573.200, 71.400] }, "properties": {} },
    { "type": "Feature", "geometry": { "type": "Point", "coordinates": [644501.100, 6858573.400, 70.800] }, "properties": {} },
    { "type": "Feature", "geometry": { "type": "Point", "coordinates": [644501.100, 6858573.600, 70.200] }, "properties": {} },
    { "type": "Feature", "geometry": { "type": "Point", "coordinates": [644501.100, 6858573.800, 69.600] }, "properties": {} },
    { "type": "Feature", "geometry": { "type": "Point", "coordinates": [644501.100, 6858574.000, 69.000] }, "properties": {} },
    { "type": "Feature", "geometry": { "type": "Point", "coordinates": [644501.100, 6858574.200, 68.400] }, "properties": {} },
    { "type": "Feature", "geometry": { "type": "Point", "coordinates": [644501.100, 6858574.400, 67.800] }, "properties": {} },
    { "type": "Feature", "geometry": { "type": "Point", "coordinates": [644501.100, 6858574.600, 67.200] }, "properties": {} },
    { "type": "Feature", "geometry": { "type": "Point", "coordinates": [644501.100, 6858574.800, 66.600] }, "properties": {} },
    { "type": "Feature", "geometry": { "type": "Point", "coordinates": [644501.100, 6858575.000, 66.000] }, "properties": {} },
    { "type": "Feature", "geometry": { "type": "Point", "coordinates": [644501.100, 6858575.200, 65.400] }, "properties": {} },
    { "type": "Feature", "geometry": { "type": "Point", "coordinates": [644501.100, 6858575.400, 64.800] }, "properties": {} },
    { "type": "Feature", "geometry": { "type": "Point", "coordinates": [644501.100, 6858575.600, 64.200] }, "properties": {} },
    { "type": "Feature", "geometry": { "type": "Point", "coordinates": [644501.100, 6858575.800, 63.600] }, "properties": {} },
    { "type": "Feature", "geometry": { "type": "Point", "coordinates": [644501.100, 6858576.000, 63.000] }, "properties": {} },
    { "type": "Feature", "geometry": { "type": "Point", "coordinates": [644501.100, 6858576.200, 62.400] }, "properties": {} },
    { "type": "Feature", "geometry": { "type": "Point", "coordinates": [644501.100, 6858576.400, 61.800] }, "properties": {} },
    { "type": "Feature", "geometry": { "type": "Point", "coordinates": [644501.100, 6858576.600, 61.200] }, "properties": {} },
    { "type": "Feature", "geometry": { "type": "Point", "coordinates": [644501.100, 6858576.800, 60.600] }, "properties": {} },
    { "type": "Feature", "geometry": { "type": "Point", "coordinates": [644501.100, 6858577.000, 60.000] }, "properties": {} },
    { "type": "Feature", "geometry": { "type": "Point", "coordinates": [644501.100, 6858577.200, 59.400] }, "properties": {} },
    { "type": "Feature", "geometry": { "type": "Point", "coordinates": [644501.100, 6858577.400, 58.800] }, "properties": {} },
    { "type": "Feature", "geometry": { "type": "Point", "coordinates": [644501.100, 6858577.600, 58.200] }, "properties": {} },
    { "type": "Feature", "geometry": { "type": "Point", "coordinates": [644501.100, 6858577.800, 57.600] }, "properties": {} },
    { "type": "Feature", "geometry": { "type": "Point", "coordinates": [644501.100, 6858578.000, 57.000] }, "properties": {} },
    { "type": "Feature", "geometry": { "type": "Point", "coordinates": [644501.100, 6858578.200, 56.400] }, "properties": {} },
    { "type": "Feature", "geometry": { "type": "Point", "coordinates": [644501.100, 6858578.400, 55.800] }, "properties": {} },
    { "type": "Feature", "geometry": { "type": "Point", "coordinates": [644501.100, 6858578.600, 55.200] }, "properties": {} },
    { "type": "Feature", "geometry": { "type": "Point", "coordinates": [644501.100, 6858578.800, 54.600] }, "properties": {} },
    { "type": "Feature", "geometry": { "type": "Point", "coordinates": [644501.100, 6858579.000, 54.000] }, "properties": {} },
    { "type": "Feature", "geometry": { "type": "Point", "coordinates": [644501.100, 6858579.200, 53.400] }, "properties": {} },
    { "type": "Feature", "geometry": { "type": "Point", "coordinates": [644501.100, 6858579.400, 52.800] }, "properties": {} },
    { "type": "Feature", "geometry": { "type": "Point", "coordinates": [644501.100, 6858579.600, 52.200] }, "properties": {} },
    { "type": "Feature", "geometry": { "type": "Point", "coordinates": [644501.100, 6858579.800, 51.600] }, "properties": {} },
    { "type": "Feature", "geometry": { "type": "Point", "coordinates": [644501.100, 6858580.000, 51.000] }, "properties": {} },
    { "type": "Feature", "geometry": { "type": "Point", "coordinates": [644501.100, 6858580.200, 50.400] }, "properties": {} },
    { "type": "Feature", "geometry": { "type": "Point", "coordinates": [644501.100, 6858580.400, 49.800] }, "properties": {} },
    { "type": "Feature", "geometry": { "type": "Point", "coordinates": [644501.100, 6858580.600, 49.200] }, "properties": {} },
    { "type": "Feature", "geometry": { "type": "Point", "coordinates": [644501.100, 6858580.800, 48.600] }, "properties": {} },
    { "type": "Feature", "geometry": { "type": "Point", "coordinates": [644501.100, 6858581.000, 48.000] }, "properties": {} },
    { "type": "Feature", "geometry": { "type": "Point", "coordinates": [644501.100, 6858581.200, 47.400] }, "properties": {} },
    { "type": "Feature", "geometry": { "type": "Point", "coordinates": [644501.100, 6858581.400, 46.800] }, "properties": {} },
    { "type": "Feature", "geometry": { "type": "Point", "coordinates": [644501.100, 6858581.600, 46.200] }, "properties": {} },
    { "type": "Feature", "geometry": { "type": "Point", "coordinates": [644501.100, 6858581.800, 45.600] }, "properties": {} },
    { "type": "Feature", "geometry": { "type": "Point", "coordinates": [644501.100, 6858552.000, 40.000] }, "properties": {} },
    { "type": "Feature", "geometry": { "type": "Point", "coordinates": [644501.100, 6858552.200, 40.000] }, "properties": {} },
    { "type": "Feature", "geometry": { "type": "Point", "coordinates": [644501.100, 6858552.400, 40.000] }, "properties": {} },
    { "type": "Feature", "geometry": { "type": "Point", "coordinates": [644501.100, 6858552.600, 40.000] }, "properties": {} },
    { "type": "Feature", "geometry": { "type": "Point", "coordinates": [644501.100, 6858552.800, 40.000] }, "properties": {} },
    { "type": "Feature", "geometry": { "type": "Point", "coordinates": [644501.100, 6858553.000, 40.000] }, "properties": {} },
    { "type": "Feature", "geometry": { "type": "Point", "coordinates": [644501.100, 6858553.200, 40.000] }, "properties": {} },
    { "type": "Feature", "geometry": { "type": "Point", "coordinates": [644501.100, 6858553.400, 40.000] }, "properties": {} },
    { "type": "Feature", "geometry": { "type": "Point", "coordinates": [644501.100, 6858553.600, 40.000] }, "properties": {} },
    { "type": "Feature", "geometry": { "type": "Point", "coordinates": [644501.100, 6858553.800, 40.000] }, "properties": {} },
    { "type": "Feature", "geometry": { "type": "Point", "coordinates": [644501.100, 6858554.000, 40.000] }, "properties": {} },
    { "type": "Feature", "geometry": { "type": "Point", "coordinates": [644501.100, 6858554.200, 40.000] }, "properties": {} },
    { "type": "Feature", "geometry": { "type": "Point", "coordinates": [644501.100, 6858554.400, 40.000] }, "properties": {} },
    { "type": "Feature", "geometry": { "type": "Point", "coordinates": [644501.100, 6858554.600, 40.000] }, "properties": {} },
    { "type": "Feature", "geometry": { "type": "Point", "coordinates": [644501.100, 6858554.800, 40.000] }, "properties": {} },
    { "type": "Feature", "geometry": { "type": "Point", "coordinates": [644501.100, 6858555.000, 40.000] }, "properties": {} },
    { "type": "Feature", "geometry": { "type": "Point", "coordinates": [644501.100, 6858555.200, 40.000] }, "properties": {} },
    { "type": "Feature", "geometry": { "type": "Point", "coordinates": [644501.100, 6858555.400, 40.000] }, "properties": {} },
    { "type": "Feature", "geometry": { "type": "Point", "coordinates": [644501.100, 6858555.600, 40.000] }, "properties": {} },
    { "type": "Feature", "geometry": { "type": "Point", "coordinates": [644501.100, 6858555.800, 40.000] }, "properties": {} },
    { "type": "Feature", "geometry": { "type": "Point", "coordinates": [644501.100, 6858556.000, 40.000] }, "properties": {} },
    { "type": "Feature", "geometry": { "type": "Point", "coordinates": [644501.100, 6858556.200, 40.000] }, "properties": {} },
    { "type": "Feature", "geometry": { "type": "Point", "coordinates": [644501.100, 6858556.400, 40.000] }, "properties": {} },
    { "type": "Feature", "geometry": { "type": "Point", "coordinates": [644501.100, 6858556.600, 40.000] }, "properties": {} },
    { "type": "Feature", "geometry": { "type": "Point", "coordinates": [644501.100, 6858556.800, 40.000] }, "properties": {} },
    { "type": "Feature", "geometry": { "type": "Point", "coordinates": [644501.100, 6858557.000, 40.000] }, "properties": {} },
    { "type": "Feature", "geometry": { "type": "Point", "coordinates": [644501.100, 6858557.200, 40.000] }, "properties": {} },
    { "type": "Feature", "geometry": { "type": "Point", "coordinates": [644501.100, 6858557.400, 40.000] }, "properties": {} },
    { "type": "Feature", "geometry": { "type": "Point", "coordinates": [644501.100, 6858557.600, 40.000] }, "properties": {} },
    { "type": "Feature", "geometry": { "type": "Point", "coordinates": [644501.100, 6858557.800, 40.000] }, "properties": {} },
    { "type": "Feature", "geometry": { "type": "Point", "coordinates": [644501.100, 6858558.000, 40.000] }, "properties": {} },
    { "type": "Feature", "geometry": { "type": "Point", "coordinates": [644501.100, 6858558.200, 40.000] }, "properties": {} },
    { "type": "Feature", "geometry": { "type": "Point", "coordinates": [644501.100, 6858558.400, 40.000] }, "properties": {} },
    { "type": "Feature", "geometry": { "type": "Point", "coordinates": [644501.100, 6858558.600, 40.000] }, "properties": {} },
    { "type": "Feature", "geometry": { "type": "Point", "coordinates": [644501.100, 6858558.800, 40.000] }, "properties": {} },
    { "type": "Feature", "geometry": { "type": "Point", "coordinates": [644501.100, 6858559.000, 40.000] }, "properties": {} },
    { "type": "Feature", "geometry": { "type": "Point", "coordinates": [644501.100, 6858559.200, 40.000] }, "properties": {} },
    { "type": "Feature", "geometry": { "type": "Point", "coordinates": [644501.100, 6858559.400, 40.000] }, "properties": {} },
    { "type": "Feature", "geometry": { "type": "Point", "coordinates": [644501.100, 6858559.600, 40.000] }, "properties": {} },
    { "type": "Feature", "geometry": { "type": "Point", "coordinates": [644501.100, 6858559.800, 40.000] }, "properties": {} },
    { "type": "Feature", "geometry": { "type": "Point", "coordinates": [644501.100, 6858560.000, 40.000] }, "properties": {} },
    { "type": "Feature", "geometry": { "type": "Point", "coordinates": [644501.100, 6858560.200, 40.000] }, "properties": {} },
    { "type": "Feature", "geometry": { "type": "Point", "coordinates": [644501.100, 6858560.400, 40.000] }, "properties": {} },
    { "type": "Feature", "geometry": { "type": "Point", "coordinates": [644501.100, 6858560.600, 40.000] }, "properties": {} },
    { "type": "Feature", "geometry": { "type": "Point", "coordinates": [644501.100, 6858560.800, 40.000] }, "properties": {} },
    { "type": "Feature", "geometry": { "type": "Point", "coordinates": [644501.100, 6858561.000, 40.000] }, "properties": {} },
    { "type": "Feature", "geometry": { "type": "Point", "coordinates": [644501.100, 6858561.200, 40.000] }, "properties": {} },
    { "type": "Feature", "geometry": { "type": "Point", "coordinates": [644501.100, 6858561.400, 40.000] }, "properties": {} },
    { "type": "Feature", "geometry": { "type": "Point", "coordinates": [644501.100, 6858561.600, 40.000] }, "properties": {} },
    { "type": "Feature", "geometry": { "type": "Point", "coordinates": [644501.100, 6858561.800, 40.000] }, "properties": {} },
    { "type": "Feature", "geometry": { "type": "Point", "coordinates": [644501.100, 6858562.000, 40.000] }, "properties": {} },
    { "type": "Feature", "geometry": { "type": "Point", "coordinates": [644501.100, 6858562.200, 40.000] }, "properties": {} },
    { "type": "Feature", "geometry": { "type": "Point", "coordinates": [644501.100, 6858562.400, 40.000] }, "properties": {} },
    { "type": "Feature", "geometry": { "type": "Point", "coordinates": [644501.100, 6858562.600, 40.000] }, "properties": {} },
    { "type": "Feature", "geometry": { "type": "Point", "coordinates": [644501.100, 6858562.800, 40.000] }, "properties": {} },
    { "type": "Feature", "geometry": { "type": "Point", "coordinates": [644501.100, 6858563.000, 40.000] }, "properties": {} },
    { "type": "Feature", "geometry": { "type": "Point", "coordinates": [644501.100, 6858563.200, 40.000] }, "properties": {} },
    { "type": "Feature", "geometry": { "type": "Point", "coordinates": [644501.100, 6858563.400, 40.000] }, "properties": {} },
    { "type": "Feature", "geometry": { "type": "Point", "coordinates": [644501.100, 6858563.600, 40.000] }, "properties": {} },
    { "type": "Feature", "geometry": { "type": "Point", "coordinates": [644501.100, 6858563.800, 40.000] }, "properties": {} },
    { "type": "Feature", "geometry": { "type": "Point", "coordinates": [644501.100, 6858564.000, 40.000] }, "properties": {} },
    { "type": "Feature", "geometry": { "type": "Point", "coordinates": [644501.100, 6858564.200, 40.000] }, "properties": {} },
    { "type": "Feature", "geometry": { "type": "Point", "coordinates": [644501.100, 6858564.400, 40.000] }, "properties": {} },
    { "type": "Feature", "geometry": { "type": "Point", "coordinates": [644501.100, 6858564.600, 40.000] }, "properties": {} },
    { "type": "Feature", "geometry": { "type": "Point", "coordinates": [644501.100, 6858564.800, 40.000] }, "properties": {} },
    { "type": "Feature", "geometry": { "type": "Point", "coordinates": [644501.100, 6858565.000, 40.000] }, "properties": {} },
    { "type": "Feature", "geometry": { "type": "Point", "coordinates": [644501.100, 6858565.200, 40.000] }, "properties": {} },
    { "type": "Feature", "geometry": { "type": "Point", "coordinates": [644501.100, 6858565.400, 40.000] }, "properties": {} },
    { "type": "Feature", "geometry": { "type": "Point", "coordinates": [644501.100, 6858565.600, 40.000] }, "properties": {} },
    { "type": "Feature", "geometry": { "type": "Point", "coordinates": [644501.100, 6858565.800, 40.000] }, "properties": {} },
    { "type": "Feature", "geometry": { "type": "Point", "coordinates": [644501.100, 6858566.000, 40.000] }, "properties": {} },
    { "type": "Feature", "geometry": { "type": "Point", "coordinates": [644501.100, 6858566.200, 40.000] }, "properties": {} },
    { "type": "Feature", "geometry": { "type": "Point", "coordinates": [644501.100, 6858566.400, 40.000] }, "properties": {} },
    { "type": "Feature", "geometry": { "type": "Point", "coordinates": [644501.100, 6858566.600, 40.000] }, "properties": {} },
    { "type": "Feature", "geometry": { "type": "Point", "coordinates": [644501.100, 6858566.800, 40.000] }, "properties": {} },
    { "type": "Feature", "geometry": { "type": "Point", "coordinates": [644501.100, 6858567.000, 40.000] }, "properties": {} },
    { "type": "Feature", "geometry": { "type": "Point", "coordinates": [644501.100, 6858567.200, 40.000] }, "properties": {} },
    { "type": "Feature", "geometry": { "type": "Point", "coordinates": [644501.100, 6858567.400, 40.000] }, "properties": {} },
    { "type": "Feature", "geometry": { "type": "Point", "coordinates": [644501.100, 6858567.600, 40.000] }, "properties": {} },
    { "type": "Feature", "geometry": { "type": "Point", "coordinates": [644501.100, 6858567.800, 40.000] }, "properties": {} },
    { "type": "Feature", "geometry": { "type": "Point", "coordinates": [644501.100, 6858568.000, 40.000] }, "properties": {} },
    { "type": "Feature", "geometry": { "type": "Point", "coordinates": [644501.100, 6858568.200, 40.000] }, "properties": {} },
    { "type": "Feature", "geometry": { "type": "Point", "coordinates": [644501.100, 6858568.400, 40.000] }, "properties": {} },
    { "type": "Feature", "geometry": { "type": "Point", "coordinates": [644501.100, 6858568.600, 40.000] }, "properties": {} },
    { "type": "Feature", "geometry": { "type": "Point", "coordinates": [644501.100, 6858568.800, 40.000] }, "properties": {} },
    { "type": "Feature", "geometry": { "type": "Point", "coordinates": [644501.100, 6858569.000, 40.000] }, "properties": {} },
    { "type": "Feature", "geometry": { "type": "Point", "coordinates": [644501.100, 6858569.200, 40.000] }, "properties": {} },
    { "type": "Feature", "geometry": { "type": "Point", "coordinates": [644501.100, 6858569.400, 40.000] }, "properties": {} },
    { "type": "Feature", "geometry": { "type": "Point", "coordinates": [644501.100, 6858569.600, 40.000] }, "properties": {} },
    { "type": "Feature", "geometry": { "type": "Point", "coordinates": [644501.100, 6858569.800, 40.000] }, "properties": {} },
    { "type": "Feature", "geometry": { "type": "Point", "coordinates": [644501.100, 6858570.000, 40.000] }, "properties": {} },
    { "type": "Feature", "geometry": { "type": "Point", "coordinates": [644501.100, 6858570.200, 40.000] }, "properties": {} },
    { "type": "Feature", "geometry": { "type": "Point", "coordinates": [644501.100, 6858570.400, 40.000] }, "properties": {} },
    { "type": "Feature", "geometry": { "type": "Point", "coordinates": [644501.100, 6858570.600, 40.000] }, "properties": {} },
    { "type": "Feature", "geometry": { "type": "Point", "coordinates": [644501.100, 6858570.800, 40.000] }, "properties": {} },
    { "type": "Feature", "geometry": { "type": "Point", "coordinates": [644501.100, 6858571.000, 40.000] }, "properties": {} },
    { "type": "Feature", "geometry": { "type": "Point", "coordinates": [644501.100, 6858571.200, 40.000] }, "properties": {} },
    { "type": "Feature", "geometry": { "type": "Point", "coordinates": [644501.100, 6858571.400, 40.000] }, "properties": {} },
    { "type": "Feature", "geometry": { "type": "Point", "coordinates": [644501.100, 6858571.600, 40.000] }, "properties": {} },
    { "type": "Feature", "geometry": { "type": "Point", "coordinates": [644501.100, 6858571.800, 40.000] }, "properties": {} },
    { "type": "Feature", "geometry": { "type": "Point", "coordinates": [644501.100, 6858572.000, 40.000] }, "properties": {} },
    { "type": "Feature", "geometry": { "type": "Point", "coordinates": [644501.100, 6858572.200, 40.000] }, "properties": {} },
    { "type": "Feature", "geometry": { "type": "Point", "coordinates": [644501.100, 6858572.400, 40.000] }, "properties": {} },
    { "type": "Feature", "geometry": { "type": "Point", "coordinates": [644501.100, 6858572.600, 40.000] }, "properties": {} },
    { "type": "Feature", "geometry": { "type": "Point", "coordinates": [644501.100, 6858572.800, 40.000] }, "properties": {} },
    { "type": "Feature", "geometry": { "type": "Point", "coordinates": [644501.100, 6858573.000, 40.000] }, "properties": {} },
    { "type": "Feature", "geometry": { "type": "Point", "coordinates": [644501.100, 6858573.200, 40.000] }, "properties": {} },
    { "type": "Feature", "geometry": { "type": "Point", "coordinates": [644501.100, 6858573.400, 40.000] }, "properties": {} },
    { "type": "Feature", "geometry": { "type": "Point", "coordinates": [644501.100, 6858573.600, 40.000] }, "properties": {} },
    { "type": "Feature", "geometry": { "type": "Point", "coordinates": [644501.100, 6858573.800, 40.000] }, "properties": {} },
    { "type": "Feature", "geometry": { "type": "Point", "coordinates": [644501.100, 6858574.000, 40.000] }, "properties": {} },
    { "type": "Feature", "geometry": { "type": "Point", "coordinates": [644501.100, 6858574.200, 40.000] }, "properties": {} },
    { "type": "Feature", "geometry": { "type": "Point", "coordinates": [644501.100, 6858574.400, 40.000] }, "properties": {} },
    { "type": "Feature", "geometry": { "type": "Point", "coordinates": [644501.100, 6858574.600, 40.000] }, "properties": {} },
    { "type": "Feature", "geometry": { "type": "Point", "coordinates": [644501.100, 6858574.800, 40.000] }, "properties": {} },
    { "type": "Feature", "geometry": { "type": "Point", "coordinates": [644501.100, 6858575.000, 40.000] }, "properties": {} },
    { "type": "Feature", "geometry": { "type": "Point", "coordinates": [644501.100, 6858575.200, 40.000] }, "properties": {} },
    { "type": "Feature", "geometry": { "type": "Point", "coordinates": [644501.100, 6858575.400, 40.000] }, "properties": {} },
    { "type": "Feature", "geometry": { "type": "Point", "coordinates": [644501.100, 6858575.600, 40.000] }, "properties": {} },
    { "type": "Feature", "geometry": { "type": "Point", "coordinates": [644501.100, 6858575.800, 40.000] }, "properties": {} },
    { "type": "Feature", "geometry": { "type": "Point", "coordinates": [644501.100, 6858576.000, 40.000] }, "properties": {} },
    { "type": "Feature", "geometry": { "type": "Point", "coordinates": [644501.100, 6858576.200, 40.000] }, "properties": {} },
    { "type": "Feature", "geometry": { "type": "Point", "coordinates": [644501.100, 6858576.400, 40.000] }, "properties": {} },
    { "type": "Feature", "geometry": { "type": "Point", "coordinates": [644501.100, 6858576.600, 40.000] }, "properties": {} },
    { "type": "Feature", "geometry": { "type": "Point", "coordinates": [644501.100, 6858576.800, 40.000] }, "properties": {} },
    { "type": "Feature", "geometry": { "type": "Point", "coordinates": [644501.100, 6858577.000, 40.000] }, "properties": {} },
    { "type": "Feature", "geometry": { "type": "Point", "coordinates": [644501.100, 6858577.200, 40.000] }, "properties": {} },
    { "type": "Feature", "geometry": { "type": "Point", "coordinates": [644501.100, 6858577.400, 40.000] }, "properties": {} },
    { "type": "Feature", "geometry": { "type": "Point", "coordinates": [644501.100, 6858577.600, 40.000] }, "properties": {} },
    { "type": "Feature", "geometry": { "type": "Point", "coordinates": [644501.100, 6858577.800, 40.000] }, "properties": {} },
    { "type": "Feature", "geometry": { "type": "Point", "coordinates": [644501.100, 6858578.000, 40.000] }, "properties": {} },
    { "type": "Feature", "geometry": { "type": "Point", "coordinates": [644501.100, 6858578.200, 40.000] }, "properties": {} },
    { "type": "Feature", "geometry": { "type": "Point", "coordinates": [644501.100, 6858578.400, 40.000] }, "properties": {} },
    { "type": "Feature", "geometry": { "type": "Point", "coordinates": [644501.100, 6858578.600, 40.000] }, "properties": {} },
    { "type": "Feature", "geometry": { "type": "Point", "coordinates": [644501.100, 6858578.800, 40.000] }, "properties": {} },
    { "type": "Feature", "geometry": { "type": "Point", "coordinates": [644501.100, 6858579.000, 40.000] }, "properties": {} },
    { "type": "Feature", "geometry": { "type": "Point", "coordinates": [644501.100, 6858579.200, 40.000] }, "properties": {} },
    { "type": "Feature", "geometry": { "type": "Point", "coordinates": [644501.100, 6858579.400, 40.000] }, "properties": {} },
    { "type": "Feature", "geometry": { "type": "Point", "coordinates": [644501.100, 6858579.600, 40.000] }, "properties": {} },
    { "type": "Feature", "geometry": { "type": "Point", "coordinates": [644501.100, 6858579.800, 40.000] }, "properties": {} },
    { "type": "Feature", "geometry": { "type": "Point", "coordinates": [644501.100, 6858580.000, 40.000] }, "properties": {} },
    { "type": "Feature", "geometry": { "type": "Point", "coordinates": [644501.100, 6858580.200, 40.000] }, "properties": {} },
    { "type": "Feature", "geometry": { "type": "Point", "coordinates": [644501.100, 6858580.400, 40.000] }, "properties": {} },
    { "type": "Feature", "geometry": { "type": "Point", "coordinates": [644501.100, 6858580.600, 40.000] }, "properties": {} },
    { "type": "Feature", "geometry": { "type": "Point", "coordinates": [644501.100, 6858580.800, 40.000] }, "properties": {} },
    { "type": "Feature", "geometry": { "type": "Point", "coordinates": [644501.100, 6858581.000, 40.000] }, "properties": {} },
    { "type": "Feature", "geometry": { "type": "Point", "coordinates": [644501.100, 6858581.200, 40.000] }, "properties": {} },
    { "type": "Feature", "geometry": { "type": "Point", "coordinates": [644501.100, 6858581.400, 40.000] }, "properties": {} },
    { "type": "Feature", "geometry": { "type": "Point", "coordinates": [644501.100, 6858581.600, 40.000] }, "properties": {} },
    { "type": "Feature", "geometry": { "type": "Point", "coordinates": [644501.100, 6858581.800, 40.000] }, "properties": {} },
    { "type": "Feature", "geometry": { "type": "Point", "coordinates": [644501.100, 6858582.000, 40.000] }, "properties": {} },
    { "type": "Feature", "geometry": { "type": "Point", "coordinates": [644501.100, 6858582.200, 40.000] }, "properties": {} },
    { "type": "Feature", "geometry": { "type": "Point", "coordinates": [644501.100, 6858582.400, 40.000] }, "properties": {} },
    { "type": "Feature", "geometry": { "type": "Point", "coordinates": [644501.100, 6858582.600, 40.000] }, "properties": {} },
    { "type": "Feature", "geometry": { "type": "Point", "coordinates": [644501.100, 6858582.800, 40.000] }, "properties": {} },
    { "type": "Feature", "geometry": { "type": "Point", "coordinates": [644501.100, 6858583.000, 40.000] }, "properties": {} },
    { "type": "Feature", "geometry": { "type": "Point", "coordinates": [644501.100, 6858583.200, 40.000] }, "properties": {} },
    { "type": "Feature", "geometry": { "type": "Point", "coordinates": [644501.100, 6858583.400, 40.000] }, "properties": {} },
    { "type": "Feature", "geometry": { "type": "Point", "coordinates": [644501.100, 6858583.600, 40.000] }, "properties": {} },
    { "type": "Feature", "geometry": { "type": "Point", "coordinates": [644501.100, 6858583.800, 40.000] }, "properties": {} },
    { "type": "Feature", "geometry": { "type": "Point", "coordinates": [644501.100, 6858584.000, 40.000] }, "properties": {} },
    { "type": "Feature", "geometry": { "type": "Point", "coordinates": [644501.100, 6858584.200, 40.000] }, "properties": {} },
    { "type": "Feature", "geometry": { "type": "Point", "coordinates": [644501.100, 6858584.400, 40.000] }, "properties": {} },
    { "type": "Feature", "geometry": { "type": "Point", "coordinates": [644501.100, 6858584.600, 40.000] }, "properties": {} },
    { "type": "Feature", "geometry": { "type": "Point", "coordinates": [644501.100, 6858584.800, 40.000] }, "properties": {} },
    { "type": "Feature", "geometry": { "type": "Point", "coordinates": [644501.100, 6858585.000, 40.000] }, "properties": {} },
    { "type": "Feature", "geometry": { "type": "Point", "coordinates": [644501.100, 6858585.200, 40.000] }, "properties": {} },
    { "type": "Feature", "geometry": { "type": "Point", "coordinates": [644501.100, 6858585.400, 40.000] }, "properties": {} },
    { "type": "Feature", "geometry": { "type": "Point", "coordinates": [644501.100, 6858585.600, 40.000] }, "properties": {} },
    { "type": "Feature", "geometry": { "type": "Point", "coordinates": [644501.100, 6858585.800, 40.000] }, "properties": {} },
    { "type": "Feature", "geometry": { "type": "Point", "coordinates": [644501.100, 6858586.000, 40.000] }, "properties": {} },
    { "type": "Feature", "geometry": { "type": "Point", "coordinates": [644501.100, 6858586.200, 40.000] }, "properties": {} },
    { "type": "Feature", "geometry": { "type": "Point", "coordinates": [644501.100, 6858586.400, 40.000] }, "properties": {} },
    { "type": "Feature", "geometry": { "type": "Point", "coordinates": [644501.100, 6858586.600, 40.000] }, "properties": {} },
    { "type": "Feature", "geometry": { "type": "Point", "coordinates": [644501.100, 6858586.800, 40.000] }, "properties": {} },
    { "type": "Feature", "geometry": { "type": "Point", "coordinates": [644501.100, 6858587.000, 40.000] }, "properties": {} },
    { "type": "Feature", "geometry": { "type": "Point", "coordinates": [644501.100, 6858587.200, 40.000] }, "properties": {} },
    { "type": "Feature", "geometry": { "type": "Point", "coordinates": [644501.100, 6858587.400, 40.000] }, "properties": {} },
    { "type": "Feature", "geometry": { "type": "Point", "coordinates": [644501.100, 6858587.600, 40.000] }, "properties": {} },
    { "type": "Feature", "geometry": { "type": "Point", "coordinates": [644501.100, 6858587.800, 40.000] }, "properties": {} },
    { "type": "Feature", "geometry": { "type": "Point", "coordinates": [644501.100, 6858588.000, 40.000] }, "properties": {} },
    { "type": "Feature", "geometry": { "type": "Point", "coordinates": [644501.100, 6858588.200, 40.000] }, "properties": {} },
    { "type": "Feature", "geometry": { "type": "Point", "coordinates": [644501.100, 6858588.400, 40.000] }, "properties": {} },
    { "type": "Feature", "geometry": { "type": "Point", "coordinates": [644501.100, 6858588.600, 40.000] }, "properties": {} },
    { "type": "Feature", "geometry": { "type": "Point", "coordinates": [644501.100, 6858588.800, 40.000] }, "properties": {} },
    { "type": "Feature", "geometry": { "type": "Point", "coordinates": [644501.100, 6858589.000, 40.000] }, "properties": {} },
    { "type": "Feature", "geometry": { "type": "Point", "coordinates": [644501.100, 6858589.200, 40.000] }, "properties": {} },
    { "type": "Feature", "geometry": { "type": "Point", "coordinates": [644501.100, 6858589.400, 40.000] }, "properties": {} },
    { "type": "Feature", "geometry": { "type": "Point", "coordinates": [644501.100, 6858589.600, 40.000] }, "properties": {} },
    { "type": "Feature", "geometry": { "type": "Point", "coordinates": [644501.100, 6858589.800, 40.000] }, "properties": {} },
    { "type": "Feature", "geometry": { "type": "Point", "coordinates": [644501.100, 6858590.000, 40.000] }, "properties": {} },
    { "type": "Feature", "geometry": { "type": "Point", "coordinates": [644501.100, 6858590.200, 40.000] }, "properties": {} },
    { "type": "Feature", "geometry": { "type": "Point", "coordinates": [644501.100, 6858590.400, 40.000] }, "properties": {} },
    { "type": "Feature", "geometry": { "type": "Point", "coordinates": [644501.100, 6858590.600, 40.000] }, "properties": {} },
    { "type": "Feature", "geometry": { "type": "Point", "coordinates": [644501.100, 6858590.800, 40.000] }, "properties": {} },
    { "type": "Feature", "geometry": { "type": "Point", "coordinates": [644501.100, 6858591.000, 40.000] }, "properties": {} },
    { "type": "Feature", "geometry": { "type": "Point", "coordinates": [644501.100, 6858591.200, 40.000] }, "properties": {} },
    { "type": "Feature", "geometry": { "type": "Point", "coordinates": [644501.100, 6858591.400, 40.000] }, "properties": {} },
    { "type": "Feature", "geometry": { "type": "Point", "coordinates": [644501.100, 6858591.600, 40.000] }, "properties": {} },
    { "type": "Feature", "geometry": { "type": "Point", "coordinates": [644501.100, 6858591.800, 40.000] }, "properties": {} },
    { "type": "Feature", "geometry": { "type": "Point", "coordinates": [644503.100, 6858552.000, 45.000] }, "properties": {} },
    { "type": "Feature", "geometry": { "type": "Point", "coordinates": [644503.100, 6858552.200, 45.000] }, "properties": {} },
    { "type": "Feature", "geometry": { "type": "Point", "coordinates": [644503.100, 6858552.400, 45.000] }, "properties": {} },
    { "type": "Feature", "geometry": { "type": "Point", "coordinates": [644503.100, 6858552.600, 45.000] }, "properties": {} },
    { "type": "Feature", "geometry": { "type": "Point", "coordinates": [644503.100, 6858552.800, 45.000] }, "properties": {} },
    { "type": "Feature", "geometry": { "type": "Point", "coordinates": [644503.100, 6858553.000, 45.000] }, "properties": {} },
    { "type": "Feature", "geometry": { "type": "Point", "coordinates": [644503.100, 6858553.200, 45.000] }, "properties": {} },
    { "type": "Feature", "geometry": { "type": "Point", "coordinates": [644503.100, 6858553.400, 45.000] }, "properties": {} },
    { "type": "Feature", "geometry": { "type": "Point", "coordinates": [644503.100, 6858553.600, 45.000] }, "properties": {} },
    { "type": "Feature", "geometry": { "type": "Point", "coordinates": [644503.100, 6858553.800, 45.000] }, "properties": {} },
    { "type": "Feature", "geometry": { "type": "Point", "coordinates": [644503.100, 6858554.000, 45.000] }, "properties": {} },
    { "type": "Feature", "geometry": { "type": "Point", "coordinates": [644503.100, 6858554.200, 45.000] }, "properties": {} },
    { "type": "Feature", "geometry": { "type": "Point", "coordinates": [644503.100, 6858554.400, 45.000] }, "properties": {} },
    { "type": "Feature", "geometry": { "type": "Point", "coordinates": [644503.100, 6858554.600, 45.000] }, "properties": {} },
    { "type": "Feature", "geometry": { "type": "Point", "coordinates": [644503.100, 6858554.800, 45.000] }, "properties": {} },
    { "type": "Feature", "geometry": { "type": "Point", "coordinates": [644503.100, 6858555.000, 45.000] }, "properties": {} },
    { "type": "Feature", "geometry": { "type": "Point", "coordinates": [644503.100, 6858555.200, 45.000] }, "properties": {} },
    { "type": "Feature", "geometry": { "type": "Point", "coordinates": [644503.100, 6858555.400, 45.000] }, "properties": {} },
    { "type": "Feature", "geometry": { "type": "Point", "coordinates": [644503.100, 6858555.600, 45.000] }, "properties": {} },
    { "type": "Feature", "geometry": { "type": "Point", "coordinates": [644503.100, 6858555.800, 45.000] }, "properties": {} },
    { "type": "Feature", "geometry": { "type": "Point", "coordinates": [644503.100, 6858556.000, 45.000] }, "properties": {} },
    { "type": "Feature", "geometry": { "type": "Point", "coordinates": [644503.100, 6858556.200, 45.000] }, "properties": {} },
    { "type": "Feature", "geometry": { "type": "Point", "coordinates": [644503.100, 6858556.400, 45.000] }, "properties": {} },
    { "type": "Feature", "geometry": { "type": "Point", "coordinates": [644503.100, 6858556.600, 45.000] }, "properties": {} },
    { "type": "Feature", "geometry": { "type": "Point", "coordinates": [644503.100, 6858556.800, 45.000] }, "properties": {} },
    { "type": "Feature", "geometry": { "type": "Point", "coordinates": [644503.100, 6858557.000, 45.000] }, "properties": {} },
    { "type": "Feature", "geometry": { "type": "Point", "coordinates": [644503.100, 6858557.200, 45.000] }, "properties": {} },
    { "type": "Feature", "geometry": { "type": "Point", "coordinates": [644503.100, 6858557.400, 45.000] }, "properties": {} },
    { "type": "Feature", "geometry": { "type": "Point", "coordinates": [644503.100, 6858557.600, 45.000] }, "properties": {} },
    { "type": "Feature", "geometry": { "type": "Point", "coordinates": [644503.100, 6858557.800, 45.000] }, "properties": {} },
    { "type": "Feature", "geometry": { "type": "Point", "coordinates": [644503.100, 6858558.000, 45.000] }, "properties": {} },
    { "type": "Feature", "geometry": { "type": "Point", "coordinates": [644503.100, 6858558.200, 45.000] }, "properties": {} },
    { "type": "Feature", "geometry": { "type": "Point", "coordinates": [644503.100, 6858558.400, 45.000] }, "properties": {} },
    { "type": "Feature", "geometry": { "type": "Point", "coordinates": [644503.100, 6858558.600, 45.000] }, "properties": {} },
    { "type": "Feature", "geometry": { "type": "Point", "coordinates": [644503.100, 6858558.800, 45.000] }, "properties": {} },
    { "type": "Feature", "geometry": { "type": "Point", "coordinates": [644503.100, 6858559.000, 45.000] }, "properties": {} },
    { "type": "Feature", "geometry": { "type": "Point", "coordinates": [644503.100, 6858559.200, 45.000] }, "properties": {} },
    { "type": "Feature", "geometry": { "type": "Point", "coordinates": [644503.100, 6858559.400, 45.000] }, "properties": {} },
    { "type": "Feature", "geometry": { "type": "Point", "coordinates": [644503.100, 6858559.600, 45.000] }, "properties": {} },
    { "type": "Feature", "geometry": { "type": "Point", "coordinates": [644503.100, 6858559.800, 45.000] }, "properties": {} },
    { "type": "Feature", "geometry": { "type": "Point", "coordinates": [644503.100, 6858560.000, 45.000] }, "properties": {} },
    { "type": "Feature", "geometry": { "type": "Point", "coordinates": [644503.100, 6858560.200, 45.000] }, "properties": {} },
    { "type": "Feature", "geometry": { "type": "Point", "coordinates": [644503.100, 6858560.400, 45.000] }, "properties": {} },
    { "type": "Feature", "geometry": { "type": "Point", "coordinates": [644503.100, 6858560.600, 45.000] }, "properties": {} },
    { "type": "Feature", "geometry": { "type": "Point", "coordinates": [644503.100, 6858560.800, 45.000] }, "properties": {} },
    { "type": "Feature", "geometry": { "type": "Point", "coordinates": [644503.100, 6858561.000, 45.000] }, "properties": {} },
    { "type": "Feature", "geometry": { "type": "Point", "coordinates": [644503.100, 6858561.200, 45.000] }, "properties": {} },
    { "type": "Feature", "geometry": { "type": "Point", "coordinates": [644503.100, 6858561.400, 45.000] }, "properties": {} },
    { "type": "Feature", "geometry": { "type": "Point", "coordinates": [644503.100, 6858561.600, 45.000] }, "properties": {} },
    { "type": "Feature", "geometry": { "type": "Point", "coordinates": [644503.100, 6858561.800, 45.000] }, "properties": {} },
    { "type": "Feature", "geometry": { "type": "Point", "coordinates": [644503.100, 6858562.000, 45.000] }, "properties": {} },
    { "type": "Feature", "geometry": { "type": "Point", "coordinates": [644503.100, 6858562.200, 45.600] }, "properties": {} },
    { "type": "Feature", "geometry": { "type": "Point", "coordinates": [644503.100, 6858562.400, 46.200] }, "properties": {} },
    { "type": "Feature", "geometry": { "type": "Point", "coordinates": [644503.100, 6858562.600, 46.800] }, "properties": {} },
    { "type": "Feature", "geometry": { "type": "Point", "coordinates": [644503.100, 6858562.800, 47.400] }, "properties": {} },
    { "type": "Feature", "geometry": { "type": "Point", "coordinates": [644503.100, 6858563.000, 48.000] }, "properties": {} },
    { "type": "Feature", "geometry": { "type": "Point", "coordinates": [644503.100, 6858563.200, 48.600] }, "properties": {} },
    { "type": "Feature", "geometry": { "type": "Point", "coordinates": [644503.100, 6858563.400, 49.200] }, "properties": {} },
    { "type": "Feature", "geometry": { "type": "Point", "coordinates": [644503.100, 6858563.600, 49.800] }, "properties": {} },
    { "type": "Feature", "geometry": { "type": "Point", "coordinates": [644503.100, 6858563.800, 50.400] }, "properties": {} },
    { "type": "Feature", "geometry": { "type": "Point", "coordinates": [644503.100, 6858564.000, 51.000] }, "properties": {} },
    { "type": "Feature", "geometry": { "type": "Point", "coordinates": [644503.100, 6858564.200, 51.600] }, "properties": {} },
    { "type": "Feature", "geometry": { "type": "Point", "coordinates": [644503.100, 6858564.400, 52.200] }, "properties": {} },
    { "type": "Feature", "geometry": { "type": "Point", "coordinates": [644503.100, 6858564.600, 52.800] }, "properties": {} },
    { "type": "Feature", "geometry": { "type": "Point", "coordinates": [644503.100, 6858564.800, 53.400] }, "properties": {} },
    { "type": "Feature", "geometry": { "type": "Point", "coordinates": [644503.100, 6858565.000, 54.000] }, "properties": {} },
    { "type": "Feature", "geometry": { "type": "Point", "coordinates": [644503.100, 6858565.200, 54.600] }, "properties": {} },
    { "type": "Feature", "geometry": { "type": "Point", "coordinates": [644503.100, 6858565.400, 55.200] }, "properties": {} },
    { "type": "Feature", "geometry": { "type": "Point", "coordinates": [644503.100, 6858565.600, 55.800] }, "properties": {} },
    { "type": "Feature", "geometry": { "type": "Point", "coordinates": [644503.100, 6858565.800, 56.400] }, "properties": {} },
    { "type": "Feature", "geometry": { "type": "Point", "coordinates": [644503.100, 6858566.000, 57.000] }, "properties": {} },
    { "type": "Feature", "geometry": { "type": "Point", "coordinates": [644503.100, 6858566.200, 57.600] }, "properties": {} },
    { "type": "Feature", "geometry": { "type": "Point", "coordinates": [644503.100, 6858566.400, 58.200] }, "properties": {} },
    { "type": "Feature", "geometry": { "type": "Point", "coordinates": [644503.100, 6858566.600, 58.800] }, "properties": {} },
    { "type": "Feature", "geometry": { "type": "Point", "coordinates": [644503.100, 6858566.800, 59.400] }, "properties": {} },
    { "type": "Feature", "geometry": { "type": "Point", "coordinates": [644503.100, 6858567.000, 60.000] }, "properties": {} },
    { "type": "Feature", "geometry": { "type": "Point", "coordinates": [644503.100, 6858567.200, 60.600] }, "properties": {} },
    { "type": "Feature", "geometry": { "type": "Point", "coordinates": [644503.100, 6858567.400, 61.200] }, "properties": {} },
    { "type": "Feature", "geometry": { "type": "Point", "coordinates": [644503.100, 6858567.600, 61.800] }, "properties": {} },
    { "type": "Feature", "geometry": { "type": "Point", "coordinates": [644503.100, 6858567.800, 62.400] }, "properties": {} },
    { "type": "Feature", "geometry": { "type": "Point", "coordinates": [644503.100, 6858568.000, 63.000] }, "properties": {} },
    { "type": "Feature", "geometry": { "type": "Point", "coordinates": [644503.100, 6858568.200, 63.600] }, "properties": {} },
    { "type": "Feature", "geometry": { "type": "Point", "coordinates": [644503.100, 6858568.400, 64.200] }, "properties": {} },
    { "type": "Feature", "geometry": { "type": "Point", "coordinates": [644503.100, 6858568.600, 64.800] }, "properties": {} },
    { "type": "Feature", "geometry": { "type": "Point", "coordinates": [644503.100, 6858568.800, 65.400] }, "properties": {} },
    { "type": "Feature", "geometry": { "type": "Point", "coordinates": [644503.100, 6858569.000, 66.000] }, "properties": {} },
    { "type": "Feature", "geometry": { "type": "Point", "coordinates": [644503.100, 6858569.200, 66.600] }, "properties": {} },
    { "type": "Feature", "geometry": { "type": "Point", "coordinates": [644503.100, 6858569.400, 67.200] }, "properties": {} },
    { "type": "Feature", "geometry": { "type": "Point", "coordinates": [644503.100, 6858569.600, 67.800] }, "properties": {} },
    { "type": "Feature", "geometry": { "type": "Point", "coordinates": [644503.100, 6858569.800, 68.400] }, "properties": {} },
    { "type": "Feature", "geometry": { "type": "Point", "coordinates": [644503.100, 6858570.000, 69.000] }, "properties": {} },
    { "type": "Feature", "geometry": { "type": "Point", "coordinates": [644503.100, 6858570.200, 69.600] }, "properties": {} },
    { "type": "Feature", "geometry": { "type": "Point", "coordinates": [644503.100, 6858570.400, 70.200] }, "properties": {} },
    { "type": "Feature", "geometry": { "type": "Point", "coordinates": [644503.100, 6858570.600, 70.800] }, "properties": {} },
    { "type": "Feature", "geometry": { "type": "Point", "coordinates": [644503.100, 6858570.800, 71.400] }, "properties": {} },
    { "type": "Feature", "geometry": { "type": "Point", "coordinates": [644503.100, 6858571.000, 72.000] }, "properties": {} },
    { "type": "Feature", "geometry": { "type": "Point", "coordinates": [644503.100, 6858571.200, 72.600] }, "properties": {} },
    { "type": "Feature", "geometry": { "type": "Point", "coordinates": [644503.100, 6858571.400, 73.200] }, "properties": {} },
    { "type": "Feature", "geometry": { "type": "Point", "coordinates": [644503.100, 6858571.600, 73.800] }, "properties": {} },
    { "type": "Feature", "geometry": { "type": "Point", "coordinates": [644503.100, 6858571.800, 74.400] }, "properties": {} },
    { "type": "Feature", "geometry": { "type": "Point", "coordinates": [644503.100, 6858572.000, 75.000] }, "properties": {} },
    { "type": "Feature", "geometry": { "type": "Point", "coordinates": [644503.100, 6858572.200, 74.400] }, "properties": {} },
    { "type": "Feature", "geometry": { "type": "Point", "coordinates": [644503.100, 6858572.400, 73.800] }, "properties": {} },
    { "type": "Feature", "geometry": { "type": "Point", "coordinates": [644503.100, 6858572.600, 73.200] }, "properties": {} },
    { "type": "Feature", "geometry": { "type": "Point", "coordinates": [644503.100, 6858572.800, 72.600] }, "properties": {} },
    { "type": "Feature", "geometry": { "type": "Point", "coordinates": [644503.100, 6858573.000, 72.000] }, "properties": {} },
    { "type": "Feature", "geometry": { "type": "Point", "coordinates": [644503.100, 6858573.200, 71.400] }, "properties": {} },
    { "type": "Feature", "geometry": { "type": "Point", "coordinates": [644503.100, 6858573.400, 70.800] }, "properties": {} },
    { "type": "Feature", "geometry": { "type": "Point", "coordinates": [644503.100, 6858573.600, 70.200] }, "properties": {} },
    { "type": "Feature", "geometry": { "type": "Point", "coordinates": [644503.100, 6858573.800, 69.600] }, "properties": {} },
    { "type": "Feature", "geometry": { "type": "Point", "coordinates": [644503.100, 6858574.000, 69.000] }, "properties": {} },
    { "type": "Feature", "geometry": { "type": "Point", "coordinates": [644503.100, 6858574.200, 68.400] }, "properties": {} },
    { "type": "Feature", "geometry": { "type": "Point", "coordinates": [644503.100, 6858574.400, 67.800] }, "properties": {} },
    { "type": "Feature", "geometry": { "type": "Point", "coordinates": [644503.100, 6858574.600, 67.200] }, "properties": {} },
    { "type": "Feature", "geometry": { "type": "Point", "coordinates": [644503.100, 6858574.800, 66.600] }, "properties": {} },
    { "type": "Feature", "geometry": { "type": "Point", "coordinates": [644503.100, 6858575.000, 66.000] }, "properties": {} },
    { "type": "Feature", "geometry": { "type": "Point", "coordinates": [644503.100, 6858575.200, 65.400] }, "properties": {} },
    { "type": "Feature", "geometry": { "type": "Point", "coordinates": [644503.100, 6858575.400, 64.800] }, "properties": {} },
    { "type": "Feature", "geometry": { "type": "Point", "coordinates": [644503.100, 6858575.600, 64.200] }, "properties": {} },
    { "type": "Feature", "geometry": { "type": "Point", "coordinates": [644503.100, 6858575.800, 63.600] }, "properties": {} },
    { "type": "Feature", "geometry": { "type": "Point", "coordinates": [644503.100, 6858576.000, 63.000] }, "properties": {} },
    { "type": "Feature", "geometry": { "type": "Point", "coordinates": [644503.100, 6858576.200, 62.400] }, "properties": {} },
    { "type": "Feature", "geometry": { "type": "Point", "coordinates": [644503.100, 6858576.400, 61.800] }, "properties": {} },
    { "type": "Feature", "geometry": { "type": "Point", "coordinates": [644503.100, 6858576.600, 61.200] }, "properties": {} },
    { "type": "Feature", "geometry": { "type": "Point", "coordinates": [644503.100, 6858576.800, 60.600] }, "properties": {} },
    { "type": "Feature", "geometry": { "type": "Point", "coordinates": [644503.100, 6858577.000, 60.000] }, "properties": {} },
    { "type": "Feature", "geometry": { "type": "Point", "coordinates": [644503.100, 6858577.200, 59.400] }, "properties": {} },
    { "type": "Feature", "geometry": { "type": "Point", "coordinates": [644503.100, 6858577.400, 58.800] }, "properties": {} },
    { "type": "Feature", "geometry": { "type": "Point", "coordinates": [644503.100, 6858577.600, 58.200] }, "properties": {} },
    { "type": "Feature", "geometry": { "type": "Point", "coordinates": [644503.100, 6858577.800, 57.600] }, "properties": {} },
    { "type": "Feature", "geometry": { "type": "Point", "coordinates": [644503.100, 6858578.000, 57.000] }, "properties": {} },
    { "type": "Feature", "geometry": { "type": "Point", "coordinates": [644503.100, 6858578.200, 56.400] }, "properties": {} },
    { "type": "Feature", "geometry": { "type": "Point", "coordinates": [644503.100, 6858578.400, 55.800] }, "properties": {} },
    { "type": "Feature", "geometry": { "type": "Point", "coordinates": [644503.100, 6858578.600, 55.200] }, "properties": {} },
    { "type": "Feature", "geometry": { "type": "Point", "coordinates": [644503.100, 6858578.800, 54.600] }, "properties": {} },
    { "type": "Feature", "geometry": { "type": "Point", "coordinates": [644503.100, 6858579.000, 54.000] }, "properties": {} },
    { "type": "Feature", "geometry": { "type": "Point", "coordinates": [644503.100, 6858579.200, 53.400] }, "properties": {} },
    { "type": "Feature", "geometry": { "type": "Point", "coordinates": [644503.100, 6858579.400, 52.800] }, "properties": {} },
    { "type": "Feature", "geometry": { "type": "Point", "coordinates": [644503.100, 6858579.600, 52.200] }, "properties": {} },
    { "type": "Feature", "geometry": { "type": "Point", "coordinates": [644503.100, 6858579.800, 51.600] }, "properties": {} },
    { "type": "Feature", "geometry": { "type": "Point", "coordinates": [644503.100, 6858580.000, 51.000] }, "properties": {} },
    { "type": "Feature", "geometry": { "type": "Point", "coordinates": [644503.100, 6858580.200, 50.400] }, "properties": {} },
    { "type": "Feature", "geometry": { "type": "Point", "coordinates": [644503.100, 6858580.400, 49.800] }, "properties": {} },
    { "type": "Feature", "geometry": { "type": "Point", "coordinates": [644503.100, 6858580.600, 49.200] }, "properties": {} },
    { "type": "Feature", "geometry": { "type": "Point", "coordinates": [644503.100, 6858580.800, 48.600] }, "properties": {} },
    { "type": "Feature", "geometry": { "type": "Point", "coordinates": [644503.100, 6858581.000, 48.000] }, "properties": {} },
    { "type": "Feature", "geometry": { "type": "Point", "coordinates": [644503.100, 6858581.200, 47.400] }, "properties": {} },
    { "type": "Feature", "geometry": { "type": "Point", "coordinates": [644503.100, 6858581.400, 46.800] }, "properties": {} },
    { "type": "Feature", "geometry": { "type": "Point", "coordinates": [644503.100, 6858581.600, 46.200] }, "properties": {} },
    { "type": "Feature", "geometry": { "type": "Point", "coordinates": [644503.100, 6858581.800, 45.600] }, "properties": {} },
    { "type": "Feature", "geometry": { "type": "Point", "coordinates": [644503.100, 6858552.000, 40.000] }, "properties": {} },
    { "type": "Feature", "geometry": { "type": "Point", "coordinates": [644503.100, 6858552.200, 40.000] }, "properties": {} },
    { "type": "Feature", "geometry": { "type": "Point", "coordinates": [644503.100, 6858552.400, 40.000] }, "properties": {} },
    { "type": "Feature", "geometry": { "type": "Point", "coordinates": [644503.100, 6858552.600, 40.000] }, "properties": {} },
    { "type": "Feature", "geometry": { "type": "Point", "coordinates": [644503.100, 6858552.800, 40.000] }, "properties": {} },
    { "type": "Feature", "geometry": { "type": "Point", "coordinates": [644503.100, 6858553.000, 40.000] }, "properties": {} },
    { "type": "Feature", "geometry": { "type": "Point", "coordinates": [644503.100, 6858553.200, 40.000] }, "properties": {} },
    { "type": "Feature", "geometry": { "type": "Point", "coordinates": [644503.100, 6858553.400, 40.000] }, "properties": {} },
    { "type": "Feature", "geometry": { "type": "Point", "coordinates": [644503.100, 6858553.600, 40.000] }, "properties": {} },
    { "type": "Feature", "geometry": { "type": "Point", "coordinates": [644503.100, 6858553.800, 40.000] }, "properties": {} },
    { "type": "Feature", "geometry": { "type": "Point", "coordinates": [644503.100, 6858554.000, 40.000] }, "properties": {} },
    { "type": "Feature", "geometry": { "type": "Point", "coordinates": [644503.100, 6858554.200, 40.000] }, "properties": {} },
    { "type": "Feature", "geometry": { "type": "Point", "coordinates": [644503.100, 6858554.400, 40.000] }, "properties": {} },
    { "type": "Feature", "geometry": { "type": "Point", "coordinates": [644503.100, 6858554.600, 40.000] }, "properties": {} },
    { "type": "Feature", "geometry": { "type": "Point", "coordinates": [644503.100, 6858554.800, 40.000] }, "properties": {} },
    { "type": "Feature", "geometry": { "type": "Point", "coordinates": [644503.100, 6858555.000, 40.000] }, "properties": {} },
    { "type": "Feature", "geometry": { "type": "Point", "coordinates": [644503.100, 6858555.200, 40.000] }, "properties": {} },
    { "type": "Feature", "geometry": { "type": "Point", "coordinates": [644503.100, 6858555.400, 40.000] }, "properties": {} },
    { "type": "Feature", "geometry": { "type": "Point", "coordinates": [644503.100, 6858555.600, 40.000] }, "properties": {} },
    { "type": "Feature", "geometry": { "type": "Point", "coordinates": [644503.100, 6858555.800, 40.000] }, "properties": {} },
    { "type": "Feature", "geometry": { "type": "Point", "coordinates": [644503.100, 6858556.000, 40.000] }, "properties": {} },
    { "type": "Feature", "geometry": { "type": "Point", "coordinates": [644503.100, 6858556.200, 40.000] }, "properties": {} },
    { "type": "Feature", "geometry": { "type": "Point", "coordinates": [644503.100, 6858556.400, 40.000] }, "properties": {} },
    { "type": "Feature", "geometry": { "type": "Point", "coordinates": [644503.100, 6858556.600, 40.000] }, "properties": {} },
    { "type": "Feature", "geometry": { "type": "Point", "coordinates": [644503.100, 6858556.800, 40.000] }, "properties": {} },
    { "type": "Feature", "geometry": { "type": "Point", "coordinates": [644503.100, 6858557.000, 40.000] }, "properties": {} },
    { "type": "Feature", "geometry": { "type": "Point", "coordinates": [644503.100, 6858557.200, 40.000] }, "properties": {} },
    { "type": "Feature", "geometry": { "type": "Point", "coordinates": [644503.100, 6858557.400, 40.000] }, "properties": {} },
    { "type": "Feature", "geometry": { "type": "Point", "coordinates": [644503.100, 6858557.600, 40.000] }, "properties": {} },
    { "type": "Feature", "geometry": { "type": "Point", "coordinates": [644503.100, 6858557.800, 40.000] }, "properties": {} },
    { "type": "Feature", "geometry": { "type": "Point", "coordinates": [644503.100, 6858558.000, 40.000] }, "properties": {} },
    { "type": "Feature", "geometry": { "type": "Point", "coordinates": [644503.100, 6858558.200, 40.000] }, "properties": {} },
    { "type": "Feature", "geometry": { "type": "Point", "coordinates": [644503.100, 6858558.400, 40.000] }, "properties": {} },
    { "type": "Feature", "geometry": { "type": "Point", "coordinates": [644503.100, 6858558.600, 40.000] }, "properties": {} },
    { "type": "Feature", "geometry": { "type": "Point", "coordinates": [644503.100, 6858558.800, 40.000] }, "properties": {} },
    { "type": "Feature", "geometry": { "type": "Point", "coordinates": [644503.100, 6858559.000, 40.000] }, "properties": {} },
    { "type": "Feature", "geometry": { "type": "Point", "coordinates": [644503.100, 6858559.200, 40.000] }, "properties": {} },
    { "type": "Feature", "geometry": { "type": "Point", "coordinates": [644503.100, 6858559.400, 40.000] }, "properties": {} },
    { "type": "Feature", "geometry": { "type": "Point", "coordinates": [644503.100, 6858559.600, 40.000] }, "properties": {} },
    { "type": "Feature", "geometry": { "type": "Point", "coordinates": [644503.100, 6858559.800, 40.000] }, "properties": {} },
    { "type": "Feature", "geometry": { "type": "Point", "coordinates": [644503.100, 6858560.000, 40.000] }, "properties": {} },
    { "type": "Feature", "geometry": { "type": "Point", "coordinates": [644503.100, 6858560.200, 40.000] }, "properties": {} },
    { "type": "Feature", "geometry": { "type": "Point", "coordinates": [644503.100, 6858560.400, 40.000] }, "properties": {} },
    { "type": "Feature", "geometry": { "type": "Point", "coordinates": [644503.100, 6858560.600, 40.000] }, "properties": {} },
    { "type": "Feature", "geometry": { "type": "Point", "coordinates": [644503.100, 6858560.800, 40.000] }, "properties": {} },
    { "type": "Feature", "geometry": { "type": "Point", "coordinates": [644503.100, 6858561.000, 40.000] }, "properties": {} },
    { "type": "Feature", "geometry": { "type": "Point", "coordinates": [644503.100, 6858561.200, 40.000] }, "properties": {} },
    { "type": "Feature", "geometry": { "type": "Point", "coordinates": [644503.100, 6858561.400, 40.000] }, "properties": {} },
    { "type": "Feature", "geometry": { "type": "Point", "coordinates": [644503.100, 6858561.600, 40.000] }, "properties": {} },
    { "type": "Feature", "geometry": { "type": "Point", "coordinates": [644503.100, 6858561.800, 40.000] }, "properties": {} },
    { "type": "Feature", "geometry": { "type": "Point", "coordinates": [644503.100, 6858562.000, 40.000] }, "properties": {} },
    { "type": "Feature", "geometry": { "type": "Point", "coordinates": [644503.100, 6858562.200, 40.000] }, "properties": {} },
    { "type": "Feature", "geometry": { "type": "Point", "coordinates": [644503.100, 6858562.400, 40.000] }, "properties": {} },
    { "type": "Feature", "geometry": { "type": "Point", "coordinates": [644503.100, 6858562.600, 40.000] }, "properties": {} },
    { "type": "Feature", "geometry": { "type": "Point", "coordinates": [644503.100, 6858562.800, 40.000] }, "properties": {} },
    { "type": "Feature", "geometry": { "type": "Point", "coordinates": [644503.100, 6858563.000, 40.000] }, "properties": {} },
    { "type": "Feature", "geometry": { "type": "Point", "coordinates": [644503.100, 6858563.200, 40.000] }, "properties": {} },
    { "type": "Feature", "geometry": { "type": "Point", "coordinates": [644503.100, 6858563.400, 40.000] }, "properties": {} },
    { "type": "Feature", "geometry": { "type": "Point", "coordinates": [644503.100, 6858563.600, 40.000] }, "properties": {} },
    { "type": "Feature", "geometry": { "type": "Point", "coordinates": [644503.100, 6858563.800, 40.000] }, "properties": {} },
    { "type": "Feature", "geometry": { "type": "Point", "coordinates": [644503.100, 6858564.000, 40.000] }, "properties": {} },
    { "type": "Feature", "geometry": { "type": "Point", "coordinates": [644503.100, 6858564.200, 40.000] }, "properties": {} },
    { "type": "Feature", "geometry": { "type": "Point", "coordinates": [644503.100, 6858564.400, 40.000] }, "properties": {} },
    { "type": "Feature", "geometry": { "type": "Point", "coordinates": [644503.100, 6858564.600, 40.000] }, "properties": {} },
    { "type": "Feature", "geometry": { "type": "Point", "coordinates": [644503.100, 6858564.800, 40.000] }, "properties": {} },
    { "type": "Feature", "geometry": { "type": "Point", "coordinates": [644503.100, 6858565.000, 40.000] }, "properties": {} },
    { "type": "Feature", "geometry": { "type": "Point", "coordinates": [644503.100, 6858565.200, 40.000] }, "properties": {} },
    { "type": "Feature", "geometry": { "type": "Point", "coordinates": [644503.100, 6858565.400, 40.000] }, "properties": {} },
    { "type": "Feature", "geometry": { "type": "Point", "coordinates": [644503.100, 6858565.600, 40.000] }, "properties": {} },
    { "type": "Feature", "geometry": { "type": "Point", "coordinates": [644503.100, 6858565.800, 40.000] }, "properties": {} },
    { "type": "Feature", "geometry": { "type": "Point", "coordinates": [644503.100, 6858566.000, 40.000] }, "properties": {} },
    { "type": "Feature", "geometry": { "type": "Point", "coordinates": [644503.100, 6858566.200, 40.000] }, "properties": {} },
    { "type": "Feature", "geometry": { "type": "Point", "coordinates": [644503.100, 6858566.400, 40.000] }, "properties": {} },
    { "type": "Feature", "geometry": { "type": "Point", "coordinates": [644503.100, 6858566.600, 40.000] }, "properties": {} },
    { "type": "Feature", "geometry": { "type": "Point", "coordinates": [644503.100, 6858566.800, 40.000] }, "properties": {} },
    { "type": "Feature", "geometry": { "type": "Point", "coordinates": [644503.100, 6858567.000, 40.000] }, "properties": {} },
    { "type": "Feature", "geometry": { "type": "Point", "coordinates": [644503.100, 6858567.200, 40.000] }, "properties": {} },
    { "type": "Feature", "geometry": { "type": "Point", "coordinates": [644503.100, 6858567.400, 40.000] }, "properties": {} },
    { "type": "Feature", "geometry": { "type": "Point", "coordinates": [644503.100, 6858567.600, 40.000] }, "properties": {} },
    { "type": "Feature", "geometry": { "type": "Point", "coordinates": [644503.100, 6858567.800, 40.000] }, "properties": {} },
    { "type": "Feature", "geometry": { "type": "Point", "coordinates": [644503.100, 6858568.000, 40.000] }, "properties": {} },
    { "type": "Feature", "geometry": { "type": "Point", "coordinates": [644503.100, 6858568.200, 40.000] }, "properties": {} },
    { "type": "Feature", "geometry": { "type": "Point", "coordinates": [644503.100, 6858568.400, 40.000] }, "properties": {} },
    { "type": "Feature", "geometry": { "type": "Point", "coordinates": [644503.100, 6858568.600, 40.000] }, "properties": {} },
    { "type": "Feature", "geometry": { "type": "Point", "coordinates": [644503.100, 6858568.800, 40.000] }, "properties": {} },
    { "type": "Feature", "geometry": { "type": "Point", "coordinates": [644503.100, 6858569.000, 40.000] }, "properties": {} },
    { "type": "Feature", "geometry": { "type": "Point", "coordinates": [644503.100, 6858569.200, 40.000] }, "properties": {} },
    { "type": "Feature", "geometry": { "type": "Point", "coordinates": [644503.100, 6858569.400, 40.000] }, "properties": {} },
    { "type": "Feature", "geometry": { "type": "Point", "coordinates": [644503.100, 6858569.600, 40.000] }, "properties": {} },
    { "type": "Feature", "geometry": { "type": "Point", "coordinates": [644503.100, 6858569.800, 40.000] }, "properties": {} },
    { "type": "Feature", "geometry": { "type": "Point", "coordinates": [644503.100, 6858570.000, 40.000] }, "properties": {} },
    { "type": "Feature", "geometry": { "type": "Point", "coordinates": [644503.100, 6858570.200, 40.000] }, "properties": {} },
    { "type": "Feature", "geometry": { "type": "Point", "coordinates": [644503.100, 6858570.400, 40.000] }, "properties": {} },
    { "type": "Feature", "geometry": { "type": "Point", "coordinates": [644503.100, 6858570.600, 40.000] }, "properties": {} },
    { "type": "Feature", "geometry": { "type": "Point", "coordinates": [644503.100, 6858570.800, 40.000] }, "properties": {} },
    { "type": "Feature", "geometry": { "type": "Point", "coordinates": [644503.100, 6858571.000, 40.000] }, "properties": {} },
    { "type": "Feature", "geometry": { "type": "Point", "coordinates": [644503.100, 6858571.200, 40.000] }, "properties": {} },
    { "type": "Feature", "geometry": { "type": "Point", "coordinates": [644503.100, 6858571.400, 40.000] }, "properties": {} },
    { "type": "Feature", "geometry": { "type": "Point", "coordinates": [644503.100, 6858571.600, 40.000] }, "properties": {} },
    { "type": "Feature", "geometry": { "type": "Point", "coordinates": [644503.100, 6858571.800, 40.000] }, "properties": {} },
    { "type": "Feature", "geometry": { "type": "Point", "coordinates": [644503.100, 6858572.000, 40.000] }, "properties": {} },
    { "type": "Feature", "geometry": { "type": "Point", "coordinates": [644503.100, 6858572.200, 40.000] }, "properties": {} },
    { "type": "Feature", "geometry": { "type": "Point", "coordinates": [644503.100, 6858572.400, 40.000] }, "properties": {} },
    { "type": "Feature", "geometry": { "type": "Point", "coordinates": [644503.100, 6858572.600, 40.000] }, "properties": {} },
    { "type": "Feature", "geometry": { "type": "Point", "coordinates": [644503.100, 6858572.800, 40.000] }, "properties": {} },
    { "type": "Feature", "geometry": { "type": "Point", "coordinates": [644503.100, 6858573.000, 40.000] }, "properties": {} },
    { "type": "Feature", "geometry": { "type": "Point", "coordinates": [644503.100, 6858573.200, 40.000] }, "properties": {} },
    { "type": "Feature", "geometry": { "type": "Point", "coordinates": [644503.100, 6858573.400, 40.000] }, "properties": {} },
    { "type": "Feature", "geometry": { "type": "Point", "coordinates": [644503.100, 6858573.600, 40.000] }, "properties": {} },
    { "type": "Feature", "geometry": { "type": "Point", "coordinates": [644503.100, 6858573.800, 40.000] }, "properties": {} },
    { "type": "Feature", "geometry": { "type": "Point", "coordinates": [644503.100, 6858574.000, 40.000] }, "properties": {} },
    { "type": "Feature", "geometry": { "type": "Point", "coordinates": [644503.100, 6858574.200, 40.000] }, "properties": {} },
    { "type": "Feature", "geometry": { "type": "Point", "coordinates": [644503.100, 6858574.400, 40.000] }, "properties": {} },
    { "type": "Feature", "geometry": { "type": "Point", "coordinates": [644503.100, 6858574.600, 40.000] }, "properties": {} },
    { "type": "Feature", "geometry": { "type": "Point", "coordinates": [644503.100, 6858574.800, 40.000] }, "properties": {} },
    { "type": "Feature", "geometry": { "type": "Point", "coordinates": [644503.100, 6858575.000, 40.000] }, "properties": {} },
    { "type": "Feature", "geometry": { "type": "Point", "coordinates": [644503.100, 6858575.200, 40.000] }, "properties": {} },
    { "type": "Feature", "geometry": { "type": "Point", "coordinates": [644503.100, 6858575.400, 40.000] }, "properties": {} },
    { "type": "Feature", "geometry": { "type": "Point", "coordinates": [644503.100, 6858575.600, 40.000] }, "properties": {} },
    { "type": "Feature", "geometry": { "type": "Point", "coordinates": [644503.100, 6858575.800, 40.000] }, "properties": {} },
    { "type": "Feature", "geometry": { "type": "Point", "coordinates": [644503.100, 6858576.000, 40.000] }, "properties": {} },
    { "type": "Feature", "geometry": { "type": "Point", "coordinates": [644503.100, 6858576.200, 40.000] }, "properties": {} },
    { "type": "Feature", "geometry": { "type": "Point", "coordinates": [644503.100, 6858576.400, 40.000] }, "properties": {} },
    { "type": "Feature", "geometry": { "type": "Point", "coordinates": [644503.100, 6858576.600, 40.000] }, "properties": {} },
    { "type": "Feature", "geometry": { "type": "Point", "coordinates": [644503.100, 6858576.800, 40.000] }, "properties": {} },
    { "type": "Feature", "geometry": { "type": "Point", "coordinates": [644503.100, 6858577.000, 40.000] }, "properties": {} },
    { "type": "Feature", "geometry": { "type": "Point", "coordinates": [644503.100, 6858577.200, 40.000] }, "properties": {} },
    { "type": "Feature", "geometry": { "type": "Point", "coordinates": [644503.100, 6858577.400, 40.000] }, "properties": {} },
    { "type": "Feature", "geometry": { "type": "Point", "coordinates": [644503.100, 6858577.600, 40.000] }, "properties": {} },
    { "type": "Feature", "geometry": { "type": "Point", "coordinates": [644503.100, 6858577.800, 40.000] }, "properties": {} },
    { "type": "Feature", "geometry": { "type": "Point", "coordinates": [644503.100, 6858578.000, 40.000] }, "properties": {} },
    { "type": "Feature", "geometry": { "type": "Point", "coordinates": [644503.100, 6858578.200, 40.000] }, "properties": {} },
    { "type": "Feature", "geometry": { "type": "Point", "coordinates": [644503.100, 6858578.400, 40.000] }, "properties": {} },
    { "type": "Feature", "geometry": { "type": "Point", "coordinates": [644503.100, 6858578.600, 40.000] }, "properties": {} },
    { "type": "Feature", "geometry": { "type": "Point", "coordinates": [644503.100, 6858578.800, 40.000] }, "properties": {} },
    { "type": "Feature", "geometry": { "type": "Point", "coordinates": [644503.100, 6858579.000, 40.000] }, "properties": {} },
    { "type": "Feature", "geometry": { "type": "Point", "coordinates": [644503.100, 6858579.200, 40.000] }, "properties": {} },
    { "type": "Feature", "geometry": { "type": "Point", "coordinates": [644503.100, 6858579.400, 40.000] }, "properties": {} },
    { "type": "Feature", "geometry": { "type": "Point", "coordinates": [644503.100, 6858579.600, 40.000] }, "properties": {} },
    { "type": "Feature", "geometry": { "type": "Point", "coordinates": [644503.100, 6858579.800, 40.000] }, "properties": {} },
    { "type": "Feature", "geometry": { "type": "Point", "coordinates": [644503.100, 6858580.000, 40.000] }, "properties": {} },
    { "type": "Feature", "geometry": { "type": "Point", "coordinates": [644503.100, 6858580.200, 40.000] }, "properties": {} },
    { "type": "Feature", "geometry": { "type": "Point", "coordinates": [644503.100, 6858580.400, 40.000] }, "properties": {} },
    { "type": "Feature", "geometry": { "type": "Point", "coordinates": [644503.100, 6858580.600, 40.000] }, "properties": {} },
    { "type": "Feature", "geometry": { "type": "Point", "coordinates": [644503.100, 6858580.800, 40.000] }, "properties": {} },
    { "type": "Feature", "geometry": { "type": "Point", "coordinates": [644503.100, 6858581.000, 40.000] }, "properties": {} },
    { "type": "Feature", "geometry": { "type": "Point", "coordinates": [644503.100, 6858581.200, 40.000] }, "properties": {} },
    { "type": "Feature", "geometry": { "type": "Point", "coordinates": [644503.100, 6858581.400, 40.000] }, "properties": {} },
    { "type": "Feature", "geometry": { "type": "Point", "coordinates": [644503.100, 6858581.600, 40.000] }, "properties": {} },
    { "type": "Feature", "geometry": { "type": "Point", "coordinates": [644503.100, 6858581.800, 40.000] }, "properties": {} },
    { "type": "Feature", "geometry": { "type": "Point", "coordinates": [644503.100, 6858582.000, 40.000] }, "properties": {} },
    { "type": "Feature", "geometry": { "type": "Point", "coordinates": [644503.100, 6858582.200, 40.000] }, "properties": {} },
    { "type": "Feature", "geometry": { "type": "Point", "coordinates": [644503.100, 6858582.400, 40.000] }, "properties": {} },
    { "type": "Feature", "geometry": { "type": "Point", "coordinates": [644503.100, 6858582.600, 40.000] }, "properties": {} },
    { "type": "Feature", "geometry": { "type": "Point", "coordinates": [644503.100, 6858582.800, 40.000] }, "properties": {} },
    { "type": "Feature", "geometry": { "type": "Point", "coordinates": [644503.100, 6858583.000, 40.000] }, "properties": {} },
    { "type": "Feature", "geometry": { "type": "Point", "coordinates": [644503.100, 6858583.200, 40.000] }, "properties": {} },
    { "type": "Feature", "geometry": { "type": "Point", "coordinates": [644503.100, 6858583.400, 40.000] }, "properties": {} },
    { "type": "Feature", "geometry": { "type": "Point", "coordinates": [644503.100, 6858583.600, 40.000] }, "properties": {} },
    { "type": "Feature", "geometry": { "type": "Point", "coordinates": [644503.100, 6858583.800, 40.000] }, "properties": {} },
    { "type": "Feature", "geometry": { "type": "Point", "coordinates": [644503.100, 6858584.000, 40.000] }, "properties": {} },
    { "type": "Feature", "geometry": { "type": "Point", "coordinates": [644503.100, 6858584.200, 40.000] }, "properties": {} },
    { "type": "Feature", "geometry": { "type": "Point", "coordinates": [644503.100, 6858584.400, 40.000] }, "properties": {} },
    { "type": "Feature", "geometry": { "type": "Point", "coordinates": [644503.100, 6858584.600, 40.000] }, "properties": {} },
    { "type": "Feature", "geometry": { "type": "Point", "coordinates": [644503.100, 6858584.800, 40.000] }, "properties": {} },
    { "type": "Feature", "geometry": { "type": "Point", "coordinates": [644503.100, 6858585.000, 40.000] }, "properties": {} },
    { "type": "Feature", "geometry": { "type": "Point", "coordinates": [644503.100, 6858585.200, 40.000] }, "properties": {} },
    { "type": "Feature", "geometry": { "type": "Point", "coordinates": [644503.100, 6858585.400, 40.000] }, "properties": {} },
    { "type": "Feature", "geometry": { "type": "Point", "coordinates": [644503.100, 6858585.600, 40.000] }, "properties": {} },
    { "type": "Feature", "geometry": { "type": "Point", "coordinates": [644503.100, 6858585.800, 40.000] }, "properties": {} },
    { "type": "Feature", "geometry": { "type": "Point", "coordinates": [644503.100, 6858586.000, 40.000] }, "properties": {} },
    { "type": "Feature", "geometry": { "type": "Point", "coordinates": [644503.100, 6858586.200, 40.000] }, "properties": {} },
    { "type": "Feature", "geometry": { "type": "Point", "coordinates": [644503.100, 6858586.400, 40.000] }, "properties": {} },
    { "type": "Feature", "geometry": { "type": "Point", "coordinates": [644503.100, 6858586.600, 40.000] }, "properties": {} },
    { "type": "Feature", "geometry": { "type": "Point", "coordinates": [644503.100, 6858586.800, 40.000] }, "properties": {} },
    { "type": "Feature", "geometry": { "type": "Point", "coordinates": [644503.100, 6858587.000, 40.000] }, "properties": {} },
    { "type": "Feature", "geometry": { "type": "Point", "coordinates": [644503.100, 6858587.200, 40.000] }, "properties": {} },
    { "type": "Feature", "geometry": { "type": "Point", "coordinates": [644503.100, 6858587.400, 40.000] }, "properties": {} },
    { "type": "Feature", "geometry": { "type": "Point", "coordinates": [644503.100, 6858587.600, 40.000] }, "properties": {} },
    { "type": "Feature", "geometry": { "type": "Point", "coordinates": [644503.100, 6858587.800, 40.000] }, "properties": {} },
    { "type": "Feature", "geometry": { "type": "Point", "coordinates": [644503.100, 6858588.000, 40.000] }, "properties": {} },
    { "type": "Feature", "geometry": { "type": "Point", "coordinates": [644503.100, 6858588.200, 40.000] }, "properties": {} },
    { "type": "Feature", "geometry": { "type": "Point", "coordinates": [644503.100, 6858588.400, 40.000] }, "properties": {} },
    { "type": "Feature", "geometry": { "type": "Point", "coordinates": [644503.100, 6858588.600, 40.000] }, "properties": {} },
    { "type": "Feature", "geometry": { "type": "Point", "coordinates": [644503.100, 6858588.800, 40.000] }, "properties": {} },
    { "type": "Feature", "geometry": { "type": "Point", "coordinates": [644503.100, 6858589.000, 40.000] }, "properties": {} },
    { "type": "Feature", "geometry": { "type": "Point", "coordinates": [644503.100, 6858589.200, 40.000] }, "properties": {} },
    { "type": "Feature", "geometry": { "type": "Point", "coordinates": [644503.100, 6858589.400, 40.000] }, "properties": {} },
    { "type": "Feature", "geometry": { "type": "Point", "coordinates": [644503.100, 6858589.600, 40.000] }, "properties": {} },
    { "type": "Feature", "geometry": { "type": "Point", "coordinates": [644503.100, 6858589.800, 40.000] }, "properties": {} },
    { "type": "Feature", "geometry": { "type": "Point", "coordinates": [644503.100, 6858590.000, 40.000] }, "properties": {} },
    { "type": "Feature", "geometry": { "type": "Point", "coordinates": [644503.100, 6858590.200, 40.000] }, "properties": {} },
    { "type": "Feature", "geometry": { "type": "Point", "coordinates": [644503.100, 6858590.400, 40.000] }, "properties": {} },
    { "type": "Feature", "geometry": { "type": "Point", "coordinates": [644503.100, 6858590.600, 40.000] }, "properties": {} },
    { "type": "Feature", "geometry": { "type": "Point", "coordinates": [644503.100, 6858590.800, 40.000] }, "properties": {} },
    { "type": "Feature", "geometry": { "type": "Point", "coordinates": [644503.100, 6858591.000, 40.000] }, "properties": {} },
    { "type": "Feature", "geometry": { "type": "Point", "coordinates": [644503.100, 6858591.200, 40.000] }, "properties": {} },
    { "type": "Feature", "geometry": { "type": "Point", "coordinates": [644503.100, 6858591.400, 40.000] }, "properties": {} },
    { "type": "Feature", "geometry": { "type": "Point", "coordinates": [644503.100, 6858591.600, 40.000] }, "properties": {} },
    { "type": "Feature", "geometry": { "type": "Point", "coordinates": [644503.100, 6858591.800, 40.000] }, "properties": {} },
    { "type": "Feature", "geometry": { "type": "Point", "coordinates": [644505.100, 6858552.000, 45.000] }, "properties": {} },
    { "type": "Feature", "geometry": { "type": "Point", "coordinates": [644505.100, 6858552.200, 45.000] }, "properties": {} },
    { "type": "Feature", "geometry": { "type": "Point", "coordinates": [644505.100, 6858552.400, 45.000] }, "properties": {} },
    { "type": "Feature", "geometry": { "type": "Point", "coordinates": [644505.100, 6858552.600, 45.000] }, "properties": {} },
    { "type": "Feature", "geometry": { "type": "Point", "coordinates": [644505.100, 6858552.800, 45.000] }, "properties": {} },
    { "type": "Feature", "geometry": { "type": "Point", "coordinates": [644505.100, 6858553.000, 45.000] }, "properties": {} },
    { "type": "Feature", "geometry": { "type": "Point", "coordinates": [644505.100, 6858553.200, 45.000] }, "properties": {} },
    { "type": "Feature", "geometry": { "type": "Point", "coordinates": [644505.100, 6858553.400, 45.000] }, "properties": {} },
    { "type": "Feature", "geometry": { "type": "Point", "coordinates": [644505.100, 6858553.600, 45.000] }, "properties": {} },
    { "type": "Feature", "geometry": { "type": "Point", "coordinates": [644505.100, 6858553.800, 45.000] }, "properties": {} },
    { "type": "Feature", "geometry": { "type": "Point", "coordinates": [644505.100, 6858554.000, 45.000] }, "properties": {} },
    { "type": "Feature", "geometry": { "type": "Point", "coordinates": [644505.100, 6858554.200, 45.000] }, "properties": {} },
    { "type": "Feature", "geometry": { "type": "Point", "coordinates": [644505.100, 6858554.400, 45.000] }, "properties": {} },
    { "type": "Feature", "geometry": { "type": "Point", "coordinates": [644505.100, 6858554.600, 45.000] }, "properties": {} },
    { "type": "Feature", "geometry": { "type": "Point", "coordinates": [644505.100, 6858554.800, 45.000] }, "properties": {} },
    { "type": "Feature", "geometry": { "type": "Point", "coordinates": [644505.100, 6858555.000, 45.000] }, "properties": {} },
    { "type": "Feature", "geometry": { "type": "Point", "coordinates": [644505.100, 6858555.200, 45.000] }, "properties": {} },
    { "type": "Feature", "geometry": { "type": "Point", "coordinates": [644505.100, 6858555.400, 45.000] }, "properties": {} },
    { "type": "Feature", "geometry": { "type": "Point", "coordinates": [644505.100, 6858555.600, 45.000] }, "properties": {} },
    { "type": "Feature", "geometry": { "type": "Point", "coordinates": [644505.100, 6858555.800, 45.000] }, "properties": {} },
    { "type": "Feature", "geometry": { "type": "Point", "coordinates": [644505.100, 6858556.000, 45.000] }, "properties": {} },
    { "type": "Feature", "geometry": { "type": "Point", "coordinates": [644505.100, 6858556.200, 45.000] }, "properties": {} },
    { "type": "Feature", "geometry": { "type": "Point", "coordinates": [644505.100, 6858556.400, 45.000] }, "properties": {} },
    { "type": "Feature", "geometry": { "type": "Point", "coordinates": [644505.100, 6858556.600, 45.000] }, "properties": {} },
    { "type": "Feature", "geometry": { "type": "Point", "coordinates": [644505.100, 6858556.800, 45.000] }, "properties": {} },
    { "type": "Feature", "geometry": { "type": "Point", "coordinates": [644505.100, 6858557.000, 45.000] }, "properties": {} },
    { "type": "Feature", "geometry": { "type": "Point", "coordinates": [644505.100, 6858557.200, 45.000] }, "properties": {} },
    { "type": "Feature", "geometry": { "type": "Point", "coordinates": [644505.100, 6858557.400, 45.000] }, "properties": {} },
    { "type": "Feature", "geometry": { "type": "Point", "coordinates": [644505.100, 6858557.600, 45.000] }, "properties": {} },
    { "type": "Feature", "geometry": { "type": "Point", "coordinates": [644505.100, 6858557.800, 45.000] }, "properties": {} },
    { "type": "Feature", "geometry": { "type": "Point", "coordinates": [644505.100, 6858558.000, 45.000] }, "properties": {} },
    { "type": "Feature", "geometry": { "type": "Point", "coordinates": [644505.100, 6858558.200, 45.000] }, "properties": {} },
    { "type": "Feature", "geometry": { "type": "Point", "coordinates": [644505.100, 6858558.400, 45.000] }, "properties": {} },
    { "type": "Feature", "geometry": { "type": "Point", "coordinates": [644505.100, 6858558.600, 45.000] }, "properties": {} },
    { "type": "Feature", "geometry": { "type": "Point", "coordinates": [644505.100, 6858558.800, 45.000] }, "properties": {} },
    { "type": "Feature", "geometry": { "type": "Point", "coordinates": [644505.100, 6858559.000, 45.000] }, "properties": {} },
    { "type": "Feature", "geometry": { "type": "Point", "coordinates": [644505.100, 6858559.200, 45.000] }, "properties": {} },
    { "type": "Feature", "geometry": { "type": "Point", "coordinates": [644505.100, 6858559.400, 45.000] }, "properties": {} },
    { "type": "Feature", "geometry": { "type": "Point", "coordinates": [644505.100, 6858559.600, 45.000] }, "properties": {} },
    { "type": "Feature", "geometry": { "type": "Point", "coordinates": [644505.100, 6858559.800, 45.000] }, "properties": {} },
    { "type": "Feature", "geometry": { "type": "Point", "coordinates": [644505.100, 6858560.000, 45.000] }, "properties": {} },
    { "type": "Feature", "geometry": { "type": "Point", "coordinates": [644505.100, 6858560.200, 45.000] }, "properties": {} },
    { "type": "Feature", "geometry": { "type": "Point", "coordinates": [644505.100, 6858560.400, 45.000] }, "properties": {} },
    { "type": "Feature", "geometry": { "type": "Point", "coordinates": [644505.100, 6858560.600, 45.000] }, "properties": {} },
    { "type": "Feature", "geometry": { "type": "Point", "coordinates": [644505.100, 6858560.800, 45.000] }, "properties": {} },
    { "type": "Feature", "geometry": { "type": "Point", "coordinates": [644505.100, 6858561.000, 45.000] }, "properties": {} },
    { "type": "Feature", "geometry": { "type": "Point", "coordinates": [644505.100, 6858561.200, 45.000] }, "properties": {} },
    { "type": "Feature", "geometry": { "type": "Point", "coordinates": [644505.100, 6858561.400, 45.000] }, "properties": {} },
    { "type": "Feature", "geometry": { "type": "Point", "coordinates": [644505.100, 6858561.600, 45.000] }, "properties": {} },
    { "type": "Feature", "geometry": { "type": "Point", "coordinates": [644505.100, 6858561.800, 45.000] }, "properties": {} },
    { "type": "Feature", "geometry": { "type": "Point", "coordinates": [644505.100, 6858562.000, 45.000] }, "properties": {} },
    { "type": "Feature", "geometry": { "type": "Point", "coordinates": [644505.100, 6858562.200, 45.600] }, "properties": {} },
    { "type": "Feature", "geometry": { "type": "Point", "coordinates": [644505.100, 6858562.400, 46.200] }, "properties": {} },
    { "type": "Feature", "geometry": { "type": "Point", "coordinates": [644505.100, 6858562.600, 46.800] }, "properties": {} },
    { "type": "Feature", "geometry": { "type": "Point", "coordinates": [644505.100, 6858562.800, 47.400] }, "properties": {} },
    { "type": "Feature", "geometry": { "type": "Point", "coordinates": [644505.100, 6858563.000, 48.000] }, "properties": {} },
    { "type": "Feature", "geometry": { "type": "Point", "coordinates": [644505.100, 6858563.200, 48.600] }, "properties": {} },
    { "type": "Feature", "geometry": { "type": "Point", "coordinates": [644505.100, 6858563.400, 49.200] }, "properties": {} },
    { "type": "Feature", "geometry": { "type": "Point", "coordinates": [644505.100, 6858563.600, 49.800] }, "properties": {} },
    { "type": "Feature", "geometry": { "type": "Point", "coordinates": [644505.100, 6858563.800, 50.400] }, "properties": {} },
    { "type": "Feature", "geometry": { "type": "Point", "coordinates": [644505.100, 6858564.000, 51.000] }, "properties": {} },
    { "type": "Feature", "geometry": { "type": "Point", "coordinates": [644505.100, 6858564.200, 51.600] }, "properties": {} },
    { "type": "Feature", "geometry": { "type": "Point", "coordinates": [644505.100, 6858564.400, 52.200] }, "properties": {} },
    { "type": "Feature", "geometry": { "type": "Point", "coordinates": [644505.100, 6858564.600, 52.800] }, "properties": {} },
    { "type": "Feature", "geometry": { "type": "Point", "coordinates": [644505.100, 6858564.800, 53.400] }, "properties": {} },
    { "type": "Feature", "geometry": { "type": "Point", "coordinates": [644505.100, 6858565.000, 54.000] }, "properties": {} },
    { "type": "Feature", "geometry": { "type": "Point", "coordinates": [644505.100, 6858565.200, 54.600] }, "properties": {} },
    { "type": "Feature", "geometry": { "type": "Point", "coordinates": [644505.100, 6858565.400, 55.200] }, "properties": {} },
    { "type": "Feature", "geometry": { "type": "Point", "coordinates": [644505.100, 6858565.600, 55.800] }, "properties": {} },
    { "type": "Feature", "geometry": { "type": "Point", "coordinates": [644505.100, 6858565.800, 56.400] }, "properties": {} },
    { "type": "Feature", "geometry": { "type": "Point", "coordinates": [644505.100, 6858566.000, 57.000] }, "properties": {} },
    { "type": "Feature", "geometry": { "type": "Point", "coordinates": [644505.100, 6858566.200, 57.600] }, "properties": {} },
    { "type": "Feature", "geometry": { "type": "Point", "coordinates": [644505.100, 6858566.400, 58.200] }, "properties": {} },
    { "type": "Feature", "geometry": { "type": "Point", "coordinates": [644505.100, 6858566.600, 58.800] }, "properties": {} },
    { "type": "Feature", "geometry": { "type": "Point", "coordinates": [644505.100, 6858566.800, 59.400] }, "properties": {} },
    { "type": "Feature", "geometry": { "type": "Point", "coordinates": [644505.100, 6858567.000, 60.000] }, "properties": {} },
    { "type": "Feature", "geometry": { "type": "Point", "coordinates": [644505.100, 6858567.200, 60.600] }, "properties": {} },
    { "type": "Feature", "geometry": { "type": "Point", "coordinates": [644505.100, 6858567.400, 61.200] }, "properties": {} },
    { "type": "Feature", "geometry": { "type": "Point", "coordinates": [644505.100, 6858567.600, 61.800] }, "properties": {} },
    { "type": "Feature", "geometry": { "type": "Point", "coordinates": [644505.100, 6858567.800, 62.400] }, "properties": {} },
    { "type": "Feature", "geometry": { "type": "Point", "coordinates": [644505.100, 6858568.000, 63.000] }, "properties": {} },
    { "type": "Feature", "geometry": { "type": "Point", "coordinates": [644505.100, 6858568.200, 63.600] }, "properties": {} },
    { "type": "Feature", "geometry": { "type": "Point", "coordinates": [644505.100, 6858568.400, 64.200] }, "properties": {} },
    { "type": "Feature", "geometry": { "type": "Point", "coordinates": [644505.100, 6858568.600, 64.800] }, "properties": {} },
    { "type": "Feature", "geometry": { "type": "Point", "coordinates": [644505.100, 6858568.800, 65.400] }, "properties": {} },
    { "type": "Feature", "geometry": { "type": "Point", "coordinates": [644505.100, 6858569.000, 66.000] }, "properties": {} },
    { "type": "Feature", "geometry": { "type": "Point", "coordinates": [644505.100, 6858569.200, 66.600] }, "properties": {} },
    { "type": "Feature", "geometry": { "type": "Point", "coordinates": [644505.100, 6858569.400, 67.200] }, "properties": {} },
    { "type": "Feature", "geometry": { "type": "Point", "coordinates": [644505.100, 6858569.600, 67.800] }, "properties": {} },
    { "type": "Feature", "geometry": { "type": "Point", "coordinates": [644505.100, 6858569.800, 68.400] }, "properties": {} },
    { "type": "Feature", "geometry": { "type": "Point", "coordinates": [644505.100, 6858570.000, 69.000] }, "properties": {} },
    { "type": "Feature", "geometry": { "type": "Point", "coordinates": [644505.100, 6858570.200, 69.600] }, "properties": {} },
    { "type": "Feature", "geometry": { "type": "Point", "coordinates": [644505.100, 6858570.400, 70.200] }, "properties": {} },
    { "type": "Feature", "geometry": { "type": "Point", "coordinates": [644505.100, 6858570.600, 70.800] }, "properties": {} },
    { "type": "Feature", "geometry": { "type": "Point", "coordinates": [644505.100, 6858570.800, 71.400] }, "properties": {} },
    { "type": "Feature", "geometry": { "type": "Point", "coordinates": [644505.100, 6858571.000, 72.000] }, "properties": {} },
    { "type": "Feature", "geometry": { "type": "Point", "coordinates": [644505.100, 6858571.200, 72.600] }, "properties": {} },
    { "type": "Feature", "geometry": { "type": "Point", "coordinates": [644505.100, 6858571.400, 73.200] }, "properties": {} },
    { "type": "Feature", "geometry": { "type": "Point", "coordinates": [644505.100, 6858571.600, 73.800] }, "properties": {} },
    { "type": "Feature", "geometry": { "type": "Point", "coordinates": [644505.100, 6858571.800, 74.400] }, "properties": {} },
    { "type": "Feature", "geometry": { "type": "Point", "coordinates": [644505.100, 6858572.000, 75.000] }, "properties": {} },
    { "type": "Feature", "geometry": { "type": "Point", "coordinates": [644505.100, 6858572.200, 74.400] }, "properties": {} },
    { "type": "Feature", "geometry": { "type": "Point", "coordinates": [644505.100, 6858572.400, 73.800] }, "properties": {} },
    { "type": "Feature", "geometry": { "type": "Point", "coordinates": [644505.100, 6858572.600, 73.200] }, "properties": {} },
    { "type": "Feature", "geometry": { "type": "Point", "coordinates": [644505.100, 6858572.800, 72.600] }, "properties": {} },
    { "type": "Feature", "geometry": { "type": "Point", "coordinates": [644505.100, 6858573.000, 72.000] }, "properties": {} },
    { "type": "Feature", "geometry": { "type": "Point", "coordinates": [644505.100, 6858573.200, 71.400] }, "properties": {} },
    { "type": "Feature", "geometry": { "type": "Point", "coordinates": [644505.100, 6858573.400, 70.800] }, "properties": {} },
    { "type": "Feature", "geometry": { "type": "Point", "coordinates": [644505.100, 6858573.600, 70.200] }, "properties": {} },
    { "type": "Feature", "geometry": { "type": "Point", "coordinates": [644505.100, 6858573.800, 69.600] }, "properties": {} },
    { "type": "Feature", "geometry": { "type": "Point", "coordinates": [644505.100, 6858574.000, 69.000] }, "properties": {} },
    { "type": "Feature", "geometry": { "type": "Point", "coordinates": [644505.100, 6858574.200, 68.400] }, "properties": {} },
    { "type": "Feature", "geometry": { "type": "Point", "coordinates": [644505.100, 6858574.400, 67.800] }, "properties": {} },
    { "type": "Feature", "geometry": { "type": "Point", "coordinates": [644505.100, 6858574.600, 67.200] }, "properties": {} },
    { "type": "Feature", "geometry": { "type": "Point", "coordinates": [644505.100, 6858574.800, 66.600] }, "properties": {} },
    { "type": "Feature", "geometry": { "type": "Point", "coordinates": [644505.100, 6858575.000, 66.000] }, "properties": {} },
    { "type": "Feature", "geometry": { "type": "Point", "coordinates": [644505.100, 6858575.200, 65.400] }, "properties": {} },
    { "type": "Feature", "geometry": { "type": "Point", "coordinates": [644505.100, 6858575.400, 64.800] }, "properties": {} },
    { "type": "Feature", "geometry": { "type": "Point", "coordinates": [644505.100, 6858575.600, 64.200] }, "properties": {} },
    { "type": "Feature", "geometry": { "type": "Point", "coordinates": [644505.100, 6858575.800, 63.600] }, "properties": {} },
    { "type": "Feature", "geometry": { "type": "Point", "coordinates": [644505.100, 6858576.000, 63.000] }, "properties": {} },
    { "type": "Feature", "geometry": { "type": "Point", "coordinates": [644505.100, 6858576.200, 62.400] }, "properties": {} },
    { "type": "Feature", "geometry": { "type": "Point", "coordinates": [644505.100, 6858576.400, 61.800] }, "properties": {} },
    { "type": "Feature", "geometry": { "type": "Point", "coordinates": [644505.100, 6858576.600, 61.200] }, "properties": {} },
    { "type": "Feature", "geometry": { "type": "Point", "coordinates": [644505.100, 6858576.800, 60.600] }, "properties": {} },
    { "type": "Feature", "geometry": { "type": "Point", "coordinates": [644505.100, 6858577.000, 60.000] }, "properties": {} },
    { "type": "Feature", "geometry": { "type": "Point", "coordinates": [644505.100, 6858577.200, 59.400] }, "properties": {} },
    { "type": "Feature", "geometry": { "type": "Point", "coordinates": [644505.100, 6858577.400, 58.800] }, "properties": {} },
    { "type": "Feature", "geometry": { "type": "Point", "coordinates": [644505.100, 6858577.600, 58.200] }, "properties": {} },
    { "type": "Feature", "geometry": { "type": "Point", "coordinates": [644505.100, 6858577.800, 57.600] }, "properties": {} },
    { "type": "Feature", "geometry": { "type": "Point", "coordinates": [644505.100, 6858578.000, 57.000] }, "properties": {} },
    { "type": "Feature", "geometry": { "type": "Point", "coordinates": [644505.100, 6858578.200, 56.400] }, "properties": {} },
    { "type": "Feature", "geometry": { "type": "Point", "coordinates": [644505.100, 6858578.400, 55.800] }, "properties": {} },
    { "type": "Feature", "geometry": { "type": "Point", "coordinates": [644505.100, 6858578.600, 55.200] }, "properties": {} },
    { "type": "Feature", "geometry": { "type": "Point", "coordinates": [644505.100, 6858578.800, 54.600] }, "properties": {} },
    { "type": "Feature", "geometry": { "type": "Point", "coordinates": [644505.100, 6858579.000, 54.000] }, "properties": {} },
    { "type": "Feature", "geometry": { "type": "Point", "coordinates": [644505.100, 6858579.200, 53.400] }, "properties": {} },
    { "type": "Feature", "geometry": { "type": "Point", "coordinates": [644505.100, 6858579.400, 52.800] }, "properties": {} },
    { "type": "Feature", "geometry": { "type": "Point", "coordinates": [644505.100, 6858579.600, 52.200] }, "properties": {} },
    { "type": "Feature", "geometry": { "type": "Point", "coordinates": [644505.100, 6858579.800, 51.600] }, "properties": {} },
    { "type": "Feature", "geometry": { "type": "Point", "coordinates": [644505.100, 6858580.000, 51.000] }, "properties": {} },
    { "type": "Feature", "geometry": { "type": "Point", "coordinates": [644505.100, 6858580.200, 50.400] }, "properties": {} },
    { "type": "Feature", "geometry": { "type": "Point", "coordinates": [644505.100, 6858580.400, 49.800] }, "properties": {} },
    { "type": "Feature", "geometry": { "type": "Point", "coordinates": [644505.100, 6858580.600, 49.200] }, "properties": {} },
    { "type": "Feature", "geometry": { "type": "Point", "coordinates": [644505.100, 6858580.800, 48.600] }, "properties": {} },
    { "type": "Feature", "geometry": { "type": "Point", "coordinates": [644505.100, 6858581.000, 48.000] }, "properties": {} },
    { "type": "Feature", "geometry": { "type": "Point", "coordinates": [644505.100, 6858581.200, 47.400] }, "properties": {} },
    { "type": "Feature", "geometry": { "type": "Point", "coordinates": [644505.100, 6858581.400, 46.800] }, "properties": {} },
    { "type": "Feature", "geometry": { "type": "Point", "coordinates": [644505.100, 6858581.600, 46.200] }, "properties": {} },
    { "type": "Feature", "geometry": { "type": "Point", "coordinates": [644505.100, 6858581.800, 45.600] }, "properties": {} },
    { "type": "Feature", "geometry": { "type": "Point", "coordinates": [644505.100, 6858552.000, 40.000] }, "properties": {} },
    { "type": "Feature", "geometry": { "type": "Point", "coordinates": [644505.100, 6858552.200, 40.000] }, "properties": {} },
    { "type": "Feature", "geometry": { "type": "Point", "coordinates": [644505.100, 6858552.400, 40.000] }, "properties": {} },
    { "type": "Feature", "geometry": { "type": "Point", "coordinates": [644505.100, 6858552.600, 40.000] }, "properties": {} },
    { "type": "Feature", "geometry": { "type": "Point", "coordinates": [644505.100, 6858552.800, 40.000] }, "properties": {} },
    { "type": "Feature", "geometry": { "type": "Point", "coordinates": [644505.100, 6858553.000, 40.000] }, "properties": {} },
    { "type": "Feature", "geometry": { "type": "Point", "coordinates": [644505.100, 6858553.200, 40.000] }, "properties": {} },
    { "type": "Feature", "geometry": { "type": "Point", "coordinates": [644505.100, 6858553.400, 40.000] }, "properties": {} },
    { "type": "Feature", "geometry": { "type": "Point", "coordinates": [644505.100, 6858553.600, 40.000] }, "properties": {} },
    { "type": "Feature", "geometry": { "type": "Point", "coordinates": [644505.100, 6858553.800, 40.000] }, "properties": {} },
    { "type": "Feature", "geometry": { "type": "Point", "coordinates": [644505.100, 6858554.000, 40.000] }, "properties": {} },
    { "type": "Feature", "geometry": { "type": "Point", "coordinates": [644505.100, 6858554.200, 40.000] }, "properties": {} },
    { "type": "Feature", "geometry": { "type": "Point", "coordinates": [644505.100, 6858554.400, 40.000] }, "properties": {} },
    { "type": "Feature", "geometry": { "type": "Point", "coordinates": [644505.100, 6858554.600, 40.000] }, "properties": {} },
    { "type": "Feature", "geometry": { "type": "Point", "coordinates": [644505.100, 6858554.800, 40.000] }, "properties": {} },
    { "type": "Feature", "geometry": { "type": "Point", "coordinates": [644505.100, 6858555.000, 40.000] }, "properties": {} },
    { "type": "Feature", "geometry": { "type": "Point", "coordinates": [644505.100, 6858555.200, 40.000] }, "properties": {} },
    { "type": "Feature", "geometry": { "type": "Point", "coordinates": [644505.100, 6858555.400, 40.000] }, "properties": {} },
    { "type": "Feature", "geometry": { "type": "Point", "coordinates": [644505.100, 6858555.600, 40.000] }, "properties": {} },
    { "type": "Feature", "geometry": { "type": "Point", "coordinates": [644505.100, 6858555.800, 40.000] }, "properties": {} },
    { "type": "Feature", "geometry": { "type": "Point", "coordinates": [644505.100, 6858556.000, 40.000] }, "properties": {} },
    { "type": "Feature", "geometry": { "type": "Point", "coordinates": [644505.100, 6858556.200, 40.000] }, "properties": {} },
    { "type": "Feature", "geometry": { "type": "Point", "coordinates": [644505.100, 6858556.400, 40.000] }, "properties": {} },
    { "type": "Feature", "geometry": { "type": "Point", "coordinates": [644505.100, 6858556.600, 40.000] }, "properties": {} },
    { "type": "Feature", "geometry": { "type": "Point", "coordinates": [644505.100, 6858556.800, 40.000] }, "properties": {} },
    { "type": "Feature", "geometry": { "type": "Point", "coordinates": [644505.100, 6858557.000, 40.000] }, "properties": {} },
    { "type": "Feature", "geometry": { "type": "Point", "coordinates": [644505.100, 6858557.200, 40.000] }, "properties": {} },
    { "type": "Feature", "geometry": { "type": "Point", "coordinates": [644505.100, 6858557.400, 40.000] }, "properties": {} },
    { "type": "Feature", "geometry": { "type": "Point", "coordinates": [644505.100, 6858557.600, 40.000] }, "properties": {} },
    { "type": "Feature", "geometry": { "type": "Point", "coordinates": [644505.100, 6858557.800, 40.000] }, "properties": {} },
    { "type": "Feature", "geometry": { "type": "Point", "coordinates": [644505.100, 6858558.000, 40.000] }, "properties": {} },
    { "type": "Feature", "geometry": { "type": "Point", "coordinates": [644505.100, 6858558.200, 40.000] }, "properties": {} },
    { "type": "Feature", "geometry": { "type": "Point", "coordinates": [644505.100, 6858558.400, 40.000] }, "properties": {} },
    { "type": "Feature", "geometry": { "type": "Point", "coordinates": [644505.100, 6858558.600, 40.000] }, "properties": {} },
    { "type": "Feature", "geometry": { "type": "Point", "coordinates": [644505.100, 6858558.800, 40.000] }, "properties": {} },
    { "type": "Feature", "geometry": { "type": "Point", "coordinates": [644505.100, 6858559.000, 40.000] }, "properties": {} },
    { "type": "Feature", "geometry": { "type": "Point", "coordinates": [644505.100, 6858559.200, 40.000] }, "properties": {} },
    { "type": "Feature", "geometry": { "type": "Point", "coordinates": [644505.100, 6858559.400, 40.000] }, "properties": {} },
    { "type": "Feature", "geometry": { "type": "Point", "coordinates": [644505.100, 6858559.600, 40.000] }, "properties": {} },
    { "type": "Feature", "geometry": { "type": "Point", "coordinates": [644505.100, 6858559.800, 40.000] }, "properties": {} },
    { "type": "Feature", "geometry": { "type": "Point", "coordinates": [644505.100, 6858560.000, 40.000] }, "properties": {} },
    { "type": "Feature", "geometry": { "type": "Point", "coordinates": [644505.100, 6858560.200, 40.000] }, "properties": {} },
    { "type": "Feature", "geometry": { "type": "Point", "coordinates": [644505.100, 6858560.400, 40.000] }, "properties": {} },
    { "type": "Feature", "geometry": { "type": "Point", "coordinates": [644505.100, 6858560.600, 40.000] }, "properties": {} },
    { "type": "Feature", "geometry": { "type": "Point", "coordinates": [644505.100, 6858560.800, 40.000] }, "properties": {} },
    { "type": "Feature", "geometry": { "type": "Point", "coordinates": [644505.100, 6858561.000, 40.000] }, "properties": {} },
    { "type": "Feature", "geometry": { "type": "Point", "coordinates": [644505.100, 6858561.200, 40.000] }, "properties": {} },
    { "type": "Feature", "geometry": { "type": "Point", "coordinates": [644505.100, 6858561.400, 40.000] }, "properties": {} },
    { "type": "Feature", "geometry": { "type": "Point", "coordinates": [644505.100, 6858561.600, 40.000] }, "properties": {} },
    { "type": "Feature", "geometry": { "type": "Point", "coordinates": [644505.100, 6858561.800, 40.000] }, "properties": {} },
    { "type": "Feature", "geometry": { "type": "Point", "coordinates": [644505.100, 6858562.000, 40.000] }, "properties": {} },
    { "type": "Feature", "geometry": { "type": "Point", "coordinates": [644505.100, 6858562.200, 40.000] }, "properties": {} },
    { "type": "Feature", "geometry": { "type": "Point", "coordinates": [644505.100, 6858562.400, 40.000] }, "properties": {} },
    { "type": "Feature", "geometry": { "type": "Point", "coordinates": [644505.100, 6858562.600, 40.000] }, "properties": {} },
    { "type": "Feature", "geometry": { "type": "Point", "coordinates": [644505.100, 6858562.800, 40.000] }, "properties": {} },
    { "type": "Feature", "geometry": { "type": "Point", "coordinates": [644505.100, 6858563.000, 40.000] }, "properties": {} },
    { "type": "Feature", "geometry": { "type": "Point", "coordinates": [644505.100, 6858563.200, 40.000] }, "properties": {} },
    { "type": "Feature", "geometry": { "type": "Point", "coordinates": [644505.100, 6858563.400, 40.000] }, "properties": {} },
    { "type": "Feature", "geometry": { "type": "Point", "coordinates": [644505.100, 6858563.600, 40.000] }, "properties": {} },
    { "type": "Feature", "geometry": { "type": "Point", "coordinates": [644505.100, 6858563.800, 40.000] }, "properties": {} },
    { "type": "Feature", "geometry": { "type": "Point", "coordinates": [644505.100, 6858564.000, 40.000] }, "properties": {} },
    { "type": "Feature", "geometry": { "type": "Point", "coordinates": [644505.100, 6858564.200, 40.000] }, "properties": {} },
    { "type": "Feature", "geometry": { "type": "Point", "coordinates": [644505.100, 6858564.400, 40.000] }, "properties": {} },
    { "type": "Feature", "geometry": { "type": "Point", "coordinates": [644505.100, 6858564.600, 40.000] }, "properties": {} },
    { "type": "Feature", "geometry": { "type": "Point", "coordinates": [644505.100, 6858564.800, 40.000] }, "properties": {} },
    { "type": "Feature", "geometry": { "type": "Point", "coordinates": [644505.100, 6858565.000, 40.000] }, "properties": {} },
    { "type": "Feature", "geometry": { "type": "Point", "coordinates": [644505.100, 6858565.200, 40.000] }, "properties": {} },
    { "type": "Feature", "geometry": { "type": "Point", "coordinates": [644505.100, 6858565.400, 40.000] }, "properties": {} },
    { "type": "Feature", "geometry": { "type": "Point", "coordinates": [644505.100, 6858565.600, 40.000] }, "properties": {} },
    { "type": "Feature", "geometry": { "type": "Point", "coordinates": [644505.100, 6858565.800, 40.000] }, "properties": {} },
    { "type": "Feature", "geometry": { "type": "Point", "coordinates": [644505.100, 6858566.000, 40.000] }, "properties": {} },
    { "type": "Feature", "geometry": { "type": "Point", "coordinates": [644505.100, 6858566.200, 40.000] }, "properties": {} },
    { "type": "Feature", "geometry": { "type": "Point", "coordinates": [644505.100, 6858566.400, 40.000] }, "properties": {} },
    { "type": "Feature", "geometry": { "type": "Point", "coordinates": [644505.100, 6858566.600, 40.000] }, "properties": {} },
    { "type": "Feature", "geometry": { "type": "Point", "coordinates": [644505.100, 6858566.800, 40.000] }, "properties": {} },
    { "type": "Feature", "geometry": { "type": "Point", "coordinates": [644505.100, 6858567.000, 40.000] }, "properties": {} },
    { "type": "Feature", "geometry": { "type": "Point", "coordinates": [644505.100, 6858567.200, 40.000] }, "properties": {} },
    { "type": "Feature", "geometry": { "type": "Point", "coordinates": [644505.100, 6858567.400, 40.000] }, "properties": {} },
    { "type": "Feature", "geometry": { "type": "Point", "coordinates": [644505.100, 6858567.600, 40.000] }, "properties": {} },
    { "type": "Feature", "geometry": { "type": "Point", "coordinates": [644505.100, 6858567.800, 40.000] }, "properties": {} },
    { "type": "Feature", "geometry": { "type": "Point", "coordinates": [644505.100, 6858568.000, 40.000] }, "properties": {} },
    { "type": "Feature", "geometry": { "type": "Point", "coordinates": [644505.100, 6858568.200, 40.000] }, "properties": {} },
    { "type": "Feature", "geometry": { "type": "Point", "coordinates": [644505.100, 6858568.400, 40.000] }, "properties": {} },
    { "type": "Feature", "geometry": { "type": "Point", "coordinates": [644505.100, 6858568.600, 40.000] }, "properties": {} },
    { "type": "Feature", "geometry": { "type": "Point", "coordinates": [644505.100, 6858568.800, 40.000] }, "properties": {} },
    { "type": "Feature", "geometry": { "type": "Point", "coordinates": [644505.100, 6858569.000, 40.000] }, "properties": {} },
    { "type": "Feature", "geometry": { "type": "Point", "coordinates": [644505.100, 6858569.200, 40.000] }, "properties": {} },
    { "type": "Feature", "geometry": { "type": "Point", "coordinates": [644505.100, 6858569.400, 40.000] }, "properties": {} },
    { "type": "Feature", "geometry": { "type": "Point", "coordinates": [644505.100, 6858569.600, 40.000] }, "properties": {} },
    { "type": "Feature", "geometry": { "type": "Point", "coordinates": [644505.100, 6858569.800, 40.000] }, "properties": {} },
    { "type": "Feature", "geometry": { "type": "Point", "coordinates": [644505.100, 6858570.000, 40.000] }, "properties": {} },
    { "type": "Feature", "geometry": { "type": "Point", "coordinates": [644505.100, 6858570.200, 40.000] }, "properties": {} },
    { "type": "Feature", "geometry": { "type": "Point", "coordinates": [644505.100, 6858570.400, 40.000] }, "properties": {} },
    { "type": "Feature", "geometry": { "type": "Point", "coordinates": [644505.100, 6858570.600, 40.000] }, "properties": {} },
    { "type": "Feature", "geometry": { "type": "Point", "coordinates": [644505.100, 6858570.800, 40.000] }, "properties": {} },
    { "type": "Feature", "geometry": { "type": "Point", "coordinates": [644505.100, 6858571.000, 40.000] }, "properties": {} },
    { "type": "Feature", "geometry": { "type": "Point", "coordinates": [644505.100, 6858571.200, 40.000] }, "properties": {} },
    { "type": "Feature", "geometry": { "type": "Point", "coordinates": [644505.100, 6858571.400, 40.000] }, "properties": {} },
    { "type": "Feature", "geometry": { "type": "Point", "coordinates": [644505.100, 6858571.600, 40.000] }, "properties": {} },
    { "type": "Feature", "geometry": { "type": "Point", "coordinates": [644505.100, 6858571.800, 40.000] }, "properties": {} },
    { "type": "Feature", "geometry": { "type": "Point", "coordinates": [644505.100, 6858572.000, 40.000] }, "properties": {} },
    { "type": "Feature", "geometry": { "type": "Point", "coordinates": [644505.100, 6858572.200, 40.000] }, "properties": {} },
    { "type": "Feature", "geometry": { "type": "Point", "coordinates": [644505.100, 6858572.400, 40.000] }, "properties": {} },
    { "type": "Feature", "geometry": { "type": "Point", "coordinates": [644505.100, 6858572.600, 40.000] }, "properties": {} },
    { "type": "Feature", "geometry": { "type": "Point", "coordinates": [644505.100, 6858572.800, 40.000] }, "properties": {} },
    { "type": "Feature", "geometry": { "type": "Point", "coordinates": [644505.100, 6858573.000, 40.000] }, "properties": {} },
    { "type": "Feature", "geometry": { "type": "Point", "coordinates": [644505.100, 6858573.200, 40.000] }, "properties": {} },
    { "type": "Feature", "geometry": { "type": "Point", "coordinates": [644505.100, 6858573.400, 40.000] }, "properties": {} },
    { "type": "Feature", "geometry": { "type": "Point", "coordinates": [644505.100, 6858573.600, 40.000] }, "properties": {} },
    { "type": "Feature", "geometry": { "type": "Point", "coordinates": [644505.100, 6858573.800, 40.000] }, "properties": {} },
    { "type": "Feature", "geometry": { "type": "Point", "coordinates": [644505.100, 6858574.000, 40.000] }, "properties": {} },
    { "type": "Feature", "geometry": { "type": "Point", "coordinates": [644505.100, 6858574.200, 40.000] }, "properties": {} },
    { "type": "Feature", "geometry": { "type": "Point", "coordinates": [644505.100, 6858574.400, 40.000] }, "properties": {} },
    { "type": "Feature", "geometry": { "type": "Point", "coordinates": [644505.100, 6858574.600, 40.000] }, "properties": {} },
    { "type": "Feature", "geometry": { "type": "Point", "coordinates": [644505.100, 6858574.800, 40.000] }, "properties": {} },
    { "type": "Feature", "geometry": { "type": "Point", "coordinates": [644505.100, 6858575.000, 40.000] }, "properties": {} },
    { "type": "Feature", "geometry": { "type": "Point", "coordinates": [644505.100, 6858575.200, 40.000] }, "properties": {} },
    { "type": "Feature", "geometry": { "type": "Point", "coordinates": [644505.100, 6858575.400, 40.000] }, "properties": {} },
    { "type": "Feature", "geometry": { "type": "Point", "coordinates": [644505.100, 6858575.600, 40.000] }, "properties": {} },
    { "type": "Feature", "geometry": { "type": "Point", "coordinates": [644505.100, 6858575.800, 40.000] }, "properties": {} },
    { "type": "Feature", "geometry": { "type": "Point", "coordinates": [644505.100, 6858576.000, 40.000] }, "properties": {} },
    { "type": "Feature", "geometry": { "type": "Point", "coordinates": [644505.100, 6858576.200, 40.000] }, "properties": {} },
    { "type": "Feature", "geometry": { "type": "Point", "coordinates": [644505.100, 6858576.400, 40.000] }, "properties": {} },
    { "type": "Feature", "geometry": { "type": "Point", "coordinates": [644505.100, 6858576.600, 40.000] }, "properties": {} },
    { "type": "Feature", "geometry": { "type": "Point", "coordinates": [644505.100, 6858576.800, 40.000] }, "properties": {} },
    { "type": "Feature", "geometry": { "type": "Point", "coordinates": [644505.100, 6858577.000, 40.000] }, "properties": {} },
    { "type": "Feature", "geometry": { "type": "Point", "coordinates": [644505.100, 6858577.200, 40.000] }, "properties": {} },
    { "type": "Feature", "geometry": { "type": "Point", "coordinates": [644505.100, 6858577.400, 40.000] }, "properties": {} },
    { "type": "Feature", "geometry": { "type": "Point", "coordinates": [644505.100, 6858577.600, 40.000] }, "properties": {} },
    { "type": "Feature", "geometry": { "type": "Point", "coordinates": [644505.100, 6858577.800, 40.000] }, "properties": {} },
    { "type": "Feature", "geometry": { "type": "Point", "coordinates": [644505.100, 6858578.000, 40.000] }, "properties": {} },
    { "type": "Feature", "geometry": { "type": "Point", "coordinates": [644505.100, 6858578.200, 40.000] }, "properties": {} },
    { "type": "Feature", "geometry": { "type": "Point", "coordinates": [644505.100, 6858578.400, 40.000] }, "properties": {} },
    { "type": "Feature", "geometry": { "type": "Point", "coordinates": [644505.100, 6858578.600, 40.000] }, "properties": {} },
    { "type": "Feature", "geometry": { "type": "Point", "coordinates": [644505.100, 6858578.800, 40.000] }, "properties": {} },
    { "type": "Feature", "geometry": { "type": "Point", "coordinates": [644505.100, 6858579.000, 40.000] }, "properties": {} },
    { "type": "Feature", "geometry": { "type": "Point", "coordinates": [644505.100, 6858579.200, 40.000] }, "properties": {} },
    { "type": "Feature", "geometry": { "type": "Point", "coordinates": [644505.100, 6858579.400, 40.000] }, "properties": {} },
    { "type": "Feature", "geometry": { "type": "Point", "coordinates": [644505.100, 6858579.600, 40.000] }, "properties": {} },
    { "type": "Feature", "geometry": { "type": "Point", "coordinates": [644505.100, 6858579.800, 40.000] }, "properties": {} },
    { "type": "Feature", "geometry": { "type": "Point", "coordinates": [644505.100, 6858580.000, 40.000] }, "properties": {} },
    { "type": "Feature", "geometry": { "type": "Point", "coordinates": [644505.100, 6858580.200, 40.000] }, "properties": {} },
    { "type": "Feature", "geometry": { "type": "Point", "coordinates": [644505.100, 6858580.400, 40.000] }, "properties": {} },
    { "type": "Feature", "geometry": { "type": "Point", "coordinates": [644505.100, 6858580.600, 40.000] }, "properties": {} },
    { "type": "Feature", "geometry": { "type": "Point", "coordinates": [644505.100, 6858580.800, 40.000] }, "properties": {} },
    { "type": "Feature", "geometry": { "type": "Point", "coordinates": [644505.100, 6858581.000, 40.000] }, "properties": {} },
    { "type": "Feature", "geometry": { "type": "Point", "coordinates": [644505.100, 6858581.200, 40.000] }, "properties": {} },
    { "type": "Feature", "geometry": { "type": "Point", "coordinates": [644505.100, 6858581.400, 40.000] }, "properties": {} },
    { "type": "Feature", "geometry": { "type": "Point", "coordinates": [644505.100, 6858581.600, 40.000] }, "properties": {} },
    { "type": "Feature", "geometry": { "type": "Point", "coordinates": [644505.100, 6858581.800, 40.000] }, "properties": {} },
    { "type": "Feature", "geometry": { "type": "Point", "coordinates": [644505.100, 6858582.000, 40.000] }, "properties": {} },
    { "type": "Feature", "geometry": { "type": "Point", "coordinates": [644505.100, 6858582.200, 40.000] }, "properties": {} },
    { "type": "Feature", "geometry": { "type": "Point", "coordinates": [644505.100, 6858582.400, 40.000] }, "properties": {} },
    { "type": "Feature", "geometry": { "type": "Point", "coordinates": [644505.100, 6858582.600, 40.000] }, "properties": {} },
    { "type": "Feature", "geometry": { "type": "Point", "coordinates": [644505.100, 6858582.800, 40.000] }, "properties": {} },
    { "type": "Feature", "geometry": { "type": "Point", "coordinates": [644505.100, 6858583.000, 40.000] }, "properties": {} },
    { "type": "Feature", "geometry": { "type": "Point", "coordinates": [644505.100, 6858583.200, 40.000] }, "properties": {} },
    { "type": "Feature", "geometry": { "type": "Point", "coordinates": [644505.100, 6858583.400, 40.000] }, "properties": {} },
    { "type": "Feature", "geometry": { "type": "Point", "coordinates": [644505.100, 6858583.600, 40.000] }, "properties": {} },
    { "type": "Feature", "geometry": { "type": "Point", "coordinates": [644505.100, 6858583.800, 40.000] }, "properties": {} },
    { "type": "Feature", "geometry": { "type": "Point", "coordinates": [644505.100, 6858584.000, 40.000] }, "properties": {} },
    { "type": "Feature", "geometry": { "type": "Point", "coordinates": [644505.100, 6858584.200, 40.000] }, "properties": {} },
    { "type": "Feature", "geometry": { "type": "Point", "coordinates": [644505.100, 6858584.400, 40.000] }, "properties": {} },
    { "type": "Feature", "geometry": { "type": "Point", "coordinates": [644505.100, 6858584.600, 40.000] }, "properties": {} },
    { "type": "Feature", "geometry": { "type": "Point", "coordinates": [644505.100, 6858584.800, 40.000] }, "properties": {} },
    { "type": "Feature", "geometry": { "type": "Point", "coordinates": [644505.100, 6858585.000, 40.000] }, "properties": {} },
    { "type": "Feature", "geometry": { "type": "Point", "coordinates": [644505.100, 6858585.200, 40.000] }, "properties": {} },
    { "type": "Feature", "geometry": { "type": "Point", "coordinates": [644505.100, 6858585.400, 40.000] }, "properties": {} },
    { "type": "Feature", "geometry": { "type": "Point", "coordinates": [644505.100, 6858585.600, 40.000] }, "properties": {} },
    { "type": "Feature", "geometry": { "type": "Point", "coordinates": [644505.100, 6858585.800, 40.000] }, "properties": {} },
    { "type": "Feature", "geometry": { "type": "Point", "coordinates": [644505.100, 6858586.000, 40.000] }, "properties": {} },
    { "type": "Feature", "geometry": { "type": "Point", "coordinates": [644505.100, 6858586.200, 40.000] }, "properties": {} },
    { "type": "Feature", "geometry": { "type": "Point", "coordinates": [644505.100, 6858586.400, 40.000] }, "properties": {} },
    { "type": "Feature", "geometry": { "type": "Point", "coordinates": [644505.100, 6858586.600, 40.000] }, "properties": {} },
    { "type": "Feature", "geometry": { "type": "Point", "coordinates": [644505.100, 6858586.800, 40.000] }, "properties": {} },
    { "type": "Feature", "geometry": { "type": "Point", "coordinates": [644505.100, 6858587.000, 40.000] }, "properties": {} },
    { "type": "Feature", "geometry": { "type": "Point", "coordinates": [644505.100, 6858587.200, 40.000] }, "properties": {} },
    { "type": "Feature", "geometry": { "type": "Point", "coordinates": [644505.100, 6858587.400, 40.000] }, "properties": {} },
    { "type": "Feature", "geometry": { "type": "Point", "coordinates": [644505.100, 6858587.600, 40.000] }, "properties": {} },
    { "type": "Feature", "geometry": { "type": "Point", "coordinates": [644505.100, 6858587.800, 40.000] }, "properties": {} },
    { "type": "Feature", "geometry": { "type": "Point", "coordinates": [644505.100, 6858588.000, 40.000] }, "properties": {} },
    { "type": "Feature", "geometry": { "type": "Point", "coordinates": [644505.100, 6858588.200, 40.000] }, "properties": {} },
    { "type": "Feature", "geometry": { "type": "Point", "coordinates": [644505.100, 6858588.400, 40.000] }, "properties": {} },
    { "type": "Feature", "geometry": { "type": "Point", "coordinates": [644505.100, 6858588.600, 40.000] }, "properties": {} },
    { "type": "Feature", "geometry": { "type": "Point", "coordinates": [644505.100, 6858588.800, 40.000] }, "properties": {} },
    { "type": "Feature", "geometry": { "type": "Point", "coordinates": [644505.100, 6858589.000, 40.000] }, "properties": {} },
    { "type": "Feature", "geometry": { "type": "Point", "coordinates": [644505.100, 6858589.200, 40.000] }, "properties": {} },
    { "type": "Feature", "geometry": { "type": "Point", "coordinates": [644505.100, 6858589.400, 40.000] }, "properties": {} },
    { "type": "Feature", "geometry": { "type": "Point", "coordinates": [644505.100, 6858589.600, 40.000] }, "properties": {} },
    { "type": "Feature", "geometry": { "type": "Point", "coordinates": [644505.100, 6858589.800, 40.000] }, "properties": {} },
    { "type": "Feature", "geometry": { "type": "Point", "coordinates": [644505.100, 6858590.000, 40.000] }, "properties": {} },
    { "type": "Feature", "geometry": { "type": "Point", "coordinates": [644505.100, 6858590.200, 40.000] }, "properties": {} },
    { "type": "Feature", "geometry": { "type": "Point", "coordinates": [644505.100, 6858590.400, 40.000] }, "properties": {} },
    { "type": "Feature", "geometry": { "type": "Point", "coordinates": [644505.100, 6858590.600, 40.000] }, "properties": {} },
    { "type": "Feature", "geometry": { "type": "Point", "coordinates": [644505.100, 6858590.800, 40.000] }, "properties": {} },
    { "type": "Feature", "geometry": { "type": "Point", "coordinates": [644505.100, 6858591.000, 40.000] }, "properties": {} },
    { "type": "Feature", "geometry": { "type": "Point", "coordinates": [644505.100, 6858591.200, 40.000] }, "properties": {} },
    { "type": "Feature", "geometry": { "type": "Point", "coordinates": [644505.100, 6858591.400, 40.000] }, "properties": {} },
    { "type": "Feature", "geometry": { "type": "Point", "coordinates": [644505.100, 6858591.600, 40.000] }, "properties": {} },
    { "type": "Feature", "geometry": { "type": "Point", "coordinates": [644505.100, 6858591.800, 40.000] }, "properties": {} },
    { "type": "Feature", "geometry": { "type": "Point", "coordinates": [644507.100, 6858552.000, 45.000] }, "properties": {} },
    { "type": "Feature", "geometry": { "type": "Point", "coordinates": [644507.100, 6858552.200, 45.000] }, "properties": {} },
    { "type": "Feature", "geometry": { "type": "Point", "coordinates": [644507.100, 6858552.400, 45.000] }, "properties": {} },
    { "type": "Feature", "geometry": { "type": "Point", "coordinates": [644507.100, 6858552.600, 45.000] }, "properties": {} },
    { "type": "Feature", "geometry": { "type": "Point", "coordinates": [644507.100, 6858552.800, 45.000] }, "properties": {} },
    { "type": "Feature", "geometry": { "type": "Point", "coordinates": [644507.100, 6858553.000, 45.000] }, "properties": {} },
    { "type": "Feature", "geometry": { "type": "Point", "coordinates": [644507.100, 6858553.200, 45.000] }, "properties": {} },
    { "type": "Feature", "geometry": { "type": "Point", "coordinates": [644507.100, 6858553.400, 45.000] }, "properties": {} },
    { "type": "Feature", "geometry": { "type": "Point", "coordinates": [644507.100, 6858553.600, 45.000] }, "properties": {} },
    { "type": "Feature", "geometry": { "type": "Point", "coordinates": [644507.100, 6858553.800, 45.000] }, "properties": {} },
    { "type": "Feature", "geometry": { "type": "Point", "coordinates": [644507.100, 6858554.000, 45.000] }, "properties": {} },
    { "type": "Feature", "geometry": { "type": "Point", "coordinates": [644507.100, 6858554.200, 45.000] }, "properties": {} },
    { "type": "Feature", "geometry": { "type": "Point", "coordinates": [644507.100, 6858554.400, 45.000] }, "properties": {} },
    { "type": "Feature", "geometry": { "type": "Point", "coordinates": [644507.100, 6858554.600, 45.000] }, "properties": {} },
    { "type": "Feature", "geometry": { "type": "Point", "coordinates": [644507.100, 6858554.800, 45.000] }, "properties": {} },
    { "type": "Feature", "geometry": { "type": "Point", "coordinates": [644507.100, 6858555.000, 45.000] }, "properties": {} },
    { "type": "Feature", "geometry": { "type": "Point", "coordinates": [644507.100, 6858555.200, 45.000] }, "properties": {} },
    { "type": "Feature", "geometry": { "type": "Point", "coordinates": [644507.100, 6858555.400, 45.000] }, "properties": {} },
    { "type": "Feature", "geometry": { "type": "Point", "coordinates": [644507.100, 6858555.600, 45.000] }, "properties": {} },
    { "type": "Feature", "geometry": { "type": "Point", "coordinates": [644507.100, 6858555.800, 45.000] }, "properties": {} },
    { "type": "Feature", "geometry": { "type": "Point", "coordinates": [644507.100, 6858556.000, 45.000] }, "properties": {} },
    { "type": "Feature", "geometry": { "type": "Point", "coordinates": [644507.100, 6858556.200, 45.000] }, "properties": {} },
    { "type": "Feature", "geometry": { "type": "Point", "coordinates": [644507.100, 6858556.400, 45.000] }, "properties": {} },
    { "type": "Feature", "geometry": { "type": "Point", "coordinates": [644507.100, 6858556.600, 45.000] }, "properties": {} },
    { "type": "Feature", "geometry": { "type": "Point", "coordinates": [644507.100, 6858556.800, 45.000] }, "properties": {} },
    { "type": "Feature", "geometry": { "type": "Point", "coordinates": [644507.100, 6858557.000, 45.000] }, "properties": {} },
    { "type": "Feature", "geometry": { "type": "Point", "coordinates": [644507.100, 6858557.200, 45.000] }, "properties": {} },
    { "type": "Feature", "geometry": { "type": "Point", "coordinates": [644507.100, 6858557.400, 45.000] }, "properties": {} },
    { "type": "Feature", "geometry": { "type": "Point", "coordinates": [644507.100, 6858557.600, 45.000] }, "properties": {} },
    { "type": "Feature", "geometry": { "type": "Point", "coordinates": [644507.100, 6858557.800, 45.000] }, "properties": {} },
    { "type": "Feature", "geometry": { "type": "Point", "coordinates": [644507.100, 6858558.000, 45.000] }, "properties": {} },
    { "type": "Feature", "geometry": { "type": "Point", "coordinates": [644507.100, 6858558.200, 45.000] }, "properties": {} },
    { "type": "Feature", "geometry": { "type": "Point", "coordinates": [644507.100, 6858558.400, 45.000] }, "properties": {} },
    { "type": "Feature", "geometry": { "type": "Point", "coordinates": [644507.100, 6858558.600, 45.000] }, "properties": {} },
    { "type": "Feature", "geometry": { "type": "Point", "coordinates": [644507.100, 6858558.800, 45.000] }, "properties": {} },
    { "type": "Feature", "geometry": { "type": "Point", "coordinates": [644507.100, 6858559.000, 45.000] }, "properties": {} },
    { "type": "Feature", "geometry": { "type": "Point", "coordinates": [644507.100, 6858559.200, 45.000] }, "properties": {} },
    { "type": "Feature", "geometry": { "type": "Point", "coordinates": [644507.100, 6858559.400, 45.000] }, "properties": {} },
    { "type": "Feature", "geometry": { "type": "Point", "coordinates": [644507.100, 6858559.600, 45.000] }, "properties": {} },
    { "type": "Feature", "geometry": { "type": "Point", "coordinates": [644507.100, 6858559.800, 45.000] }, "properties": {} },
    { "type": "Feature", "geometry": { "type": "Point", "coordinates": [644507.100, 6858560.000, 45.000] }, "properties": {} },
    { "type": "Feature", "geometry": { "type": "Point", "coordinates": [644507.100, 6858560.200, 45.000] }, "properties": {} },
    { "type": "Feature", "geometry": { "type": "Point", "coordinates": [644507.100, 6858560.400, 45.000] }, "properties": {} },
    { "type": "Feature", "geometry": { "type": "Point", "coordinates": [644507.100, 6858560.600, 45.000] }, "properties": {} },
    { "type": "Feature", "geometry": { "type": "Point", "coordinates": [644507.100, 6858560.800, 45.000] }, "properties": {} },
    { "type": "Feature", "geometry": { "type": "Point", "coordinates": [644507.100, 6858561.000, 45.000] }, "properties": {} },
    { "type": "Feature", "geometry": { "type": "Point", "coordinates": [644507.100, 6858561.200, 45.000] }, "properties": {} },
    { "type": "Feature", "geometry": { "type": "Point", "coordinates": [644507.100, 6858561.400, 45.000] }, "properties": {} },
    { "type": "Feature", "geometry": { "type": "Point", "coordinates": [644507.100, 6858561.600, 45.000] }, "properties": {} },
    { "type": "Feature", "geometry": { "type": "Point", "coordinates": [644507.100, 6858561.800, 45.000] }, "properties": {} },
    { "type": "Feature", "geometry": { "type": "Point", "coordinates": [644507.100, 6858562.000, 45.000] }, "properties": {} },
    { "type": "Feature", "geometry": { "type": "Point", "coordinates": [644507.100, 6858562.200, 45.600] }, "properties": {} },
    { "type": "Feature", "geometry": { "type": "Point", "coordinates": [644507.100, 6858562.400, 46.200] }, "properties": {} },
    { "type": "Feature", "geometry": { "type": "Point", "coordinates": [644507.100, 6858562.600, 46.800] }, "properties": {} },
    { "type": "Feature", "geometry": { "type": "Point", "coordinates": [644507.100, 6858562.800, 47.400] }, "properties": {} },
    { "type": "Feature", "geometry": { "type": "Point", "coordinates": [644507.100, 6858563.000, 48.000] }, "properties": {} },
    { "type": "Feature", "geometry": { "type": "Point", "coordinates": [644507.100, 6858563.200, 48.600] }, "properties": {} },
    { "type": "Feature", "geometry": { "type": "Point", "coordinates": [644507.100, 6858563.400, 49.200] }, "properties": {} },
    { "type": "Feature", "geometry": { "type": "Point", "coordinates": [644507.100, 6858563.600, 49.800] }, "properties": {} },
    { "type": "Feature", "geometry": { "type": "Point", "coordinates": [644507.100, 6858563.800, 50.400] }, "properties": {} },
    { "type": "Feature", "geometry": { "type": "Point", "coordinates": [644507.100, 6858564.000, 51.000] }, "properties": {} },
    { "type": "Feature", "geometry": { "type": "Point", "coordinates": [644507.100, 6858564.200, 51.600] }, "properties": {} },
    { "type": "Feature", "geometry": { "type": "Point", "coordinates": [644507.100, 6858564.400, 52.200] }, "properties": {} },
    { "type": "Feature", "geometry": { "type": "Point", "coordinates": [644507.100, 6858564.600, 52.800] }, "properties": {} },
    { "type": "Feature", "geometry": { "type": "Point", "coordinates": [644507.100, 6858564.800, 53.400] }, "properties": {} },
    { "type": "Feature", "geometry": { "type": "Point", "coordinates": [644507.100, 6858565.000, 54.000] }, "properties": {} },
    { "type": "Feature", "geometry": { "type": "Point", "coordinates": [644507.100, 6858565.200, 54.600] }, "properties": {} },
    { "type": "Feature", "geometry": { "type": "Point", "coordinates": [644507.100, 6858565.400, 55.200] }, "properties": {} },
    { "type": "Feature", "geometry": { "type": "Point", "coordinates": [644507.100, 6858565.600, 55.800] }, "properties": {} },
    { "type": "Feature", "geometry": { "type": "Point", "coordinates": [644507.100, 6858565.800, 56.400] }, "properties": {} },
    { "type": "Feature", "geometry": { "type": "Point", "coordinates": [644507.100, 6858566.000, 57.000] }, "properties": {} },
    { "type": "Feature", "geometry": { "type": "Point", "coordinates": [644507.100, 6858566.200, 57.600] }, "properties": {} },
    { "type": "Feature", "geometry": { "type": "Point", "coordinates": [644507.100, 6858566.400, 58.200] }, "properties": {} },
    { "type": "Feature", "geometry": { "type": "Point", "coordinates": [644507.100, 6858566.600, 58.800] }, "properties": {} },
    { "type": "Feature", "geometry": { "type": "Point", "coordinates": [644507.100, 6858566.800, 59.400] }, "properties": {} },
    { "type": "Feature", "geometry": { "type": "Point", "coordinates": [644507.100, 6858567.000, 60.000] }, "properties": {} },
    { "type": "Feature", "geometry": { "type": "Point", "coordinates": [644507.100, 6858567.200, 60.600] }, "properties": {} },
    { "type": "Feature", "geometry": { "type": "Point", "coordinates": [644507.100, 6858567.400, 61.200] }, "properties": {} },
    { "type": "Feature", "geometry": { "type": "Point", "coordinates": [644507.100, 6858567.600, 61.800] }, "properties": {} },
    { "type": "Feature", "geometry": { "type": "Point", "coordinates": [644507.100, 6858567.800, 62.400] }, "properties": {} },
    { "type": "Feature", "geometry": { "type": "Point", "coordinates": [644507.100, 6858568.000, 63.000] }, "properties": {} },
    { "type": "Feature", "geometry": { "type": "Point", "coordinates": [644507.100, 6858568.200, 63.600] }, "properties": {} },
    { "type": "Feature", "geometry": { "type": "Point", "coordinates": [644507.100, 6858568.400, 64.200] }, "properties": {} },
    { "type": "Feature", "geometry": { "type": "Point", "coordinates": [644507.100, 6858568.600, 64.800] }, "properties": {} },
    { "type": "Feature", "geometry": { "type": "Point", "coordinates": [644507.100, 6858568.800, 65.400] }, "properties": {} },
    { "type": "Feature", "geometry": { "type": "Point", "coordinates": [644507.100, 6858569.000, 66.000] }, "properties": {} },
    { "type": "Feature", "geometry": { "type": "Point", "coordinates": [644507.100, 6858569.200, 66.600] }, "properties": {} },
    { "type": "Feature", "geometry": { "type": "Point", "coordinates": [644507.100, 6858569.400, 67.200] }, "properties": {} },
    { "type": "Feature", "geometry": { "type": "Point", "coordinates": [644507.100, 6858569.600, 67.800] }, "properties": {} },
    { "type": "Feature", "geometry": { "type": "Point", "coordinates": [644507.100, 6858569.800, 68.400] }, "properties": {} },
    { "type": "Feature", "geometry": { "type": "Point", "coordinates": [644507.100, 6858570.000, 69.000] }, "properties": {} },
    { "type": "Feature", "geometry": { "type": "Point", "coordinates": [644507.100, 6858570.200, 69.600] }, "properties": {} },
    { "type": "Feature", "geometry": { "type": "Point", "coordinates": [644507.100, 6858570.400, 70.200] }, "properties": {} },
    { "type": "Feature", "geometry": { "type": "Point", "coordinates": [644507.100, 6858570.600, 70.800] }, "properties": {} },
    { "type": "Feature", "geometry": { "type": "Point", "coordinates": [644507.100, 6858570.800, 71.400] }, "properties": {} },
    { "type": "Feature", "geometry": { "type": "Point", "coordinates": [644507.100, 6858571.000, 72.000] }, "properties": {} },
    { "type": "Feature", "geometry": { "type": "Point", "coordinates": [644507.100, 6858571.200, 72.600] }, "properties": {} },
    { "type": "Feature", "geometry": { "type": "Point", "coordinates": [644507.100, 6858571.400, 73.200] }, "properties": {} },
    { "type": "Feature", "geometry": { "type": "Point", "coordinates": [644507.100, 6858571.600, 73.800] }, "properties": {} },
    { "type": "Feature", "geometry": { "type": "Point", "coordinates": [644507.100, 6858571.800, 74.400] }, "properties": {} },
    { "type": "Feature", "geometry": { "type": "Point", "coordinates": [644507.100, 6858572.000, 75.000] }, "properties": {} },
    { "type": "Feature", "geometry": { "type": "Point", "coordinates": [644507.100, 6858572.200, 74.400] }, "properties": {} },
    { "type": "Feature", "geometry": { "type": "Point", "coordinates": [644507.100, 6858572.400, 73.800] }, "properties": {} },
    { "type": "Feature", "geometry": { "type": "Point", "coordinates": [644507.100, 6858572.600, 73.200] }, "properties": {} },
    { "type": "Feature", "geometry": { "type": "Point", "coordinates": [644507.100, 6858572.800, 72.600] }, "properties": {} },
    { "type": "Feature", "geometry": { "type": "Point", "coordinates": [644507.100, 6858573.000, 72.000] }, "properties": {} },
    { "type": "Feature", "geometry": { "type": "Point", "coordinates": [644507.100, 6858573.200, 71.400] }, "properties": {} },
    { "type": "Feature", "geometry": { "type": "Point", "coordinates": [644507.100, 6858573.400, 70.800] }, "properties": {} },
    { "type": "Feature", "geometry": { "type": "Point", "coordinates": [644507.100, 6858573.600, 70.200] }, "properties": {} },
    { "type": "Feature", "geometry": { "type": "Point", "coordinates": [644507.100, 6858573.800, 69.600] }, "properties": {} },
    { "type": "Feature", "geometry": { "type": "Point", "coordinates": [644507.100, 6858574.000, 69.000] }, "properties": {} },
    { "type": "Feature", "geometry": { "type": "Point", "coordinates": [644507.100, 6858574.200, 68.400] }, "properties": {} },
    { "type": "Feature", "geometry": { "type": "Point", "coordinates": [644507.100, 6858574.400, 67.800] }, "properties": {} },
    { "type": "Feature", "geometry": { "type": "Point", "coordinates": [644507.100, 6858574.600, 67.200] }, "properties": {} },
    { "type": "Feature", "geometry": { "type": "Point", "coordinates": [644507.100, 6858574.800, 66.600] }, "properties": {} },
    { "type": "Feature", "geometry": { "type": "Point", "coordinates": [644507.100, 6858575.000, 66.000] }, "properties": {} },
    { "type": "Feature", "geometry": { "type": "Point", "coordinates": [644507.100, 6858575.200, 65.400] }, "properties": {} },
    { "type": "Feature", "geometry": { "type": "Point", "coordinates": [644507.100, 6858575.400, 64.800] }, "properties": {} },
    { "type": "Feature", "geometry": { "type": "Point", "coordinates": [644507.100, 6858575.600, 64.200] }, "properties": {} },
    { "type": "Feature", "geometry": { "type": "Point", "coordinates": [644507.100, 6858575.800, 63.600] }, "properties": {} },
    { "type": "Feature", "geometry": { "type": "Point", "coordinates": [644507.100, 6858576.000, 63.000] }, "properties": {} },
    { "type": "Feature", "geometry": { "type": "Point", "coordinates": [644507.100, 6858576.200, 62.400] }, "properties": {} },
    { "type": "Feature", "geometry": { "type": "Point", "coordinates": [644507.100, 6858576.400, 61.800] }, "properties": {} },
    { "type": "Feature", "geometry": { "type": "Point", "coordinates": [644507.100, 6858576.600, 61.200] }, "properties": {} },
    { "type": "Feature", "geometry": { "type": "Point", "coordinates": [644507.100, 6858576.800, 60.600] }, "properties": {} },
    { "type": "Feature", "geometry": { "type": "Point", "coordinates": [644507.100, 6858577.000, 60.000] }, "properties": {} },
    { "type": "Feature", "geometry": { "type": "Point", "coordinates": [644507.100, 6858577.200, 59.400] }, "properties": {} },
    { "type": "Feature", "geometry": { "type": "Point", "coordinates": [644507.100, 6858577.400, 58.800] }, "properties": {} },
    { "type": "Feature", "geometry": { "type": "Point", "coordinates": [644507.100, 6858577.600, 58.200] }, "properties": {} },
    { "type": "Feature", "geometry": { "type": "Point", "coordinates": [644507.100, 6858577.800, 57.600] }, "properties": {} },
    { "type": "Feature", "geometry": { "type": "Point", "coordinates": [644507.100, 6858578.000, 57.000] }, "properties": {} },
    { "type": "Feature", "geometry": { "type": "Point", "coordinates": [644507.100, 6858578.200, 56.400] }, "properties": {} },
    { "type": "Feature", "geometry": { "type": "Point", "coordinates": [644507.100, 6858578.400, 55.800] }, "properties": {} },
    { "type": "Feature", "geometry": { "type": "Point", "coordinates": [644507.100, 6858578.600, 55.200] }, "properties": {} },
    { "type": "Feature", "geometry": { "type": "Point", "coordinates": [644507.100, 6858578.800, 54.600] }, "properties": {} },
    { "type": "Feature", "geometry": { "type": "Point", "coordinates": [644507.100, 6858579.000, 54.000] }, "properties": {} },
    { "type": "Feature", "geometry": { "type": "Point", "coordinates": [644507.100, 6858579.200, 53.400] }, "properties": {} },
    { "type": "Feature", "geometry": { "type": "Point", "coordinates": [644507.100, 6858579.400, 52.800] }, "properties": {} },
    { "type": "Feature", "geometry": { "type": "Point", "coordinates": [644507.100, 6858579.600, 52.200] }, "properties": {} },
    { "type": "Feature", "geometry": { "type": "Point", "coordinates": [644507.100, 6858579.800, 51.600] }, "properties": {} },
    { "type": "Feature", "geometry": { "type": "Point", "coordinates": [644507.100, 6858580.000, 51.000] }, "properties": {} },
    { "type": "Feature", "geometry": { "type": "Point", "coordinates": [644507.100, 6858580.200, 50.400] }, "properties": {} },
    { "type": "Feature", "geometry": { "type": "Point", "coordinates": [644507.100, 6858580.400, 49.800] }, "properties": {} },
    { "type": "Feature", "geometry": { "type": "Point", "coordinates": [644507.100, 6858580.600, 49.200] }, "properties": {} },
    { "type": "Feature", "geometry": { "type": "Point", "coordinates": [644507.100, 6858580.800, 48.600] }, "properties": {} },
    { "type": "Feature", "geometry": { "type": "Point", "coordinates": [644507.100, 6858581.000, 48.000] }, "properties": {} },
    { "type": "Feature", "geometry": { "type": "Point", "coordinates": [644507.100, 6858581.200, 47.400] }, "properties": {} },
    { "type": "Feature", "geometry": { "type": "Point", "coordinates": [644507.100, 6858581.400, 46.800] }, "properties": {} },
    { "type": "Feature", "geometry": { "type": "Point", "coordinates": [644507.100, 6858581.600, 46.200] }, "properties": {} },
    { "type": "Feature", "geometry": { "type": "Point", "coordinates": [644507.100, 6858581.800, 45.600] }, "properties": {} },
    { "type": "Feature", "geometry": { "type": "Point", "coordinates": [644507.100, 6858552.000, 40.000] }, "properties": {} },
    { "type": "Feature", "geometry": { "type": "Point", "coordinates": [644507.100, 6858552.200, 40.000] }, "properties": {} },
    { "type": "Feature", "geometry": { "type": "Point", "coordinates": [644507.100, 6858552.400, 40.000] }, "properties": {} },
    { "type": "Feature", "geometry": { "type": "Point", "coordinates": [644507.100, 6858552.600, 40.000] }, "properties": {} },
    { "type": "Feature", "geometry": { "type": "Point", "coordinates": [644507.100, 6858552.800, 40.000] }, "properties": {} },
    { "type": "Feature", "geometry": { "type": "Point", "coordinates": [644507.100, 6858553.000, 40.000] }, "properties": {} },
    { "type": "Feature", "geometry": { "type": "Point", "coordinates": [644507.100, 6858553.200, 40.000] }, "properties": {} },
    { "type": "Feature", "geometry": { "type": "Point", "coordinates": [644507.100, 6858553.400, 40.000] }, "properties": {} },
    { "type": "Feature", "geometry": { "type": "Point", "coordinates": [644507.100, 6858553.600, 40.000] }, "properties": {} },
    { "type": "Feature", "geometry": { "type": "Point", "coordinates": [644507.100, 6858553.800, 40.000] }, "properties": {} },
    { "type": "Feature", "geometry": { "type": "Point", "coordinates": [644507.100, 6858554.000, 40.000] }, "properties": {} },
    { "type": "Feature", "geometry": { "type": "Point", "coordinates": [644507.100, 6858554.200, 40.000] }, "properties": {} },
    { "type": "Feature", "geometry": { "type": "Point", "coordinates": [644507.100, 6858554.400, 40.000] }, "properties": {} },
    { "type": "Feature", "geometry": { "type": "Point", "coordinates": [644507.100, 6858554.600, 40.000] }, "properties": {} },
    { "type": "Feature", "geometry": { "type": "Point", "coordinates": [644507.100, 6858554.800, 40.000] }, "properties": {} },
    { "type": "Feature", "geometry": { "type": "Point", "coordinates": [644507.100, 6858555.000, 40.000] }, "properties": {} },
    { "type": "Feature", "geometry": { "type": "Point", "coordinates": [644507.100, 6858555.200, 40.000] }, "properties": {} },
    { "type": "Feature", "geometry": { "type": "Point", "coordinates": [644507.100, 6858555.400, 40.000] }, "properties": {} },
    { "type": "Feature", "geometry": { "type": "Point", "coordinates": [644507.100, 6858555.600, 40.000] }, "properties": {} },
    { "type": "Feature", "geometry": { "type": "Point", "coordinates": [644507.100, 6858555.800, 40.000] }, "properties": {} },
    { "type": "Feature", "geometry": { "type": "Point", "coordinates": [644507.100, 6858556.000, 40.000] }, "properties": {} },
    { "type": "Feature", "geometry": { "type": "Point", "coordinates": [644507.100, 6858556.200, 40.000] }, "properties": {} },
    { "type": "Feature", "geometry": { "type": "Point", "coordinates": [644507.100, 6858556.400, 40.000] }, "properties": {} },
    { "type": "Feature", "geometry": { "type": "Point", "coordinates": [644507.100, 6858556.600, 40.000] }, "properties": {} },
    { "type": "Feature", "geometry": { "type": "Point", "coordinates": [644507.100, 6858556.800, 40.000] }, "properties": {} },
    { "type": "Feature", "geometry": { "type": "Point", "coordinates": [644507.100, 6858557.000, 40.000] }, "properties": {} },
    { "type": "Feature", "geometry": { "type": "Point", "coordinates": [644507.100, 6858557.200, 40.000] }, "properties": {} },
    { "type": "Feature", "geometry": { "type": "Point", "coordinates": [644507.100, 6858557.400, 40.000] }, "properties": {} },
    { "type": "Feature", "geometry": { "type": "Point", "coordinates": [644507.100, 6858557.600, 40.000] }, "properties": {} },
    { "type": "Feature", "geometry": { "type": "Point", "coordinates": [644507.100, 6858557.800, 40.000] }, "properties": {} },
    { "type": "Feature", "geometry": { "type": "Point", "coordinates": [644507.100, 6858558.000, 40.000] }, "properties": {} },
    { "type": "Feature", "geometry": { "type": "Point", "coordinates": [644507.100, 6858558.200, 40.000] }, "properties": {} },
    { "type": "Feature", "geometry": { "type": "Point", "coordinates": [644507.100, 6858558.400, 40.000] }, "properties": {} },
    { "type": "Feature", "geometry": { "type": "Point", "coordinates": [644507.100, 6858558.600, 40.000] }, "properties": {} },
    { "type": "Feature", "geometry": { "type": "Point", "coordinates": [644507.100, 6858558.800, 40.000] }, "properties": {} },
    { "type": "Feature", "geometry": { "type": "Point", "coordinates": [644507.100, 6858559.000, 40.000] }, "properties": {} },
    { "type": "Feature", "geometry": { "type": "Point", "coordinates": [644507.100, 6858559.200, 40.000] }, "properties": {} },
    { "type": "Feature", "geometry": { "type": "Point", "coordinates": [644507.100, 6858559.400, 40.000] }, "properties": {} },
    { "type": "Feature", "geometry": { "type": "Point", "coordinates": [644507.100, 6858559.600, 40.000] }, "properties": {} },
    { "type": "Feature", "geometry": { "type": "Point", "coordinates": [644507.100, 6858559.800, 40.000] }, "properties": {} },
    { "type": "Feature", "geometry": { "type": "Point", "coordinates": [644507.100, 6858560.000, 40.000] }, "properties": {} },
    { "type": "Feature", "geometry": { "type": "Point", "coordinates": [644507.100, 6858560.200, 40.000] }, "properties": {} },
    { "type": "Feature", "geometry": { "type": "Point", "coordinates": [644507.100, 6858560.400, 40.000] }, "properties": {} },
    { "type": "Feature", "geometry": { "type": "Point", "coordinates": [644507.100, 6858560.600, 40.000] }, "properties": {} },
    { "type": "Feature", "geometry": { "type": "Point", "coordinates": [644507.100, 6858560.800, 40.000] }, "properties": {} },
    { "type": "Feature", "geometry": { "type": "Point", "coordinates": [644507.100, 6858561.000, 40.000] }, "properties": {} },
    { "type": "Feature", "geometry": { "type": "Point", "coordinates": [644507.100, 6858561.200, 40.000] }, "properties": {} },
    { "type": "Feature", "geometry": { "type": "Point", "coordinates": [644507.100, 6858561.400, 40.000] }, "properties": {} },
    { "type": "Feature", "geometry": { "type": "Point", "coordinates": [644507.100, 6858561.600, 40.000] }, "properties": {} },
    { "type": "Feature", "geometry": { "type": "Point", "coordinates": [644507.100, 6858561.800, 40.000] }, "properties": {} },
    { "type": "Feature", "geometry": { "type": "Point", "coordinates": [644507.100, 6858562.000, 40.000] }, "properties": {} },
    { "type": "Feature", "geometry": { "type": "Point", "coordinates": [644507.100, 6858562.200, 40.000] }, "properties": {} },
    { "type": "Feature", "geometry": { "type": "Point", "coordinates": [644507.100, 6858562.400, 40.000] }, "properties": {} },
    { "type": "Feature", "geometry": { "type": "Point", "coordinates": [644507.100, 6858562.600, 40.000] }, "properties": {} },
    { "type": "Feature", "geometry": { "type": "Point", "coordinates": [644507.100, 6858562.800, 40.000] }, "properties": {} },
    { "type": "Feature", "geometry": { "type": "Point", "coordinates": [644507.100, 6858563.000, 40.000] }, "properties": {} },
    { "type": "Feature", "geometry": { "type": "Point", "coordinates": [644507.100, 6858563.200, 40.000] }, "properties": {} },
    { "type": "Feature", "geometry": { "type": "Point", "coordinates": [644507.100, 6858563.400, 40.000] }, "properties": {} },
    { "type": "Feature", "geometry": { "type": "Point", "coordinates": [644507.100, 6858563.600, 40.000] }, "properties": {} },
    { "type": "Feature", "geometry": { "type": "Point", "coordinates": [644507.100, 6858563.800, 40.000] }, "properties": {} },
    { "type": "Feature", "geometry": { "type": "Point", "coordinates": [644507.100, 6858564.000, 40.000] }, "properties": {} },
    { "type": "Feature", "geometry": { "type": "Point", "coordinates": [644507.100, 6858564.200, 40.000] }, "properties": {} },
    { "type": "Feature", "geometry": { "type": "Point", "coordinates": [644507.100, 6858564.400, 40.000] }, "properties": {} },
    { "type": "Feature", "geometry": { "type": "Point", "coordinates": [644507.100, 6858564.600, 40.000] }, "properties": {} },
    { "type": "Feature", "geometry": { "type": "Point", "coordinates": [644507.100, 6858564.800, 40.000] }, "properties": {} },
    { "type": "Feature", "geometry": { "type": "Point", "coordinates": [644507.100, 6858565.000, 40.000] }, "properties": {} },
    { "type": "Feature", "geometry": { "type": "Point", "coordinates": [644507.100, 6858565.200, 40.000] }, "properties": {} },
    { "type": "Feature", "geometry": { "type": "Point", "coordinates": [644507.100, 6858565.400, 40.000] }, "properties": {} },
    { "type": "Feature", "geometry": { "type": "Point", "coordinates": [644507.100, 6858565.600, 40.000] }, "properties": {} },
    { "type": "Feature", "geometry": { "type": "Point", "coordinates": [644507.100, 6858565.800, 40.000] }, "properties": {} },
    { "type": "Feature", "geometry": { "type": "Point", "coordinates": [644507.100, 6858566.000, 40.000] }, "properties": {} },
    { "type": "Feature", "geometry": { "type": "Point", "coordinates": [644507.100, 6858566.200, 40.000] }, "properties": {} },
    { "type": "Feature", "geometry": { "type": "Point", "coordinates": [644507.100, 6858566.400, 40.000] }, "properties": {} },
    { "type": "Feature", "geometry": { "type": "Point", "coordinates": [644507.100, 6858566.600, 40.000] }, "properties": {} },
    { "type": "Feature", "geometry": { "type": "Point", "coordinates": [644507.100, 6858566.800, 40.000] }, "properties": {} },
    { "type": "Feature", "geometry": { "type": "Point", "coordinates": [644507.100, 6858567.000, 40.000] }, "properties": {} },
    { "type": "Feature", "geometry": { "type": "Point", "coordinates": [644507.100, 6858567.200, 40.000] }, "properties": {} },
    { "type": "Feature", "geometry": { "type": "Point", "coordinates": [644507.100, 6858567.400, 40.000] }, "properties": {} },
    { "type": "Feature", "geometry": { "type": "Point", "coordinates": [644507.100, 6858567.600, 40.000] }, "properties": {} },
    { "type": "Feature", "geometry": { "type": "Point", "coordinates": [644507.100, 6858567.800, 40.000] }, "properties": {} },
    { "type": "Feature", "geometry": { "type": "Point", "coordinates": [644507.100, 6858568.000, 40.000] }, "properties": {} },
    { "type": "Feature", "geometry": { "type": "Point", "coordinates": [644507.100, 6858568.200, 40.000] }, "properties": {} },
    { "type": "Feature", "geometry": { "type": "Point", "coordinates": [644507.100, 6858568.400, 40.000] }, "properties": {} },
    { "type": "Feature", "geometry": { "type": "Point", "coordinates": [644507.100, 6858568.600, 40.000] }, "properties": {} },
    { "type": "Feature", "geometry": { "type": "Point", "coordinates": [644507.100, 6858568.800, 40.000] }, "properties": {} },
    { "type": "Feature", "geometry": { "type": "Point", "coordinates": [644507.100, 6858569.000, 40.000] }, "properties": {} },
    { "type": "Feature", "geometry": { "type": "Point", "coordinates": [644507.100, 6858569.200, 40.000] }, "properties": {} },
    { "type": "Feature", "geometry": { "type": "Point", "coordinates": [644507.100, 6858569.400, 40.000] }, "properties": {} },
    { "type": "Feature", "geometry": { "type": "Point", "coordinates": [644507.100, 6858569.600, 40.000] }, "properties": {} },
    { "type": "Feature", "geometry": { "type": "Point", "coordinates": [644507.100, 6858569.800, 40.000] }, "properties": {} },
    { "type": "Feature", "geometry": { "type": "Point", "coordinates": [644507.100, 6858570.000, 40.000] }, "properties": {} },
    { "type": "Feature", "geometry": { "type": "Point", "coordinates": [644507.100, 6858570.200, 40.000] }, "properties": {} },
    { "type": "Feature", "geometry": { "type": "Point", "coordinates": [644507.100, 6858570.400, 40.000] }, "properties": {} },
    { "type": "Feature", "geometry": { "type": "Point", "coordinates": [644507.100, 6858570.600, 40.000] }, "properties": {} },
    { "type": "Feature", "geometry": { "type": "Point", "coordinates": [644507.100, 6858570.800, 40.000] }, "properties": {} },
    { "type": "Feature", "geometry": { "type": "Point", "coordinates": [644507.100, 6858571.000, 40.000] }, "properties": {} },
    { "type": "Feature", "geometry": { "type": "Point", "coordinates": [644507.100, 6858571.200, 40.000] }, "properties": {} },
    { "type": "Feature", "geometry": { "type": "Point", "coordinates": [644507.100, 6858571.400, 40.000] }, "properties": {} },
    { "type": "Feature", "geometry": { "type": "Point", "coordinates": [644507.100, 6858571.600, 40.000] }, "properties": {} },
    { "type": "Feature", "geometry": { "type": "Point", "coordinates": [644507.100, 6858571.800, 40.000] }, "properties": {} },
    { "type": "Feature", "geometry": { "type": "Point", "coordinates": [644507.100, 6858572.000, 40.000] }, "properties": {} },
    { "type": "Feature", "geometry": { "type": "Point", "coordinates": [644507.100, 6858572.200, 40.000] }, "properties": {} },
    { "type": "Feature", "geometry": { "type": "Point", "coordinates": [644507.100, 6858572.400, 40.000] }, "properties": {} },
    { "type": "Feature", "geometry": { "type": "Point", "coordinates": [644507.100, 6858572.600, 40.000] }, "properties": {} },
    { "type": "Feature", "geometry": { "type": "Point", "coordinates": [644507.100, 6858572.800, 40.000] }, "properties": {} },
    { "type": "Feature", "geometry": { "type": "Point", "coordinates": [644507.100, 6858573.000, 40.000] }, "properties": {} },
    { "type": "Feature", "geometry": { "type": "Point", "coordinates": [644507.100, 6858573.200, 40.000] }, "properties": {} },
    { "type": "Feature", "geometry": { "type": "Point", "coordinates": [644507.100, 6858573.400, 40.000] }, "properties": {} },
    { "type": "Feature", "geometry": { "type": "Point", "coordinates": [644507.100, 6858573.600, 40.000] }, "properties": {} },
    { "type": "Feature", "geometry": { "type": "Point", "coordinates": [644507.100, 6858573.800, 40.000] }, "properties": {} },
    { "type": "Feature", "geometry": { "type": "Point", "coordinates": [644507.100, 6858574.000, 40.000] }, "properties": {} },
    { "type": "Feature", "geometry": { "type": "Point", "coordinates": [644507.100, 6858574.200, 40.000] }, "properties": {} },
    { "type": "Feature", "geometry": { "type": "Point", "coordinates": [644507.100, 6858574.400, 40.000] }, "properties": {} },
    { "type": "Feature", "geometry": { "type": "Point", "coordinates": [644507.100, 6858574.600, 40.000] }, "properties": {} },
    { "type": "Feature", "geometry": { "type": "Point", "coordinates": [644507.100, 6858574.800, 40.000] }, "properties": {} },
    { "type": "Feature", "geometry": { "type": "Point", "coordinates": [644507.100, 6858575.000, 40.000] }, "properties": {} },
    { "type": "Feature", "geometry": { "type": "Point", "coordinates": [644507.100, 6858575.200, 40.000] }, "properties": {} },
    { "type": "Feature", "geometry": { "type": "Point", "coordinates": [644507.100, 6858575.400, 40.000] }, "properties": {} },
    { "type": "Feature", "geometry": { "type": "Point", "coordinates": [644507.100, 6858575.600, 40.000] }, "properties": {} },
    { "type": "Feature", "geometry": { "type": "Point", "coordinates": [644507.100, 6858575.800, 40.000] }, "properties": {} },
    { "type": "Feature", "geometry": { "type": "Point", "coordinates": [644507.100, 6858576.000, 40.000] }, "properties": {} },
    { "type": "Feature", "geometry": { "type": "Point", "coordinates": [644507.100, 6858576.200, 40.000] }, "properties": {} },
    { "type": "Feature", "geometry": { "type": "Point", "coordinates": [644507.100, 6858576.400, 40.000] }, "properties": {} },
    { "type": "Feature", "geometry": { "type": "Point", "coordinates": [644507.100, 6858576.600, 40.000] }, "properties": {} },
    { "type": "Feature", "geometry": { "type": "Point", "coordinates": [644507.100, 6858576.800, 40.000] }, "properties": {} },
    { "type": "Feature", "geometry": { "type": "Point", "coordinates": [644507.100, 6858577.000, 40.000] }, "properties": {} },
    { "type": "Feature", "geometry": { "type": "Point", "coordinates": [644507.100, 6858577.200, 40.000] }, "properties": {} },
    { "type": "Feature", "geometry": { "type": "Point", "coordinates": [644507.100, 6858577.400, 40.000] }, "properties": {} },
    { "type": "Feature", "geometry": { "type": "Point", "coordinates": [644507.100, 6858577.600, 40.000] }, "properties": {} },
    { "type": "Feature", "geometry": { "type": "Point", "coordinates": [644507.100, 6858577.800, 40.000] }, "properties": {} },
    { "type": "Feature", "geometry": { "type": "Point", "coordinates": [644507.100, 6858578.000, 40.000] }, "properties": {} },
    { "type": "Feature", "geometry": { "type": "Point", "coordinates": [644507.100, 6858578.200, 40.000] }, "properties": {} },
    { "type": "Feature", "geometry": { "type": "Point", "coordinates": [644507.100, 6858578.400, 40.000] }, "properties": {} },
    { "type": "Feature", "geometry": { "type": "Point", "coordinates": [644507.100, 6858578.600, 40.000] }, "properties": {} },
    { "type": "Feature", "geometry": { "type": "Point", "coordinates": [644507.100, 6858578.800, 40.000] }, "properties": {} },
    { "type": "Feature", "geometry": { "type": "Point", "coordinates": [644507.100, 6858579.000, 40.000] }, "properties": {} },
    { "type": "Feature", "geometry": { "type": "Point", "coordinates": [644507.100, 6858579.200, 40.000] }, "properties": {} },
    { "type": "Feature", "geometry": { "type": "Point", "coordinates": [644507.100, 6858579.400, 40.000] }, "properties": {} },
    { "type": "Feature", "geometry": { "type": "Point", "coordinates": [644507.100, 6858579.600, 40.000] }, "properties": {} },
    { "type": "Feature", "geometry": { "type": "Point", "coordinates": [644507.100, 6858579.800, 40.000] }, "properties": {} },
    { "type": "Feature", "geometry": { "type": "Point", "coordinates": [644507.100, 6858580.000, 40.000] }, "properties": {} },
    { "type": "Feature", "geometry": { "type": "Point", "coordinates": [644507.100, 6858580.200, 40.000] }, "properties": {} },
    { "type": "Feature", "geometry": { "type": "Point", "coordinates": [644507.100, 6858580.400, 40.000] }, "properties": {} },
    { "type": "Feature", "geometry": { "type": "Point", "coordinates": [644507.100, 6858580.600, 40.000] }, "properties": {} },
    { "type": "Feature", "geometry": { "type": "Point", "coordinates": [644507.100, 6858580.800, 40.000] }, "properties": {} },
    { "type": "Feature", "geometry": { "type": "Point", "coordinates": [644507.100, 6858581.000, 40.000] }, "properties": {} },
    { "type": "Feature", "geometry": { "type": "Point", "coordinates": [644507.100, 6858581.200, 40.000] }, "properties": {} },
    { "type": "Feature", "geometry": { "type": "Point", "coordinates": [644507.100, 6858581.400, 40.000] }, "properties": {} },
    { "type": "Feature", "geometry": { "type": "Point", "coordinates": [644507.100, 6858581.600, 40.000] }, "properties": {} },
    { "type": "Feature", "geometry": { "type": "Point", "coordinates": [644507.100, 6858581.800, 40.000] }, "properties": {} },
    { "type": "Feature", "geometry": { "type": "Point", "coordinates": [644507.100, 6858582.000, 40.000] }, "properties": {} },
    { "type": "Feature", "geometry": { "type": "Point", "coordinates": [644507.100, 6858582.200, 40.000] }, "properties": {} },
    { "type": "Feature", "geometry": { "type": "Point", "coordinates": [644507.100, 6858582.400, 40.000] }, "properties": {} },
    { "type": "Feature", "geometry": { "type": "Point", "coordinates": [644507.100, 6858582.600, 40.000] }, "properties": {} },
    { "type": "Feature", "geometry": { "type": "Point", "coordinates": [644507.100, 6858582.800, 40.000] }, "properties": {} },
    { "type": "Feature", "geometry": { "type": "Point", "coordinates": [644507.100, 6858583.000, 40.000] }, "properties": {} },
    { "type": "Feature", "geometry": { "type": "Point", "coordinates": [644507.100, 6858583.200, 40.000] }, "properties": {} },
    { "type": "Feature", "geometry": { "type": "Point", "coordinates": [644507.100, 6858583.400, 40.000] }, "properties": {} },
    { "type": "Feature", "geometry": { "type": "Point", "coordinates": [644507.100, 6858583.600, 40.000] }, "properties": {} },
    { "type": "Feature", "geometry": { "type": "Point", "coordinates": [644507.100, 6858583.800, 40.000] }, "properties": {} },
    { "type": "Feature", "geometry": { "type": "Point", "coordinates": [644507.100, 6858584.000, 40.000] }, "properties": {} },
    { "type": "Feature", "geometry": { "type": "Point", "coordinates": [644507.100, 6858584.200, 40.000] }, "properties": {} },
    { "type": "Feature", "geometry": { "type": "Point", "coordinates": [644507.100, 6858584.400, 40.000] }, "properties": {} },
    { "type": "Feature", "geometry": { "type": "Point", "coordinates": [644507.100, 6858584.600, 40.000] }, "properties": {} },
    { "type": "Feature", "geometry": { "type": "Point", "coordinates": [644507.100, 6858584.800, 40.000] }, "properties": {} },
    { "type": "Feature", "geometry": { "type": "Point", "coordinates": [644507.100, 6858585.000, 40.000] }, "properties": {} },
    { "type": "Feature", "geometry": { "type": "Point", "coordinates": [644507.100, 6858585.200, 40.000] }, "properties": {} },
    { "type": "Feature", "geometry": { "type": "Point", "coordinates": [644507.100, 6858585.400, 40.000] }, "properties": {} },
    { "type": "Feature", "geometry": { "type": "Point", "coordinates": [644507.100, 6858585.600, 40.000] }, "properties": {} },
    { "type": "Feature", "geometry": { "type": "Point", "coordinates": [644507.100, 6858585.800, 40.000] }, "properties": {} },
    { "type": "Feature", "geometry": { "type": "Point", "coordinates": [644507.100, 6858586.000, 40.000] }, "properties": {} },
    { "type": "Feature", "geometry": { "type": "Point", "coordinates": [644507.100, 6858586.200, 40.000] }, "properties": {} },
    { "type": "Feature", "geometry": { "type": "Point", "coordinates": [644507.100, 6858586.400, 40.000] }, "properties": {} },
    { "type": "Feature", "geometry": { "type": "Point", "coordinates": [644507.100, 6858586.600, 40.000] }, "properties": {} },
    { "type": "Feature", "geometry": { "type": "Point", "coordinates": [644507.100, 6858586.800, 40.000] }, "properties": {} },
    { "type": "Feature", "geometry": { "type": "Point", "coordinates": [644507.100, 6858587.000, 40.000] }, "properties": {} },
    { "type": "Feature", "geometry": { "type": "Point", "coordinates": [644507.100, 6858587.200, 40.000] }, "properties": {} },
    { "type": "Feature", "geometry": { "type": "Point", "coordinates": [644507.100, 6858587.400, 40.000] }, "properties": {} },
    { "type": "Feature", "geometry": { "type": "Point", "coordinates": [644507.100, 6858587.600, 40.000] }, "properties": {} },
    { "type": "Feature", "geometry": { "type": "Point", "coordinates": [644507.100, 6858587.800, 40.000] }, "properties": {} },
    { "type": "Feature", "geometry": { "type": "Point", "coordinates": [644507.100, 6858588.000, 40.000] }, "properties": {} },
    { "type": "Feature", "geometry": { "type": "Point", "coordinates": [644507.100, 6858588.200, 40.000] }, "properties": {} },
    { "type": "Feature", "geometry": { "type": "Point", "coordinates": [644507.100, 6858588.400, 40.000] }, "properties": {} },
    { "type": "Feature", "geometry": { "type": "Point", "coordinates": [644507.100, 6858588.600, 40.000] }, "properties": {} },
    { "type": "Feature", "geometry": { "type": "Point", "coordinates": [644507.100, 6858588.800, 40.000] }, "properties": {} },
    { "type": "Feature", "geometry": { "type": "Point", "coordinates": [644507.100, 6858589.000, 40.000] }, "properties": {} },
    { "type": "Feature", "geometry": { "type": "Point", "coordinates": [644507.100, 6858589.200, 40.000] }, "properties": {} },
    { "type": "Feature", "geometry": { "type": "Point", "coordinates": [644507.100, 6858589.400, 40.000] }, "properties": {} },
    { "type": "Feature", "geometry": { "type": "Point", "coordinates": [644507.100, 6858589.600, 40.000] }, "properties": {} },
    { "type": "Feature", "geometry": { "type": "Point", "coordinates": [644507.100, 6858589.800, 40.000] }, "properties": {} },
    { "type": "Feature", "geometry": { "type": "Point", "coordinates": [644507.100, 6858590.000, 40.000] }, "properties": {} },
    { "type": "Feature", "geometry": { "type": "Point", "coordinates": [644507.100, 6858590.200, 40.000] }, "properties": {} },
    { "type": "Feature", "geometry": { "type": "Point", "coordinates": [644507.100, 6858590.400, 40.000] }, "properties": {} },
    { "type": "Feature", "geometry": { "type": "Point", "coordinates": [644507.100, 6858590.600, 40.000] }, "properties": {} },
    { "type": "Feature", "geometry": { "type": "Point", "coordinates": [644507.100, 6858590.800, 40.000] }, "properties": {} },
    { "type": "Feature", "geometry": { "type": "Point", "coordinates": [644507.100, 6858591.000, 40.000] }, "properties": {} },
    { "type": "Feature", "geometry": { "type": "Point", "coordinates": [644507.100, 6858591.200, 40.000] }, "properties": {} },
    { "type": "Feature", "geometry": { "type": "Point", "coordinates": [644507.100, 6858591.400, 40.000] }, "properties": {} },
    { "type": "Feature", "geometry": { "type": "Point", "coordinates": [644507.100, 6858591.600, 40.000] }, "properties": {} },
    { "type": "Feature", "geometry": { "type": "Point", "coordinates": [644507.100, 6858591.800, 40.000] }, "properties": {} },
    { "type": "Feature", "geometry": { "type": "Point", "coordinates": [644509.100, 6858552.000, 45.000] }, "properties": {} },
    { "type": "Feature", "geometry": { "type": "Point", "coordinates": [644509.100, 6858552.200, 45.000] }, "properties": {} },
    { "type": "Feature", "geometry": { "type": "Point", "coordinates": [644509.100, 6858552.400, 45.000] }, "properties": {} },
    { "type": "Feature", "geometry": { "type": "Point", "coordinates": [644509.100, 6858552.600, 45.000] }, "properties": {} },
    { "type": "Feature", "geometry": { "type": "Point", "coordinates": [644509.100, 6858552.800, 45.000] }, "properties": {} },
    { "type": "Feature", "geometry": { "type": "Point", "coordinates": [644509.100, 6858553.000, 45.000] }, "properties": {} },
    { "type": "Feature", "geometry": { "type": "Point", "coordinates": [644509.100, 6858553.200, 45.000] }, "properties": {} },
    { "type": "Feature", "geometry": { "type": "Point", "coordinates": [644509.100, 6858553.400, 45.000] }, "properties": {} },
    { "type": "Feature", "geometry": { "type": "Point", "coordinates": [644509.100, 6858553.600, 45.000] }, "properties": {} },
    { "type": "Feature", "geometry": { "type": "Point", "coordinates": [644509.100, 6858553.800, 45.000] }, "properties": {} },
    { "type": "Feature", "geometry": { "type": "Point", "coordinates": [644509.100, 6858554.000, 45.000] }, "properties": {} },
    { "type": "Feature", "geometry": { "type": "Point", "coordinates": [644509.100, 6858554.200, 45.000] }, "properties": {} },
    { "type": "Feature", "geometry": { "type": "Point", "coordinates": [644509.100, 6858554.400, 45.000] }, "properties": {} },
    { "type": "Feature", "geometry": { "type": "Point", "coordinates": [644509.100, 6858554.600, 45.000] }, "properties": {} },
    { "type": "Feature", "geometry": { "type": "Point", "coordinates": [644509.100, 6858554.800, 45.000] }, "properties": {} },
    { "type": "Feature", "geometry": { "type": "Point", "coordinates": [644509.100, 6858555.000, 45.000] }, "properties": {} },
    { "type": "Feature", "geometry": { "type": "Point", "coordinates": [644509.100, 6858555.200, 45.000] }, "properties": {} },
    { "type": "Feature", "geometry": { "type": "Point", "coordinates": [644509.100, 6858555.400, 45.000] }, "properties": {} },
    { "type": "Feature", "geometry": { "type": "Point", "coordinates": [644509.100, 6858555.600, 45.000] }, "properties": {} },
    { "type": "Feature", "geometry": { "type": "Point", "coordinates": [644509.100, 6858555.800, 45.000] }, "properties": {} },
    { "type": "Feature", "geometry": { "type": "Point", "coordinates": [644509.100, 6858556.000, 45.000] }, "properties": {} },
    { "type": "Feature", "geometry": { "type": "Point", "coordinates": [644509.100, 6858556.200, 45.000] }, "properties": {} },
    { "type": "Feature", "geometry": { "type": "Point", "coordinates": [644509.100, 6858556.400, 45.000] }, "properties": {} },
    { "type": "Feature", "geometry": { "type": "Point", "coordinates": [644509.100, 6858556.600, 45.000] }, "properties": {} },
    { "type": "Feature", "geometry": { "type": "Point", "coordinates": [644509.100, 6858556.800, 45.000] }, "properties": {} },
    { "type": "Feature", "geometry": { "type": "Point", "coordinates": [644509.100, 6858557.000, 45.000] }, "properties": {} },
    { "type": "Feature", "geometry": { "type": "Point", "coordinates": [644509.100, 6858557.200, 45.000] }, "properties": {} },
    { "type": "Feature", "geometry": { "type": "Point", "coordinates": [644509.100, 6858557.400, 45.000] }, "properties": {} },
    { "type": "Feature", "geometry": { "type": "Point", "coordinates": [644509.100, 6858557.600, 45.000] }, "properties": {} },
    { "type": "Feature", "geometry": { "type": "Point", "coordinates": [644509.100, 6858557.800, 45.000] }, "properties": {} },
    { "type": "Feature", "geometry": { "type": "Point", "coordinates": [644509.100, 6858558.000, 45.000] }, "properties": {} },
    { "type": "Feature", "geometry": { "type": "Point", "coordinates": [644509.100, 6858558.200, 45.000] }, "properties": {} },
    { "type": "Feature", "geometry": { "type": "Point", "coordinates": [644509.100, 6858558.400, 45.000] }, "properties": {} },
    { "type": "Feature", "geometry": { "type": "Point", "coordinates": [644509.100, 6858558.600, 45.000] }, "properties": {} },
    { "type": "Feature", "geometry": { "type": "Point", "coordinates": [644509.100, 6858558.800, 45.000] }, "properties": {} },
    { "type": "Feature", "geometry": { "type": "Point", "coordinates": [644509.100, 6858559.000, 45.000] }, "properties": {} },
    { "type": "Feature", "geometry": { "type": "Point", "coordinates": [644509.100, 6858559.200, 45.000] }, "properties": {} },
    { "type": "Feature", "geometry": { "type": "Point", "coordinates": [644509.100, 6858559.400, 45.000] }, "properties": {} },
    { "type": "Feature", "geometry": { "type": "Point", "coordinates": [644509.100, 6858559.600, 45.000] }, "properties": {} },
    { "type": "Feature", "geometry": { "type": "Point", "coordinates": [644509.100, 6858559.800, 45.000] }, "properties": {} },
    { "type": "Feature", "geometry": { "type": "Point", "coordinates": [644509.100, 6858560.000, 45.000] }, "properties": {} },
    { "type": "Feature", "geometry": { "type": "Point", "coordinates": [644509.100, 6858560.200, 45.000] }, "properties": {} },
    { "type": "Feature", "geometry": { "type": "Point", "coordinates": [644509.100, 6858560.400, 45.000] }, "properties": {} },
    { "type": "Feature", "geometry": { "type": "Point", "coordinates": [644509.100, 6858560.600, 45.000] }, "properties": {} },
    { "type": "Feature", "geometry": { "type": "Point", "coordinates": [644509.100, 6858560.800, 45.000] }, "properties": {} },
    { "type": "Feature", "geometry": { "type": "Point", "coordinates": [644509.100, 6858561.000, 45.000] }, "properties": {} },
    { "type": "Feature", "geometry": { "type": "Point", "coordinates": [644509.100, 6858561.200, 45.000] }, "properties": {} },
    { "type": "Feature", "geometry": { "type": "Point", "coordinates": [644509.100, 6858561.400, 45.000] }, "properties": {} },
    { "type": "Feature", "geometry": { "type": "Point", "coordinates": [644509.100, 6858561.600, 45.000] }, "properties": {} },
    { "type": "Feature", "geometry": { "type": "Point", "coordinates": [644509.100, 6858561.800, 45.000] }, "properties": {} },
    { "type": "Feature", "geometry": { "type": "Point", "coordinates": [644509.100, 6858562.000, 45.000] }, "properties": {} },
    { "type": "Feature", "geometry": { "type": "Point", "coordinates": [644509.100, 6858562.200, 45.600] }, "properties": {} },
    { "type": "Feature", "geometry": { "type": "Point", "coordinates": [644509.100, 6858562.400, 46.200] }, "properties": {} },
    { "type": "Feature", "geometry": { "type": "Point", "coordinates": [644509.100, 6858562.600, 46.800] }, "properties": {} },
    { "type": "Feature", "geometry": { "type": "Point", "coordinates": [644509.100, 6858562.800, 47.400] }, "properties": {} },
    { "type": "Feature", "geometry": { "type": "Point", "coordinates": [644509.100, 6858563.000, 48.000] }, "properties": {} },
    { "type": "Feature", "geometry": { "type": "Point", "coordinates": [644509.100, 6858563.200, 48.600] }, "properties": {} },
    { "type": "Feature", "geometry": { "type": "Point", "coordinates": [644509.100, 6858563.400, 49.200] }, "properties": {} },
    { "type": "Feature", "geometry": { "type": "Point", "coordinates": [644509.100, 6858563.600, 49.800] }, "properties": {} },
    { "type": "Feature", "geometry": { "type": "Point", "coordinates": [644509.100, 6858563.800, 50.400] }, "properties": {} },
    { "type": "Feature", "geometry": { "type": "Point", "coordinates": [644509.100, 6858564.000, 51.000] }, "properties": {} },
    { "type": "Feature", "geometry": { "type": "Point", "coordinates": [644509.100, 6858564.200, 51.600] }, "properties": {} },
    { "type": "Feature", "geometry": { "type": "Point", "coordinates": [644509.100, 6858564.400, 52.200] }, "properties": {} },
    { "type": "Feature", "geometry": { "type": "Point", "coordinates": [644509.100, 6858564.600, 52.800] }, "properties": {} },
    { "type": "Feature", "geometry": { "type": "Point", "coordinates": [644509.100, 6858564.800, 53.400] }, "properties": {} },
    { "type": "Feature", "geometry": { "type": "Point", "coordinates": [644509.100, 6858565.000, 54.000] }, "properties": {} },
    { "type": "Feature", "geometry": { "type": "Point", "coordinates": [644509.100, 6858565.200, 54.600] }, "properties": {} },
    { "type": "Feature", "geometry": { "type": "Point", "coordinates": [644509.100, 6858565.400, 55.200] }, "properties": {} },
    { "type": "Feature", "geometry": { "type": "Point", "coordinates": [644509.100, 6858565.600, 55.800] }, "properties": {} },
    { "type": "Feature", "geometry": { "type": "Point", "coordinates": [644509.100, 6858565.800, 56.400] }, "properties": {} },
    { "type": "Feature", "geometry": { "type": "Point", "coordinates": [644509.100, 6858566.000, 57.000] }, "properties": {} },
    { "type": "Feature", "geometry": { "type": "Point", "coordinates": [644509.100, 6858566.200, 57.600] }, "properties": {} },
    { "type": "Feature", "geometry": { "type": "Point", "coordinates": [644509.100, 6858566.400, 58.200] }, "properties": {} },
    { "type": "Feature", "geometry": { "type": "Point", "coordinates": [644509.100, 6858566.600, 58.800] }, "properties": {} },
    { "type": "Feature", "geometry": { "type": "Point", "coordinates": [644509.100, 6858566.800, 59.400] }, "properties": {} },
    { "type": "Feature", "geometry": { "type": "Point", "coordinates": [644509.100, 6858567.000, 60.000] }, "properties": {} },
    { "type": "Feature", "geometry": { "type": "Point", "coordinates": [644509.100, 6858567.200, 60.600] }, "properties": {} },
    { "type": "Feature", "geometry": { "type": "Point", "coordinates": [644509.100, 6858567.400, 61.200] }, "properties": {} },
    { "type": "Feature", "geometry": { "type": "Point", "coordinates": [644509.100, 6858567.600, 61.800] }, "properties": {} },
    { "type": "Feature", "geometry": { "type": "Point", "coordinates": [644509.100, 6858567.800, 62.400] }, "properties": {} },
    { "type": "Feature", "geometry": { "type": "Point", "coordinates": [644509.100, 6858568.000, 63.000] }, "properties": {} },
    { "type": "Feature", "geometry": { "type": "Point", "coordinates": [644509.100, 6858568.200, 63.600] }, "properties": {} },
    { "type": "Feature", "geometry": { "type": "Point", "coordinates": [644509.100, 6858568.400, 64.200] }, "properties": {} },
    { "type": "Feature", "geometry": { "type": "Point", "coordinates": [644509.100, 6858568.600, 64.800] }, "properties": {} },
    { "type": "Feature", "geometry": { "type": "Point", "coordinates": [644509.100, 6858568.800, 65.400] }, "properties": {} },
    { "type": "Feature", "geometry": { "type": "Point", "coordinates": [644509.100, 6858569.000, 66.000] }, "properties": {} },
    { "type": "Feature", "geometry": { "type": "Point", "coordinates": [644509.100, 6858569.200, 66.600] }, "properties": {} },
    { "type": "Feature", "geometry": { "type": "Point", "coordinates": [644509.100, 6858569.400, 67.200] }, "properties": {} },
    { "type": "Feature", "geometry": { "type": "Point", "coordinates": [644509.100, 6858569.600, 67.800] }, "properties": {} },
    { "type": "Feature", "geometry": { "type": "Point", "coordinates": [644509.100, 6858569.800, 68.400] }, "properties": {} },
    { "type": "Feature", "geometry": { "type": "Point", "coordinates": [644509.100, 6858570.000, 69.000] }, "properties": {} },
    { "type": "Feature", "geometry": { "type": "Point", "coordinates": [644509.100, 6858570.200, 69.600] }, "properties": {} },
    { "type": "Feature", "geometry": { "type": "Point", "coordinates": [644509.100, 6858570.400, 70.200] }, "properties": {} },
    { "type": "Feature", "geometry": { "type": "Point", "coordinates": [644509.100, 6858570.600, 70.800] }, "properties": {} },
    { "type": "Feature", "geometry": { "type": "Point", "coordinates": [644509.100, 6858570.800, 71.400] }, "properties": {} },
    { "type": "Feature", "geometry": { "type": "Point", "coordinates": [644509.100, 6858571.000, 72.000] }, "properties": {} },
    { "type": "Feature", "geometry": { "type": "Point", "coordinates": [644509.100, 6858571.200, 72.600] }, "properties": {} },
    { "type": "Feature", "geometry": { "type": "Point", "coordinates": [644509.100, 6858571.400, 73.200] }, "properties": {} },
    { "type": "Feature", "geometry": { "type": "Point", "coordinates": [644509.100, 6858571.600, 73.800] }, "properties": {} },
    { "type": "Feature", "geometry": { "type": "Point", "coordinates": [644509.100, 6858571.800, 74.400] }, "properties": {} },
    { "type": "Feature", "geometry": { "type": "Point", "coordinates": [644509.100, 6858572.000, 75.000] }, "properties": {} },
    { "type": "Feature", "geometry": { "type": "Point", "coordinates": [644509.100, 6858572.200, 74.400] }, "properties": {} },
    { "type": "Feature", "geometry": { "type": "Point", "coordinates": [644509.100, 6858572.400, 73.800] }, "properties": {} },
    { "type": "Feature", "geometry": { "type": "Point", "coordinates": [644509.100, 6858572.600, 73.200] }, "properties": {} },
    { "type": "Feature", "geometry": { "type": "Point", "coordinates": [644509.100, 6858572.800, 72.600] }, "properties": {} },
    { "type": "Feature", "geometry": { "type": "Point", "coordinates": [644509.100, 6858573.000, 72.000] }, "properties": {} },
    { "type": "Feature", "geometry": { "type": "Point", "coordinates": [644509.100, 6858573.200, 71.400] }, "properties": {} },
    { "type": "Feature", "geometry": { "type": "Point", "coordinates": [644509.100, 6858573.400, 70.800] }, "properties": {} },
    { "type": "Feature", "geometry": { "type": "Point", "coordinates": [644509.100, 6858573.600, 70.200] }, "properties": {} },
    { "type": "Feature", "geometry": { "type": "Point", "coordinates": [644509.100, 6858573.800, 69.600] }, "properties": {} },
    { "type": "Feature", "geometry": { "type": "Point", "coordinates": [644509.100, 6858574.000, 69.000] }, "properties": {} },
    { "type": "Feature", "geometry": { "type": "Point", "coordinates": [644509.100, 6858574.200, 68.400] }, "properties": {} },
    { "type": "Feature", "geometry": { "type": "Point", "coordinates": [644509.100, 6858574.400, 67.800] }, "properties": {} },
    { "type": "Feature", "geometry": { "type": "Point", "coordinates": [644509.100, 6858574.600, 67.200] }, "properties": {} },
    { "type": "Feature", "geometry": { "type": "Point", "coordinates": [644509.100, 6858574.800, 66.600] }, "properties": {} },
    { "type": "Feature", "geometry": { "type": "Point", "coordinates": [644509.100, 6858575.000, 66.000] }, "properties": {} },
    { "type": "Feature", "geometry": { "type": "Point", "coordinates": [644509.100, 6858575.200, 65.400] }, "properties": {} },
    { "type": "Feature", "geometry": { "type": "Point", "coordinates": [644509.100, 6858575.400, 64.800] }, "properties": {} },
    { "type": "Feature", "geometry": { "type": "Point", "coordinates": [644509.100, 6858575.600, 64.200] }, "properties": {} },
    { "type": "Feature", "geometry": { "type": "Point", "coordinates": [644509.100, 6858575.800, 63.600] }, "properties": {} },
    { "type": "Feature", "geometry": { "type": "Point", "coordinates": [644509.100, 6858576.000, 63.000] }, "properties": {} },
    { "type": "Feature", "geometry": { "type": "Point", "coordinates": [644509.100, 6858576.200, 62.400] }, "properties": {} },
    { "type": "Feature", "geometry": { "type": "Point", "coordinates": [644509.100, 6858576.400, 61.800] }, "properties": {} },
    { "type": "Feature", "geometry": { "type": "Point", "coordinates": [644509.100, 6858576.600, 61.200] }, "properties": {} },
    { "type": "Feature", "geometry": { "type": "Point", "coordinates": [644509.100, 6858576.800, 60.600] }, "properties": {} },
    { "type": "Feature", "geometry": { "type": "Point", "coordinates": [644509.100, 6858577.000, 60.000] }, "properties": {} },
    { "type": "Feature", "geometry": { "type": "Point", "coordinates": [644509.100, 6858577.200, 59.400] }, "properties": {} },
    { "type": "Feature", "geometry": { "type": "Point", "coordinates": [644509.100, 6858577.400, 58.800] }, "properties": {} },
    { "type": "Feature", "geometry": { "type": "Point", "coordinates": [644509.100, 6858577.600, 58.200] }, "properties": {} },
    { "type": "Feature", "geometry": { "type": "Point", "coordinates": [644509.100, 6858577.800, 57.600] }, "properties": {} },
    { "type": "Feature", "geometry": { "type": "Point", "coordinates": [644509.100, 6858578.000, 57.000] }, "properties": {} },
    { "type": "Feature", "geometry": { "type": "Point", "coordinates": [644509.100, 6858578.200, 56.400] }, "properties": {} },
    { "type": "Feature", "geometry": { "type": "Point", "coordinates": [644509.100, 6858578.400, 55.800] }, "properties": {} },
    { "type": "Feature", "geometry": { "type": "Point", "coordinates": [644509.100, 6858578.600, 55.200] }, "properties": {} },
    { "type": "Feature", "geometry": { "type": "Point", "coordinates": [644509.100, 6858578.800, 54.600] }, "properties": {} },
    { "type": "Feature", "geometry": { "type": "Point", "coordinates": [644509.100, 6858579.000, 54.000] }, "properties": {} },
    { "type": "Feature", "geometry": { "type": "Point", "coordinates": [644509.100, 6858579.200, 53.400] }, "properties": {} },
    { "type": "Feature", "geometry": { "type": "Point", "coordinates": [644509.100, 6858579.400, 52.800] }, "properties": {} },
    { "type": "Feature", "geometry": { "type": "Point", "coordinates": [644509.100, 6858579.600, 52.200] }, "properties": {} },
    { "type": "Feature", "geometry": { "type": "Point", "coordinates": [644509.100, 6858579.800, 51.600] }, "properties": {} },
    { "type": "Feature", "geometry": { "type": "Point", "coordinates": [644509.100, 6858580.000, 51.000] }, "properties": {} },
    { "type": "Feature", "geometry": { "type": "Point", "coordinates": [644509.100, 6858580.200, 50.400] }, "properties": {} },
    { "type": "Feature", "geometry": { "type": "Point", "coordinates": [644509.100, 6858580.400, 49.800] }, "properties": {} },
    { "type": "Feature", "geometry": { "type": "Point", "coordinates": [644509.100, 6858580.600, 49.200] }, "properties": {} },
    { "type": "Feature", "geometry": { "type": "Point", "coordinates": [644509.100, 6858580.800, 48.600] }, "properties": {} },
    { "type": "Feature", "geometry": { "type": "Point", "coordinates": [644509.100, 6858581.000, 48.000] }, "properties": {} },
    { "type": "Feature", "geometry": { "type": "Point", "coordinates": [644509.100, 6858581.200, 47.400] }, "properties": {} },
    { "type": "Feature", "geometry": { "type": "Point", "coordinates": [644509.100, 6858581.400, 46.800] }, "properties": {} },
    { "type": "Feature", "geometry": { "type": "Point", "coordinates": [644509.100, 6858581.600, 46.200] }, "properties": {} },
    { "type": "Feature", "geometry": { "type": "Point", "coordinates": [644509.100, 6858581.800, 45.600] }, "properties": {} },
    { "type": "Feature", "geometry": { "type": "Point", "coordinates": [644509.100, 6858552.000, 40.000] }, "properties": {} },
    { "type": "Feature", "geometry": { "type": "Point", "coordinates": [644509.100, 6858552.200, 40.000] }, "properties": {} },
    { "type": "Feature", "geometry": { "type": "Point", "coordinates": [644509.100, 6858552.400, 40.000] }, "properties": {} },
    { "type": "Feature", "geometry": { "type": "Point", "coordinates": [644509.100, 6858552.600, 40.000] }, "properties": {} },
    { "type": "Feature", "geometry": { "type": "Point", "coordinates": [644509.100, 6858552.800, 40.000] }, "properties": {} },
    { "type": "Feature", "geometry": { "type": "Point", "coordinates": [644509.100, 6858553.000, 40.000] }, "properties": {} },
    { "type": "Feature", "geometry": { "type": "Point", "coordinates": [644509.100, 6858553.200, 40.000] }, "properties": {} },
    { "type": "Feature", "geometry": { "type": "Point", "coordinates": [644509.100, 6858553.400, 40.000] }, "properties": {} },
    { "type": "Feature", "geometry": { "type": "Point", "coordinates": [644509.100, 6858553.600, 40.000] }, "properties": {} },
    { "type": "Feature", "geometry": { "type": "Point", "coordinates": [644509.100, 6858553.800, 40.000] }, "properties": {} },
    { "type": "Feature", "geometry": { "type": "Point", "coordinates": [644509.100, 6858554.000, 40.000] }, "properties": {} },
    { "type": "Feature", "geometry": { "type": "Point", "coordinates": [644509.100, 6858554.200, 40.000] }, "properties": {} },
    { "type": "Feature", "geometry": { "type": "Point", "coordinates": [644509.100, 6858554.400, 40.000] }, "properties": {} },
    { "type": "Feature", "geometry": { "type": "Point", "coordinates": [644509.100, 6858554.600, 40.000] }, "properties": {} },
    { "type": "Feature", "geometry": { "type": "Point", "coordinates": [644509.100, 6858554.800, 40.000] }, "properties": {} },
    { "type": "Feature", "geometry": { "type": "Point", "coordinates": [644509.100, 6858555.000, 40.000] }, "properties": {} },
    { "type": "Feature", "geometry": { "type": "Point", "coordinates": [644509.100, 6858555.200, 40.000] }, "properties": {} },
    { "type": "Feature", "geometry": { "type": "Point", "coordinates": [644509.100, 6858555.400, 40.000] }, "properties": {} },
    { "type": "Feature", "geometry": { "type": "Point", "coordinates": [644509.100, 6858555.600, 40.000] }, "properties": {} },
    { "type": "Feature", "geometry": { "type": "Point", "coordinates": [644509.100, 6858555.800, 40.000] }, "properties": {} },
    { "type": "Feature", "geometry": { "type": "Point", "coordinates": [644509.100, 6858556.000, 40.000] }, "properties": {} },
    { "type": "Feature", "geometry": { "type": "Point", "coordinates": [644509.100, 6858556.200, 40.000] }, "properties": {} },
    { "type": "Feature", "geometry": { "type": "Point", "coordinates": [644509.100, 6858556.400, 40.000] }, "properties": {} },
    { "type": "Feature", "geometry": { "type": "Point", "coordinates": [644509.100, 6858556.600, 40.000] }, "properties": {} },
    { "type": "Feature", "geometry": { "type": "Point", "coordinates": [644509.100, 6858556.800, 40.000] }, "properties": {} },
    { "type": "Feature", "geometry": { "type": "Point", "coordinates": [644509.100, 6858557.000, 40.000] }, "properties": {} },
    { "type": "Feature", "geometry": { "type": "Point", "coordinates": [644509.100, 6858557.200, 40.000] }, "properties": {} },
    { "type": "Feature", "geometry": { "type": "Point", "coordinates": [644509.100, 6858557.400, 40.000] }, "properties": {} },
    { "type": "Feature", "geometry": { "type": "Point", "coordinates": [644509.100, 6858557.600, 40.000] }, "properties": {} },
    { "type": "Feature", "geometry": { "type": "Point", "coordinates": [644509.100, 6858557.800, 40.000] }, "properties": {} },
    { "type": "Feature", "geometry": { "type": "Point", "coordinates": [644509.100, 6858558.000, 40.000] }, "properties": {} },
    { "type": "Feature", "geometry": { "type": "Point", "coordinates": [644509.100, 6858558.200, 40.000] }, "properties": {} },
    { "type": "Feature", "geometry": { "type": "Point", "coordinates": [644509.100, 6858558.400, 40.000] }, "properties": {} },
    { "type": "Feature", "geometry": { "type": "Point", "coordinates": [644509.100, 6858558.600, 40.000] }, "properties": {} },
    { "type": "Feature", "geometry": { "type": "Point", "coordinates": [644509.100, 6858558.800, 40.000] }, "properties": {} },
    { "type": "Feature", "geometry": { "type": "Point", "coordinates": [644509.100, 6858559.000, 40.000] }, "properties": {} },
    { "type": "Feature", "geometry": { "type": "Point", "coordinates": [644509.100, 6858559.200, 40.000] }, "properties": {} },
    { "type": "Feature", "geometry": { "type": "Point", "coordinates": [644509.100, 6858559.400, 40.000] }, "properties": {} },
    { "type": "Feature", "geometry": { "type": "Point", "coordinates": [644509.100, 6858559.600, 40.000] }, "properties": {} },
    { "type": "Feature", "geometry": { "type": "Point", "coordinates": [644509.100, 6858559.800, 40.000] }, "properties": {} },
    { "type": "Feature", "geometry": { "type": "Point", "coordinates": [644509.100, 6858560.000, 40.000] }, "properties": {} },
    { "type": "Feature", "geometry": { "type": "Point", "coordinates": [644509.100, 6858560.200, 40.000] }, "properties": {} },
    { "type": "Feature", "geometry": { "type": "Point", "coordinates": [644509.100, 6858560.400, 40.000] }, "properties": {} },
    { "type": "Feature", "geometry": { "type": "Point", "coordinates": [644509.100, 6858560.600, 40.000] }, "properties": {} },
    { "type": "Feature", "geometry": { "type": "Point", "coordinates": [644509.100, 6858560.800, 40.000] }, "properties": {} },
    { "type": "Feature", "geometry": { "type": "Point", "coordinates": [644509.100, 6858561.000, 40.000] }, "properties": {} },
    { "type": "Feature", "geometry": { "type": "Point", "coordinates": [644509.100, 6858561.200, 40.000] }, "properties": {} },
    { "type": "Feature", "geometry": { "type": "Point", "coordinates": [644509.100, 6858561.400, 40.000] }, "properties": {} },
    { "type": "Feature", "geometry": { "type": "Point", "coordinates": [644509.100, 6858561.600, 40.000] }, "properties": {} },
    { "type": "Feature", "geometry": { "type": "Point", "coordinates": [644509.100, 6858561.800, 40.000] }, "properties": {} },
    { "type": "Feature", "geometry": { "type": "Point", "coordinates": [644509.100, 6858562.000, 40.000] }, "properties": {} },
    { "type": "Feature", "geometry": { "type": "Point", "coordinates": [644509.100, 6858562.200, 40.000] }, "properties": {} },
    { "type": "Feature", "geometry": { "type": "Point", "coordinates": [644509.100, 6858562.400, 40.000] }, "properties": {} },
    { "type": "Feature", "geometry": { "type": "Point", "coordinates": [644509.100, 6858562.600, 40.000] }, "properties": {} },
    { "type": "Feature", "geometry": { "type": "Point", "coordinates": [644509.100, 6858562.800, 40.000] }, "properties": {} },
    { "type": "Feature", "geometry": { "type": "Point", "coordinates": [644509.100, 6858563.000, 40.000] }, "properties": {} },
    { "type": "Feature", "geometry": { "type": "Point", "coordinates": [644509.100, 6858563.200, 40.000] }, "properties": {} },
    { "type": "Feature", "geometry": { "type": "Point", "coordinates": [644509.100, 6858563.400, 40.000] }, "properties": {} },
    { "type": "Feature", "geometry": { "type": "Point", "coordinates": [644509.100, 6858563.600, 40.000] }, "properties": {} },
    { "type": "Feature", "geometry": { "type": "Point", "coordinates": [644509.100, 6858563.800, 40.000] }, "properties": {} },
    { "type": "Feature", "geometry": { "type": "Point", "coordinates": [644509.100, 6858564.000, 40.000] }, "properties": {} },
    { "type": "Feature", "geometry": { "type": "Point", "coordinates": [644509.100, 6858564.200, 40.000] }, "properties": {} },
    { "type": "Feature", "geometry": { "type": "Point", "coordinates": [644509.100, 6858564.400, 40.000] }, "properties": {} },
    { "type": "Feature", "geometry": { "type": "Point", "coordinates": [644509.100, 6858564.600, 40.000] }, "properties": {} },
    { "type": "Feature", "geometry": { "type": "Point", "coordinates": [644509.100, 6858564.800, 40.000] }, "properties": {} },
    { "type": "Feature", "geometry": { "type": "Point", "coordinates": [644509.100, 6858565.000, 40.000] }, "properties": {} },
    { "type": "Feature", "geometry": { "type": "Point", "coordinates": [644509.100, 6858565.200, 40.000] }, "properties": {} },
    { "type": "Feature", "geometry": { "type": "Point", "coordinates": [644509.100, 6858565.400, 40.000] }, "properties": {} },
    { "type": "Feature", "geometry": { "type": "Point", "coordinates": [644509.100, 6858565.600, 40.000] }, "properties": {} },
    { "type": "Feature", "geometry": { "type": "Point", "coordinates": [644509.100, 6858565.800, 40.000] }, "properties": {} },
    { "type": "Feature", "geometry": { "type": "Point", "coordinates": [644509.100, 6858566.000, 40.000] }, "properties": {} },
    { "type": "Feature", "geometry": { "type": "Point", "coordinates": [644509.100, 6858566.200, 40.000] }, "properties": {} },
    { "type": "Feature", "geometry": { "type": "Point", "coordinates": [644509.100, 6858566.400, 40.000] }, "properties": {} },
    { "type": "Feature", "geometry": { "type": "Point", "coordinates": [644509.100, 6858566.600, 40.000] }, "properties": {} },
    { "type": "Feature", "geometry": { "type": "Point", "coordinates": [644509.100, 6858566.800, 40.000] }, "properties": {} },
    { "type": "Feature", "geometry": { "type": "Point", "coordinates": [644509.100, 6858567.000, 40.000] }, "properties": {} },
    { "type": "Feature", "geometry": { "type": "Point", "coordinates": [644509.100, 6858567.200, 40.000] }, "properties": {} },
    { "type": "Feature", "geometry": { "type": "Point", "coordinates": [644509.100, 6858567.400, 40.000] }, "properties": {} },
    { "type": "Feature", "geometry": { "type": "Point", "coordinates": [644509.100, 6858567.600, 40.000] }, "properties": {} },
    { "type": "Feature", "geometry": { "type": "Point", "coordinates": [644509.100, 6858567.800, 40.000] }, "properties": {} },
    { "type": "Feature", "geometry": { "type": "Point", "coordinates": [644509.100, 6858568.000, 40.000] }, "properties": {} },
    { "type": "Feature", "geometry": { "type": "Point", "coordinates": [644509.100, 6858568.200, 40.000] }, "properties": {} },
    { "type": "Feature", "geometry": { "type": "Point", "coordinates": [644509.100, 6858568.400, 40.000] }, "properties": {} },
    { "type": "Feature", "geometry": { "type": "Point", "coordinates": [644509.100, 6858568.600, 40.000] }, "properties": {} },
    { "type": "Feature", "geometry": { "type": "Point", "coordinates": [644509.100, 6858568.800, 40.000] }, "properties": {} },
    { "type": "Feature", "geometry": { "type": "Point", "coordinates": [644509.100, 6858569.000, 40.000] }, "properties": {} },
    { "type": "Feature", "geometry": { "type": "Point", "coordinates": [644509.100, 6858569.200, 40.000] }, "properties": {} },
    { "type": "Feature", "geometry": { "type": "Point", "coordinates": [644509.100, 6858569.400, 40.000] }, "properties": {} },
    { "type": "Feature", "geometry": { "type": "Point", "coordinates": [644509.100, 6858569.600, 40.000] }, "properties": {} },
    { "type": "Feature", "geometry": { "type": "Point", "coordinates": [644509.100, 6858569.800, 40.000] }, "properties": {} },
    { "type": "Feature", "geometry": { "type": "Point", "coordinates": [644509.100, 6858570.000, 40.000] }, "properties": {} },
    { "type": "Feature", "geometry": { "type": "Point", "coordinates": [644509.100, 6858570.200, 40.000] }, "properties": {} },
    { "type": "Feature", "geometry": { "type": "Point", "coordinates": [644509.100, 6858570.400, 40.000] }, "properties": {} },
    { "type": "Feature", "geometry": { "type": "Point", "coordinates": [644509.100, 6858570.600, 40.000] }, "properties": {} },
    { "type": "Feature", "geometry": { "type": "Point", "coordinates": [644509.100, 6858570.800, 40.000] }, "properties": {} },
    { "type": "Feature", "geometry": { "type": "Point", "coordinates": [644509.100, 6858571.000, 40.000] }, "properties": {} },
    { "type": "Feature", "geometry": { "type": "Point", "coordinates": [644509.100, 6858571.200, 40.000] }, "properties": {} },
    { "type": "Feature", "geometry": { "type": "Point", "coordinates": [644509.100, 6858571.400, 40.000] }, "properties": {} },
    { "type": "Feature", "geometry": { "type": "Point", "coordinates": [644509.100, 6858571.600, 40.000] }, "properties": {} },
    { "type": "Feature", "geometry": { "type": "Point", "coordinates": [644509.100, 6858571.800, 40.000] }, "properties": {} },
    { "type": "Feature", "geometry": { "type": "Point", "coordinates": [644509.100, 6858572.000, 40.000] }, "properties": {} },
    { "type": "Feature", "geometry": { "type": "Point", "coordinates": [644509.100, 6858572.200, 40.000] }, "properties": {} },
    { "type": "Feature", "geometry": { "type": "Point", "coordinates": [644509.100, 6858572.400, 40.000] }, "properties": {} },
    { "type": "Feature", "geometry": { "type": "Point", "coordinates": [644509.100, 6858572.600, 40.000] }, "properties": {} },
    { "type": "Feature", "geometry": { "type": "Point", "coordinates": [644509.100, 6858572.800, 40.000] }, "properties": {} },
    { "type": "Feature", "geometry": { "type": "Point", "coordinates": [644509.100, 6858573.000, 40.000] }, "properties": {} },
    { "type": "Feature", "geometry": { "type": "Point", "coordinates": [644509.100, 6858573.200, 40.000] }, "properties": {} },
    { "type": "Feature", "geometry": { "type": "Point", "coordinates": [644509.100, 6858573.400, 40.000] }, "properties": {} },
    { "type": "Feature", "geometry": { "type": "Point", "coordinates": [644509.100, 6858573.600, 40.000] }, "properties": {} },
    { "type": "Feature", "geometry": { "type": "Point", "coordinates": [644509.100, 6858573.800, 40.000] }, "properties": {} },
    { "type": "Feature", "geometry": { "type": "Point", "coordinates": [644509.100, 6858574.000, 40.000] }, "properties": {} },
    { "type": "Feature", "geometry": { "type": "Point", "coordinates": [644509.100, 6858574.200, 40.000] }, "properties": {} },
    { "type": "Feature", "geometry": { "type": "Point", "coordinates": [644509.100, 6858574.400, 40.000] }, "properties": {} },
    { "type": "Feature", "geometry": { "type": "Point", "coordinates": [644509.100, 6858574.600, 40.000] }, "properties": {} },
    { "type": "Feature", "geometry": { "type": "Point", "coordinates": [644509.100, 6858574.800, 40.000] }, "properties": {} },
    { "type": "Feature", "geometry": { "type": "Point", "coordinates": [644509.100, 6858575.000, 40.000] }, "properties": {} },
    { "type": "Feature", "geometry": { "type": "Point", "coordinates": [644509.100, 6858575.200, 40.000] }, "properties": {} },
    { "type": "Feature", "geometry": { "type": "Point", "coordinates": [644509.100, 6858575.400, 40.000] }, "properties": {} },
    { "type": "Feature", "geometry": { "type": "Point", "coordinates": [644509.100, 6858575.600, 40.000] }, "properties": {} },
    { "type": "Feature", "geometry": { "type": "Point", "coordinates": [644509.100, 6858575.800, 40.000] }, "properties": {} },
    { "type": "Feature", "geometry": { "type": "Point", "coordinates": [644509.100, 6858576.000, 40.000] }, "properties": {} },
    { "type": "Feature", "geometry": { "type": "Point", "coordinates": [644509.100, 6858576.200, 40.000] }, "properties": {} },
    { "type": "Feature", "geometry": { "type": "Point", "coordinates": [644509.100, 6858576.400, 40.000] }, "properties": {} },
    { "type": "Feature", "geometry": { "type": "Point", "coordinates": [644509.100, 6858576.600, 40.000] }, "properties": {} },
    { "type": "Feature", "geometry": { "type": "Point", "coordinates": [644509.100, 6858576.800, 40.000] }, "properties": {} },
    { "type": "Feature", "geometry": { "type": "Point", "coordinates": [644509.100, 6858577.000, 40.000] }, "properties": {} },
    { "type": "Feature", "geometry": { "type": "Point", "coordinates": [644509.100, 6858577.200, 40.000] }, "properties": {} },
    { "type": "Feature", "geometry": { "type": "Point", "coordinates": [644509.100, 6858577.400, 40.000] }, "properties": {} },
    { "type": "Feature", "geometry": { "type": "Point", "coordinates": [644509.100, 6858577.600, 40.000] }, "properties": {} },
    { "type": "Feature", "geometry": { "type": "Point", "coordinates": [644509.100, 6858577.800, 40.000] }, "properties": {} },
    { "type": "Feature", "geometry": { "type": "Point", "coordinates": [644509.100, 6858578.000, 40.000] }, "properties": {} },
    { "type": "Feature", "geometry": { "type": "Point", "coordinates": [644509.100, 6858578.200, 40.000] }, "properties": {} },
    { "type": "Feature", "geometry": { "type": "Point", "coordinates": [644509.100, 6858578.400, 40.000] }, "properties": {} },
    { "type": "Feature", "geometry": { "type": "Point", "coordinates": [644509.100, 6858578.600, 40.000] }, "properties": {} },
    { "type": "Feature", "geometry": { "type": "Point", "coordinates": [644509.100, 6858578.800, 40.000] }, "properties": {} },
    { "type": "Feature", "geometry": { "type": "Point", "coordinates": [644509.100, 6858579.000, 40.000] }, "properties": {} },
    { "type": "Feature", "geometry": { "type": "Point", "coordinates": [644509.100, 6858579.200, 40.000] }, "properties": {} },
    { "type": "Feature", "geometry": { "type": "Point", "coordinates": [644509.100, 6858579.400, 40.000] }, "properties": {} },
    { "type": "Feature", "geometry": { "type": "Point", "coordinates": [644509.100, 6858579.600, 40.000] }, "properties": {} },
    { "type": "Feature", "geometry": { "type": "Point", "coordinates": [644509.100, 6858579.800, 40.000] }, "properties": {} },
    { "type": "Feature", "geometry": { "type": "Point", "coordinates": [644509.100, 6858580.000, 40.000] }, "properties": {} },
    { "type": "Feature", "geometry": { "type": "Point", "coordinates": [644509.100, 6858580.200, 40.000] }, "properties": {} },
    { "type": "Feature", "geometry": { "type": "Point", "coordinates": [644509.100, 6858580.400, 40.000] }, "properties": {} },
    { "type": "Feature", "geometry": { "type": "Point", "coordinates": [644509.100, 6858580.600, 40.000] }, "properties": {} },
    { "type": "Feature", "geometry": { "type": "Point", "coordinates": [644509.100, 6858580.800, 40.000] }, "properties": {} },
    { "type": "Feature", "geometry": { "type": "Point", "coordinates": [644509.100, 6858581.000, 40.000] }, "properties": {} },
    { "type": "Feature", "geometry": { "type": "Point", "coordinates": [644509.100, 6858581.200, 40.000] }, "properties": {} },
    { "type": "Feature", "geometry": { "type": "Point", "coordinates": [644509.100, 6858581.400, 40.000] }, "properties": {} },
    { "type": "Feature", "geometry": { "type": "Point", "coordinates": [644509.100, 6858581.600, 40.000] }, "properties": {} },
    { "type": "Feature", "geometry": { "type": "Point", "coordinates": [644509.100, 6858581.800, 40.000] }, "properties": {} },
    { "type": "Feature", "geometry": { "type": "Point", "coordinates": [644509.100, 6858582.000, 40.000] }, "properties": {} },
    { "type": "Feature", "geometry": { "type": "Point", "coordinates": [644509.100, 6858582.200, 40.000] }, "properties": {} },
    { "type": "Feature", "geometry": { "type": "Point", "coordinates": [644509.100, 6858582.400, 40.000] }, "properties": {} },
    { "type": "Feature", "geometry": { "type": "Point", "coordinates": [644509.100, 6858582.600, 40.000] }, "properties": {} },
    { "type": "Feature", "geometry": { "type": "Point", "coordinates": [644509.100, 6858582.800, 40.000] }, "properties": {} },
    { "type": "Feature", "geometry": { "type": "Point", "coordinates": [644509.100, 6858583.000, 40.000] }, "properties": {} },
    { "type": "Feature", "geometry": { "type": "Point", "coordinates": [644509.100, 6858583.200, 40.000] }, "properties": {} },
    { "type": "Feature", "geometry": { "type": "Point", "coordinates": [644509.100, 6858583.400, 40.000] }, "properties": {} },
    { "type": "Feature", "geometry": { "type": "Point", "coordinates": [644509.100, 6858583.600, 40.000] }, "properties": {} },
    { "type": "Feature", "geometry": { "type": "Point", "coordinates": [644509.100, 6858583.800, 40.000] }, "properties": {} },
    { "type": "Feature", "geometry": { "type": "Point", "coordinates": [644509.100, 6858584.000, 40.000] }, "properties": {} },
    { "type": "Feature", "geometry": { "type": "Point", "coordinates": [644509.100, 6858584.200, 40.000] }, "properties": {} },
    { "type": "Feature", "geometry": { "type": "Point", "coordinates": [644509.100, 6858584.400, 40.000] }, "properties": {} },
    { "type": "Feature", "geometry": { "type": "Point", "coordinates": [644509.100, 6858584.600, 40.000] }, "properties": {} },
    { "type": "Feature", "geometry": { "type": "Point", "coordinates": [644509.100, 6858584.800, 40.000] }, "properties": {} },
    { "type": "Feature", "geometry": { "type": "Point", "coordinates": [644509.100, 6858585.000, 40.000] }, "properties": {} },
    { "type": "Feature", "geometry": { "type": "Point", "coordinates": [644509.100, 6858585.200, 40.000] }, "properties": {} },
    { "type": "Feature", "geometry": { "type": "Point", "coordinates": [644509.100, 6858585.400, 40.000] }, "properties": {} },
    { "type": "Feature", "geometry": { "type": "Point", "coordinates": [644509.100, 6858585.600, 40.000] }, "properties": {} },
    { "type": "Feature", "geometry": { "type": "Point", "coordinates": [644509.100, 6858585.800, 40.000] }, "properties": {} },
    { "type": "Feature", "geometry": { "type": "Point", "coordinates": [644509.100, 6858586.000, 40.000] }, "properties": {} },
    { "type": "Feature", "geometry": { "type": "Point", "coordinates": [644509.100, 6858586.200, 40.000] }, "properties": {} },
    { "type": "Feature", "geometry": { "type": "Point", "coordinates": [644509.100, 6858586.400, 40.000] }, "properties": {} },
    { "type": "Feature", "geometry": { "type": "Point", "coordinates": [644509.100, 6858586.600, 40.000] }, "properties": {} },
    { "type": "Feature", "geometry": { "type": "Point", "coordinates": [644509.100, 6858586.800, 40.000] }, "properties": {} },
    { "type": "Feature", "geometry": { "type": "Point", "coordinates": [644509.100, 6858587.000, 40.000] }, "properties": {} },
    { "type": "Feature", "geometry": { "type": "Point", "coordinates": [644509.100, 6858587.200, 40.000] }, "properties": {} },
    { "type": "Feature", "geometry": { "type": "Point", "coordinates": [644509.100, 6858587.400, 40.000] }, "properties": {} },
    { "type": "Feature", "geometry": { "type": "Point", "coordinates": [644509.100, 6858587.600, 40.000] }, "properties": {} },
    { "type": "Feature", "geometry": { "type": "Point", "coordinates": [644509.100, 6858587.800, 40.000] }, "properties": {} },
    { "type": "Feature", "geometry": { "type": "Point", "coordinates": [644509.100, 6858588.000, 40.000] }, "properties": {} },
    { "type": "Feature", "geometry": { "type": "Point", "coordinates": [644509.100, 6858588.200, 40.000] }, "properties": {} },
    { "type": "Feature", "geometry": { "type": "Point", "coordinates": [644509.100, 6858588.400, 40.000] }, "properties": {} },
    { "type": "Feature", "geometry": { "type": "Point", "coordinates": [644509.100, 6858588.600, 40.000] }, "properties": {} },
    { "type": "Feature", "geometry": { "type": "Point", "coordinates": [644509.100, 6858588.800, 40.000] }, "properties": {} },
    { "type": "Feature", "geometry": { "type": "Point", "coordinates": [644509.100, 6858589.000, 40.000] }, "properties": {} },
    { "type": "Feature", "geometry": { "type": "Point", "coordinates": [644509.100, 6858589.200, 40.000] }, "properties": {} },
    { "type": "Feature", "geometry": { "type": "Point", "coordinates": [644509.100, 6858589.400, 40.000] }, "properties": {} },
    { "type": "Feature", "geometry": { "type": "Point", "coordinates": [644509.100, 6858589.600, 40.000] }, "properties": {} },
    { "type": "Feature", "geometry": { "type": "Point", "coordinates": [644509.100, 6858589.800, 40.000] }, "properties": {} },
    { "type": "Feature", "geometry": { "type": "Point", "coordinates": [644509.100, 6858590.000, 40.000] }, "properties": {} },
    { "type": "Feature", "geometry": { "type": "Point", "coordinates": [644509.100, 6858590.200, 40.000] }, "properties": {} },
    { "type": "Feature", "geometry": { "type": "Point", "coordinates": [644509.100, 6858590.400, 40.000] }, "properties": {} },
    { "type": "Feature", "geometry": { "type": "Point", "coordinates": [644509.100, 6858590.600, 40.000] }, "properties": {} },
    { "type": "Feature", "geometry": { "type": "Point", "coordinates": [644509.100, 6858590.800, 40.000] }, "properties": {} },
    { "type": "Feature", "geometry": { "type": "Point", "coordinates": [644509.100, 6858591.000, 40.000] }, "properties": {} },
    { "type": "Feature", "geometry": { "type": "Point", "coordinates": [644509.100, 6858591.200, 40.000] }, "properties": {} },
    { "type": "Feature", "geometry": { "type": "Point", "coordinates": [644509.100, 6858591.400, 40.000] }, "properties": {} },
    { "type": "Feature", "geometry": { "type": "Point", "coordinates": [644509.100, 6858591.600, 40.000] }, "properties": {} },
    { "type": "Feature", "geometry": { "type": "Point", "coordinates": [644509.100, 6858591.800, 40.000] }, "properties": {} },
    { "type": "Feature", "geometry": { "type": "Point", "coordinates": [644511.100, 6858552.000, 45.000] }, "properties": {} },
    { "type": "Feature", "geometry": { "type": "Point", "coordinates": [644511.100, 6858552.200, 45.000] }, "properties": {} },
    { "type": "Feature", "geometry": { "type": "Point", "coordinates": [644511.100, 6858552.400, 45.000] }, "properties": {} },
    { "type": "Feature", "geometry": { "type": "Point", "coordinates": [644511.100, 6858552.600, 45.000] }, "properties": {} },
    { "type": "Feature", "geometry": { "type": "Point", "coordinates": [644511.100, 6858552.800, 45.000] }, "properties": {} },
    { "type": "Feature", "geometry": { "type": "Point", "coordinates": [644511.100, 6858553.000, 45.000] }, "properties": {} },
    { "type": "Feature", "geometry": { "type": "Point", "coordinates": [644511.100, 6858553.200, 45.000] }, "properties": {} },
    { "type": "Feature", "geometry": { "type": "Point", "coordinates": [644511.100, 6858553.400, 45.000] }, "properties": {} },
    { "type": "Feature", "geometry": { "type": "Point", "coordinates": [644511.100, 6858553.600, 45.000] }, "properties": {} },
    { "type": "Feature", "geometry": { "type": "Point", "coordinates": [644511.100, 6858553.800, 45.000] }, "properties": {} },
    { "type": "Feature", "geometry": { "type": "Point", "coordinates": [644511.100, 6858554.000, 45.000] }, "properties": {} },
    { "type": "Feature", "geometry": { "type": "Point", "coordinates": [644511.100, 6858554.200, 45.000] }, "properties": {} },
    { "type": "Feature", "geometry": { "type": "Point", "coordinates": [644511.100, 6858554.400, 45.000] }, "properties": {} },
    { "type": "Feature", "geometry": { "type": "Point", "coordinates": [644511.100, 6858554.600, 45.000] }, "properties": {} },
    { "type": "Feature", "geometry": { "type": "Point", "coordinates": [644511.100, 6858554.800, 45.000] }, "properties": {} },
    { "type": "Feature", "geometry": { "type": "Point", "coordinates": [644511.100, 6858555.000, 45.000] }, "properties": {} },
    { "type": "Feature", "geometry": { "type": "Point", "coordinates": [644511.100, 6858555.200, 45.000] }, "properties": {} },
    { "type": "Feature", "geometry": { "type": "Point", "coordinates": [644511.100, 6858555.400, 45.000] }, "properties": {} },
    { "type": "Feature", "geometry": { "type": "Point", "coordinates": [644511.100, 6858555.600, 45.000] }, "properties": {} },
    { "type": "Feature", "geometry": { "type": "Point", "coordinates": [644511.100, 6858555.800, 45.000] }, "properties": {} },
    { "type": "Feature", "geometry": { "type": "Point", "coordinates": [644511.100, 6858556.000, 45.000] }, "properties": {} },
    { "type": "Feature", "geometry": { "type": "Point", "coordinates": [644511.100, 6858556.200, 45.000] }, "properties": {} },
    { "type": "Feature", "geometry": { "type": "Point", "coordinates": [644511.100, 6858556.400, 45.000] }, "properties": {} },
    { "type": "Feature", "geometry": { "type": "Point", "coordinates": [644511.100, 6858556.600, 45.000] }, "properties": {} },
    { "type": "Feature", "geometry": { "type": "Point", "coordinates": [644511.100, 6858556.800, 45.000] }, "properties": {} },
    { "type": "Feature", "geometry": { "type": "Point", "coordinates": [644511.100, 6858557.000, 45.000] }, "properties": {} },
    { "type": "Feature", "geometry": { "type": "Point", "coordinates": [644511.100, 6858557.200, 45.000] }, "properties": {} },
    { "type": "Feature", "geometry": { "type": "Point", "coordinates": [644511.100, 6858557.400, 45.000] }, "properties": {} },
    { "type": "Feature", "geometry": { "type": "Point", "coordinates": [644511.100, 6858557.600, 45.000] }, "properties": {} },
    { "type": "Feature", "geometry": { "type": "Point", "coordinates": [644511.100, 6858557.800, 45.000] }, "properties": {} },
    { "type": "Feature", "geometry": { "type": "Point", "coordinates": [644511.100, 6858558.000, 45.000] }, "properties": {} },
    { "type": "Feature", "geometry": { "type": "Point", "coordinates": [644511.100, 6858558.200, 45.000] }, "properties": {} },
    { "type": "Feature", "geometry": { "type": "Point", "coordinates": [644511.100, 6858558.400, 45.000] }, "properties": {} },
    { "type": "Feature", "geometry": { "type": "Point", "coordinates": [644511.100, 6858558.600, 45.000] }, "properties": {} },
    { "type": "Feature", "geometry": { "type": "Point", "coordinates": [644511.100, 6858558.800, 45.000] }, "properties": {} },
    { "type": "Feature", "geometry": { "type": "Point", "coordinates": [644511.100, 6858559.000, 45.000] }, "properties": {} },
    { "type": "Feature", "geometry": { "type": "Point", "coordinates": [644511.100, 6858559.200, 45.000] }, "properties": {} },
    { "type": "Feature", "geometry": { "type": "Point", "coordinates": [644511.100, 6858559.400, 45.000] }, "properties": {} },
    { "type": "Feature", "geometry": { "type": "Point", "coordinates": [644511.100, 6858559.600, 45.000] }, "properties": {} },
    { "type": "Feature", "geometry": { "type": "Point", "coordinates": [644511.100, 6858559.800, 45.000] }, "properties": {} },
    { "type": "Feature", "geometry": { "type": "Point", "coordinates": [644511.100, 6858560.000, 45.000] }, "properties": {} },
    { "type": "Feature", "geometry": { "type": "Point", "coordinates": [644511.100, 6858560.200, 45.000] }, "properties": {} },
    { "type": "Feature", "geometry": { "type": "Point", "coordinates": [644511.100, 6858560.400, 45.000] }, "properties": {} },
    { "type": "Feature", "geometry": { "type": "Point", "coordinates": [644511.100, 6858560.600, 45.000] }, "properties": {} },
    { "type": "Feature", "geometry": { "type": "Point", "coordinates": [644511.100, 6858560.800, 45.000] }, "properties": {} },
    { "type": "Feature", "geometry": { "type": "Point", "coordinates": [644511.100, 6858561.000, 45.000] }, "properties": {} },
    { "type": "Feature", "geometry": { "type": "Point", "coordinates": [644511.100, 6858561.200, 45.000] }, "properties": {} },
    { "type": "Feature", "geometry": { "type": "Point", "coordinates": [644511.100, 6858561.400, 45.000] }, "properties": {} },
    { "type": "Feature", "geometry": { "type": "Point", "coordinates": [644511.100, 6858561.600, 45.000] }, "properties": {} },
    { "type": "Feature", "geometry": { "type": "Point", "coordinates": [644511.100, 6858561.800, 45.000] }, "properties": {} },
    { "type": "Feature", "geometry": { "type": "Point", "coordinates": [644511.100, 6858562.000, 45.000] }, "properties": {} },
    { "type": "Feature", "geometry": { "type": "Point", "coordinates": [644511.100, 6858562.200, 45.600] }, "properties": {} },
    { "type": "Feature", "geometry": { "type": "Point", "coordinates": [644511.100, 6858562.400, 46.200] }, "properties": {} },
    { "type": "Feature", "geometry": { "type": "Point", "coordinates": [644511.100, 6858562.600, 46.800] }, "properties": {} },
    { "type": "Feature", "geometry": { "type": "Point", "coordinates": [644511.100, 6858562.800, 47.400] }, "properties": {} },
    { "type": "Feature", "geometry": { "type": "Point", "coordinates": [644511.100, 6858563.000, 48.000] }, "properties": {} },
    { "type": "Feature", "geometry": { "type": "Point", "coordinates": [644511.100, 6858563.200, 48.600] }, "properties": {} },
    { "type": "Feature", "geometry": { "type": "Point", "coordinates": [644511.100, 6858563.400, 49.200] }, "properties": {} },
    { "type": "Feature", "geometry": { "type": "Point", "coordinates": [644511.100, 6858563.600, 49.800] }, "properties": {} },
    { "type": "Feature", "geometry": { "type": "Point", "coordinates": [644511.100, 6858563.800, 50.400] }, "properties": {} },
    { "type": "Feature", "geometry": { "type": "Point", "coordinates": [644511.100, 6858564.000, 51.000] }, "properties": {} },
    { "type": "Feature", "geometry": { "type": "Point", "coordinates": [644511.100, 6858564.200, 51.600] }, "properties": {} },
    { "type": "Feature", "geometry": { "type": "Point", "coordinates": [644511.100, 6858564.400, 52.200] }, "properties": {} },
    { "type": "Feature", "geometry": { "type": "Point", "coordinates": [644511.100, 6858564.600, 52.800] }, "properties": {} },
    { "type": "Feature", "geometry": { "type": "Point", "coordinates": [644511.100, 6858564.800, 53.400] }, "properties": {} },
    { "type": "Feature", "geometry": { "type": "Point", "coordinates": [644511.100, 6858565.000, 54.000] }, "properties": {} },
    { "type": "Feature", "geometry": { "type": "Point", "coordinates": [644511.100, 6858565.200, 54.600] }, "properties": {} },
    { "type": "Feature", "geometry": { "type": "Point", "coordinates": [644511.100, 6858565.400, 55.200] }, "properties": {} },
    { "type": "Feature", "geometry": { "type": "Point", "coordinates": [644511.100, 6858565.600, 55.800] }, "properties": {} },
    { "type": "Feature", "geometry": { "type": "Point", "coordinates": [644511.100, 6858565.800, 56.400] }, "properties": {} },
    { "type": "Feature", "geometry": { "type": "Point", "coordinates": [644511.100, 6858566.000, 57.000] }, "properties": {} },
    { "type": "Feature", "geometry": { "type": "Point", "coordinates": [644511.100, 6858566.200, 57.600] }, "properties": {} },
    { "type": "Feature", "geometry": { "type": "Point", "coordinates": [644511.100, 6858566.400, 58.200] }, "properties": {} },
    { "type": "Feature", "geometry": { "type": "Point", "coordinates": [644511.100, 6858566.600, 58.800] }, "properties": {} },
    { "type": "Feature", "geometry": { "type": "Point", "coordinates": [644511.100, 6858566.800, 59.400] }, "properties": {} },
    { "type": "Feature", "geometry": { "type": "Point", "coordinates": [644511.100, 6858567.000, 60.000] }, "properties": {} },
    { "type": "Feature", "geometry": { "type": "Point", "coordinates": [644511.100, 6858567.200, 60.600] }, "properties": {} },
    { "type": "Feature", "geometry": { "type": "Point", "coordinates": [644511.100, 6858567.400, 61.200] }, "properties": {} },
    { "type": "Feature", "geometry": { "type": "Point", "coordinates": [644511.100, 6858567.600, 61.800] }, "properties": {} },
    { "type": "Feature", "geometry": { "type": "Point", "coordinates": [644511.100, 6858567.800, 62.400] }, "properties": {} },
    { "type": "Feature", "geometry": { "type": "Point", "coordinates": [644511.100, 6858568.000, 63.000] }, "properties": {} },
    { "type": "Feature", "geometry": { "type": "Point", "coordinates": [644511.100, 6858568.200, 63.600] }, "properties": {} },
    { "type": "Feature", "geometry": { "type": "Point", "coordinates": [644511.100, 6858568.400, 64.200] }, "properties": {} },
    { "type": "Feature", "geometry": { "type": "Point", "coordinates": [644511.100, 6858568.600, 64.800] }, "properties": {} },
    { "type": "Feature", "geometry": { "type": "Point", "coordinates": [644511.100, 6858568.800, 65.400] }, "properties": {} },
    { "type": "Feature", "geometry": { "type": "Point", "coordinates": [644511.100, 6858569.000, 66.000] }, "properties": {} },
    { "type": "Feature", "geometry": { "type": "Point", "coordinates": [644511.100, 6858569.200, 66.600] }, "properties": {} },
    { "type": "Feature", "geometry": { "type": "Point", "coordinates": [644511.100, 6858569.400, 67.200] }, "properties": {} },
    { "type": "Feature", "geometry": { "type": "Point", "coordinates": [644511.100, 6858569.600, 67.800] }, "properties": {} },
    { "type": "Feature", "geometry": { "type": "Point", "coordinates": [644511.100, 6858569.800, 68.400] }, "properties": {} },
    { "type": "Feature", "geometry": { "type": "Point", "coordinates": [644511.100, 6858570.000, 69.000] }, "properties": {} },
    { "type": "Feature", "geometry": { "type": "Point", "coordinates": [644511.100, 6858570.200, 69.600] }, "properties": {} },
    { "type": "Feature", "geometry": { "type": "Point", "coordinates": [644511.100, 6858570.400, 70.200] }, "properties": {} },
    { "type": "Feature", "geometry": { "type": "Point", "coordinates": [644511.100, 6858570.600, 70.800] }, "properties": {} },
    { "type": "Feature", "geometry": { "type": "Point", "coordinates": [644511.100, 6858570.800, 71.400] }, "properties": {} },
    { "type": "Feature", "geometry": { "type": "Point", "coordinates": [644511.100, 6858571.000, 72.000] }, "properties": {} },
    { "type": "Feature", "geometry": { "type": "Point", "coordinates": [644511.100, 6858571.200, 72.600] }, "properties": {} },
    { "type": "Feature", "geometry": { "type": "Point", "coordinates": [644511.100, 6858571.400, 73.200] }, "properties": {} },
    { "type": "Feature", "geometry": { "type": "Point", "coordinates": [644511.100, 6858571.600, 73.800] }, "properties": {} },
    { "type": "Feature", "geometry": { "type": "Point", "coordinates": [644511.100, 6858571.800, 74.400] }, "properties": {} },
    { "type": "Feature", "geometry": { "type": "Point", "coordinates": [644511.100, 6858572.000, 75.000] }, "properties": {} },
    { "type": "Feature", "geometry": { "type": "Point", "coordinates": [644511.100, 6858572.200, 74.400] }, "properties": {} },
    { "type": "Feature", "geometry": { "type": "Point", "coordinates": [644511.100, 6858572.400, 73.800] }, "properties": {} },
    { "type": "Feature", "geometry": { "type": "Point", "coordinates": [644511.100, 6858572.600, 73.200] }, "properties": {} },
    { "type": "Feature", "geometry": { "type": "Point", "coordinates": [644511.100, 6858572.800, 72.600] }, "properties": {} },
    { "type": "Feature", "geometry": { "type": "Point", "coordinates": [644511.100, 6858573.000, 72.000] }, "properties": {} },
    { "type": "Feature", "geometry": { "type": "Point", "coordinates": [644511.100, 6858573.200, 71.400] }, "properties": {} },
    { "type": "Feature", "geometry": { "type": "Point", "coordinates": [644511.100, 6858573.400, 70.800] }, "properties": {} },
    { "type": "Feature", "geometry": { "type": "Point", "coordinates": [644511.100, 6858573.600, 70.200] }, "properties": {} },
    { "type": "Feature", "geometry": { "type": "Point", "coordinates": [644511.100, 6858573.800, 69.600] }, "properties": {} },
    { "type": "Feature", "geometry": { "type": "Point", "coordinates": [644511.100, 6858574.000, 69.000] }, "properties": {} },
    { "type": "Feature", "geometry": { "type": "Point", "coordinates": [644511.100, 6858574.200, 68.400] }, "properties": {} },
    { "type": "Feature", "geometry": { "type": "Point", "coordinates": [644511.100, 6858574.400, 67.800] }, "properties": {} },
    { "type": "Feature", "geometry": { "type": "Point", "coordinates": [644511.100, 6858574.600, 67.200] }, "properties": {} },
    { "type": "Feature", "geometry": { "type": "Point", "coordinates": [644511.100, 6858574.800, 66.600] }, "properties": {} },
    { "type": "Feature", "geometry": { "type": "Point", "coordinates": [644511.100, 6858575.000, 66.000] }, "properties": {} },
    { "type": "Feature", "geometry": { "type": "Point", "coordinates": [644511.100, 6858575.200, 65.400] }, "properties": {} },
    { "type": "Feature", "geometry": { "type": "Point", "coordinates": [644511.100, 6858575.400, 64.800] }, "properties": {} },
    { "type": "Feature", "geometry": { "type": "Point", "coordinates": [644511.100, 6858575.600, 64.200] }, "properties": {} },
    { "type": "Feature", "geometry": { "type": "Point", "coordinates": [644511.100, 6858575.800, 63.600] }, "properties": {} },
    { "type": "Feature", "geometry": { "type": "Point", "coordinates": [644511.100, 6858576.000, 63.000] }, "properties": {} },
    { "type": "Feature", "geometry": { "type": "Point", "coordinates": [644511.100, 6858576.200, 62.400] }, "properties": {} },
    { "type": "Feature", "geometry": { "type": "Point", "coordinates": [644511.100, 6858576.400, 61.800] }, "properties": {} },
    { "type": "Feature", "geometry": { "type": "Point", "coordinates": [644511.100, 6858576.600, 61.200] }, "properties": {} },
    { "type": "Feature", "geometry": { "type": "Point", "coordinates": [644511.100, 6858576.800, 60.600] }, "properties": {} },
    { "type": "Feature", "geometry": { "type": "Point", "coordinates": [644511.100, 6858577.000, 60.000] }, "properties": {} },
    { "type": "Feature", "geometry": { "type": "Point", "coordinates": [644511.100, 6858577.200, 59.400] }, "properties": {} },
    { "type": "Feature", "geometry": { "type": "Point", "coordinates": [644511.100, 6858577.400, 58.800] }, "properties": {} },
    { "type": "Feature", "geometry": { "type": "Point", "coordinates": [644511.100, 6858577.600, 58.200] }, "properties": {} },
    { "type": "Feature", "geometry": { "type": "Point", "coordinates": [644511.100, 6858577.800, 57.600] }, "properties": {} },
    { "type": "Feature", "geometry": { "type": "Point", "coordinates": [644511.100, 6858578.000, 57.000] }, "properties": {} },
    { "type": "Feature", "geometry": { "type": "Point", "coordinates": [644511.100, 6858578.200, 56.400] }, "properties": {} },
    { "type": "Feature", "geometry": { "type": "Point", "coordinates": [644511.100, 6858578.400, 55.800] }, "properties": {} },
    { "type": "Feature", "geometry": { "type": "Point", "coordinates": [644511.100, 6858578.600, 55.200] }, "properties": {} },
    { "type": "Feature", "geometry": { "type": "Point", "coordinates": [644511.100, 6858578.800, 54.600] }, "properties": {} },
    { "type": "Feature", "geometry": { "type": "Point", "coordinates": [644511.100, 6858579.000, 54.000] }, "properties": {} },
    { "type": "Feature", "geometry": { "type": "Point", "coordinates": [644511.100, 6858579.200, 53.400] }, "properties": {} },
    { "type": "Feature", "geometry": { "type": "Point", "coordinates": [644511.100, 6858579.400, 52.800] }, "properties": {} },
    { "type": "Feature", "geometry": { "type": "Point", "coordinates": [644511.100, 6858579.600, 52.200] }, "properties": {} },
    { "type": "Feature", "geometry": { "type": "Point", "coordinates": [644511.100, 6858579.800, 51.600] }, "properties": {} },
    { "type": "Feature", "geometry": { "type": "Point", "coordinates": [644511.100, 6858580.000, 51.000] }, "properties": {} },
    { "type": "Feature", "geometry": { "type": "Point", "coordinates": [644511.100, 6858580.200, 50.400] }, "properties": {} },
    { "type": "Feature", "geometry": { "type": "Point", "coordinates": [644511.100, 6858580.400, 49.800] }, "properties": {} },
    { "type": "Feature", "geometry": { "type": "Point", "coordinates": [644511.100, 6858580.600, 49.200] }, "properties": {} },
    { "type": "Feature", "geometry": { "type": "Point", "coordinates": [644511.100, 6858580.800, 48.600] }, "properties": {} },
    { "type": "Feature", "geometry": { "type": "Point", "coordinates": [644511.100, 6858581.000, 48.000] }, "properties": {} },
    { "type": "Feature", "geometry": { "type": "Point", "coordinates": [644511.100, 6858581.200, 47.400] }, "properties": {} },
    { "type": "Feature", "geometry": { "type": "Point", "coordinates": [644511.100, 6858581.400, 46.800] }, "properties": {} },
    { "type": "Feature", "geometry": { "type": "Point", "coordinates": [644511.100, 6858581.600, 46.200] }, "properties": {} },
    { "type": "Feature", "geometry": { "type": "Point", "coordinates": [644511.100, 6858581.800, 45.600] }, "properties": {} },
    { "type": "Feature", "geometry": { "type": "Point", "coordinates": [644511.100, 6858552.000, 40.000] }, "properties": {} },
    { "type": "Feature", "geometry": { "type": "Point", "coordinates": [644511.100, 6858552.200, 40.000] }, "properties": {} },
    { "type": "Feature", "geometry": { "type": "Point", "coordinates": [644511.100, 6858552.400, 40.000] }, "properties": {} },
    { "type": "Feature", "geometry": { "type": "Point", "coordinates": [644511.100, 6858552.600, 40.000] }, "properties": {} },
    { "type": "Feature", "geometry": { "type": "Point", "coordinates": [644511.100, 6858552.800, 40.000] }, "properties": {} },
    { "type": "Feature", "geometry": { "type": "Point", "coordinates": [644511.100, 6858553.000, 40.000] }, "properties": {} },
    { "type": "Feature", "geometry": { "type": "Point", "coordinates": [644511.100, 6858553.200, 40.000] }, "properties": {} },
    { "type": "Feature", "geometry": { "type": "Point", "coordinates": [644511.100, 6858553.400, 40.000] }, "properties": {} },
    { "type": "Feature", "geometry": { "type": "Point", "coordinates": [644511.100, 6858553.600, 40.000] }, "properties": {} },
    { "type": "Feature", "geometry": { "type": "Point", "coordinates": [644511.100, 6858553.800, 40.000] }, "properties": {} },
    { "type": "Feature", "geometry": { "type": "Point", "coordinates": [644511.100, 6858554.000, 40.000] }, "properties": {} },
    { "type": "Feature", "geometry": { "type": "Point", "coordinates": [644511.100, 6858554.200, 40.000] }, "properties": {} },
    { "type": "Feature", "geometry": { "type": "Point", "coordinates": [644511.100, 6858554.400, 40.000] }, "properties": {} },
    { "type": "Feature", "geometry": { "type": "Point", "coordinates": [644511.100, 6858554.600, 40.000] }, "properties": {} },
    { "type": "Feature", "geometry": { "type": "Point", "coordinates": [644511.100, 6858554.800, 40.000] }, "properties": {} },
    { "type": "Feature", "geometry": { "type": "Point", "coordinates": [644511.100, 6858555.000, 40.000] }, "properties": {} },
    { "type": "Feature", "geometry": { "type": "Point", "coordinates": [644511.100, 6858555.200, 40.000] }, "properties": {} },
    { "type": "Feature", "geometry": { "type": "Point", "coordinates": [644511.100, 6858555.400, 40.000] }, "properties": {} },
    { "type": "Feature", "geometry": { "type": "Point", "coordinates": [644511.100, 6858555.600, 40.000] }, "properties": {} },
    { "type": "Feature", "geometry": { "type": "Point", "coordinates": [644511.100, 6858555.800, 40.000] }, "properties": {} },
    { "type": "Feature", "geometry": { "type": "Point", "coordinates": [644511.100, 6858556.000, 40.000] }, "properties": {} },
    { "type": "Feature", "geometry": { "type": "Point", "coordinates": [644511.100, 6858556.200, 40.000] }, "properties": {} },
    { "type": "Feature", "geometry": { "type": "Point", "coordinates": [644511.100, 6858556.400, 40.000] }, "properties": {} },
    { "type": "Feature", "geometry": { "type": "Point", "coordinates": [644511.100, 6858556.600, 40.000] }, "properties": {} },
    { "type": "Feature", "geometry": { "type": "Point", "coordinates": [644511.100, 6858556.800, 40.000] }, "properties": {} },
    { "type": "Feature", "geometry": { "type": "Point", "coordinates": [644511.100, 6858557.000, 40.000] }, "properties": {} },
    { "type": "Feature", "geometry": { "type": "Point", "coordinates": [644511.100, 6858557.200, 40.000] }, "properties": {} },
    { "type": "Feature", "geometry": { "type": "Point", "coordinates": [644511.100, 6858557.400, 40.000] }, "properties": {} },
    { "type": "Feature", "geometry": { "type": "Point", "coordinates": [644511.100, 6858557.600, 40.000] }, "properties": {} },
    { "type": "Feature", "geometry": { "type": "Point", "coordinates": [644511.100, 6858557.800, 40.000] }, "properties": {} },
    { "type": "Feature", "geometry": { "type": "Point", "coordinates": [644511.100, 6858558.000, 40.000] }, "properties": {} },
    { "type": "Feature", "geometry": { "type": "Point", "coordinates": [644511.100, 6858558.200, 40.000] }, "properties": {} },
    { "type": "Feature", "geometry": { "type": "Point", "coordinates": [644511.100, 6858558.400, 40.000] }, "properties": {} },
    { "type": "Feature", "geometry": { "type": "Point", "coordinates": [644511.100, 6858558.600, 40.000] }, "properties": {} },
    { "type": "Feature", "geometry": { "type": "Point", "coordinates": [644511.100, 6858558.800, 40.000] }, "properties": {} },
    { "type": "Feature", "geometry": { "type": "Point", "coordinates": [644511.100, 6858559.000, 40.000] }, "properties": {} },
    { "type": "Feature", "geometry": { "type": "Point", "coordinates": [644511.100, 6858559.200, 40.000] }, "properties": {} },
    { "type": "Feature", "geometry": { "type": "Point", "coordinates": [644511.100, 6858559.400, 40.000] }, "properties": {} },
    { "type": "Feature", "geometry": { "type": "Point", "coordinates": [644511.100, 6858559.600, 40.000] }, "properties": {} },
    { "type": "Feature", "geometry": { "type": "Point", "coordinates": [644511.100, 6858559.800, 40.000] }, "properties": {} },
    { "type": "Feature", "geometry": { "type": "Point", "coordinates": [644511.100, 6858560.000, 40.000] }, "properties": {} },
    { "type": "Feature", "geometry": { "type": "Point", "coordinates": [644511.100, 6858560.200, 40.000] }, "properties": {} },
    { "type": "Feature", "geometry": { "type": "Point", "coordinates": [644511.100, 6858560.400, 40.000] }, "properties": {} },
    { "type": "Feature", "geometry": { "type": "Point", "coordinates": [644511.100, 6858560.600, 40.000] }, "properties": {} },
    { "type": "Feature", "geometry": { "type": "Point", "coordinates": [644511.100, 6858560.800, 40.000] }, "properties": {} },
    { "type": "Feature", "geometry": { "type": "Point", "coordinates": [644511.100, 6858561.000, 40.000] }, "properties": {} },
    { "type": "Feature", "geometry": { "type": "Point", "coordinates": [644511.100, 6858561.200, 40.000] }, "properties": {} },
    { "type": "Feature", "geometry": { "type": "Point", "coordinates": [644511.100, 6858561.400, 40.000] }, "properties": {} },
    { "type": "Feature", "geometry": { "type": "Point", "coordinates": [644511.100, 6858561.600, 40.000] }, "properties": {} },
    { "type": "Feature", "geometry": { "type": "Point", "coordinates": [644511.100, 6858561.800, 40.000] }, "properties": {} },
    { "type": "Feature", "geometry": { "type": "Point", "coordinates": [644511.100, 6858562.000, 40.000] }, "properties": {} },
    { "type": "Feature", "geometry": { "type": "Point", "coordinates": [644511.100, 6858562.200, 40.000] }, "properties": {} },
    { "type": "Feature", "geometry": { "type": "Point", "coordinates": [644511.100, 6858562.400, 40.000] }, "properties": {} },
    { "type": "Feature", "geometry": { "type": "Point", "coordinates": [644511.100, 6858562.600, 40.000] }, "properties": {} },
    { "type": "Feature", "geometry": { "type": "Point", "coordinates": [644511.100, 6858562.800, 40.000] }, "properties": {} },
    { "type": "Feature", "geometry": { "type": "Point", "coordinates": [644511.100, 6858563.000, 40.000] }, "properties": {} },
    { "type": "Feature", "geometry": { "type": "Point", "coordinates": [644511.100, 6858563.200, 40.000] }, "properties": {} },
    { "type": "Feature", "geometry": { "type": "Point", "coordinates": [644511.100, 6858563.400, 40.000] }, "properties": {} },
    { "type": "Feature", "geometry": { "type": "Point", "coordinates": [644511.100, 6858563.600, 40.000] }, "properties": {} },
    { "type": "Feature", "geometry": { "type": "Point", "coordinates": [644511.100, 6858563.800, 40.000] }, "properties": {} },
    { "type": "Feature", "geometry": { "type": "Point", "coordinates": [644511.100, 6858564.000, 40.000] }, "properties": {} },
    { "type": "Feature", "geometry": { "type": "Point", "coordinates": [644511.100, 6858564.200, 40.000] }, "properties": {} },
    { "type": "Feature", "geometry": { "type": "Point", "coordinates": [644511.100, 6858564.400, 40.000] }, "properties": {} },
    { "type": "Feature", "geometry": { "type": "Point", "coordinates": [644511.100, 6858564.600, 40.000] }, "properties": {} },
    { "type": "Feature", "geometry": { "type": "Point", "coordinates": [644511.100, 6858564.800, 40.000] }, "properties": {} },
    { "type": "Feature", "geometry": { "type": "Point", "coordinates": [644511.100, 6858565.000, 40.000] }, "properties": {} },
    { "type": "Feature", "geometry": { "type": "Point", "coordinates": [644511.100, 6858565.200, 40.000] }, "properties": {} },
    { "type": "Feature", "geometry": { "type": "Point", "coordinates": [644511.100, 6858565.400, 40.000] }, "properties": {} },
    { "type": "Feature", "geometry": { "type": "Point", "coordinates": [644511.100, 6858565.600, 40.000] }, "properties": {} },
    { "type": "Feature", "geometry": { "type": "Point", "coordinates": [644511.100, 6858565.800, 40.000] }, "properties": {} },
    { "type": "Feature", "geometry": { "type": "Point", "coordinates": [644511.100, 6858566.000, 40.000] }, "properties": {} },
    { "type": "Feature", "geometry": { "type": "Point", "coordinates": [644511.100, 6858566.200, 40.000] }, "properties": {} },
    { "type": "Feature", "geometry": { "type": "Point", "coordinates": [644511.100, 6858566.400, 40.000] }, "properties": {} },
    { "type": "Feature", "geometry": { "type": "Point", "coordinates": [644511.100, 6858566.600, 40.000] }, "properties": {} },
    { "type": "Feature", "geometry": { "type": "Point", "coordinates": [644511.100, 6858566.800, 40.000] }, "properties": {} },
    { "type": "Feature", "geometry": { "type": "Point", "coordinates": [644511.100, 6858567.000, 40.000] }, "properties": {} },
    { "type": "Feature", "geometry": { "type": "Point", "coordinates": [644511.100, 6858567.200, 40.000] }, "properties": {} },
    { "type": "Feature", "geometry": { "type": "Point", "coordinates": [644511.100, 6858567.400, 40.000] }, "properties": {} },
    { "type": "Feature", "geometry": { "type": "Point", "coordinates": [644511.100, 6858567.600, 40.000] }, "properties": {} },
    { "type": "Feature", "geometry": { "type": "Point", "coordinates": [644511.100, 6858567.800, 40.000] }, "properties": {} },
    { "type": "Feature", "geometry": { "type": "Point", "coordinates": [644511.100, 6858568.000, 40.000] }, "properties": {} },
    { "type": "Feature", "geometry": { "type": "Point", "coordinates": [644511.100, 6858568.200, 40.000] }, "properties": {} },
    { "type": "Feature", "geometry": { "type": "Point", "coordinates": [644511.100, 6858568.400, 40.000] }, "properties": {} },
    { "type": "Feature", "geometry": { "type": "Point", "coordinates": [644511.100, 6858568.600, 40.000] }, "properties": {} },
    { "type": "Feature", "geometry": { "type": "Point", "coordinates": [644511.100, 6858568.800, 40.000] }, "properties": {} },
    { "type": "Feature", "geometry": { "type": "Point", "coordinates": [644511.100, 6858569.000, 40.000] }, "properties": {} },
    { "type": "Feature", "geometry": { "type": "Point", "coordinates": [644511.100, 6858569.200, 40.000] }, "properties": {} },
    { "type": "Feature", "geometry": { "type": "Point", "coordinates": [644511.100, 6858569.400, 40.000] }, "properties": {} },
    { "type": "Feature", "geometry": { "type": "Point", "coordinates": [644511.100, 6858569.600, 40.000] }, "properties": {} },
    { "type": "Feature", "geometry": { "type": "Point", "coordinates": [644511.100, 6858569.800, 40.000] }, "properties": {} },
    { "type": "Feature", "geometry": { "type": "Point", "coordinates": [644511.100, 6858570.000, 40.000] }, "properties": {} },
    { "type": "Feature", "geometry": { "type": "Point", "coordinates": [644511.100, 6858570.200, 40.000] }, "properties": {} },
    { "type": "Feature", "geometry": { "type": "Point", "coordinates": [644511.100, 6858570.400, 40.000] }, "properties": {} },
    { "type": "Feature", "geometry": { "type": "Point", "coordinates": [644511.100, 6858570.600, 40.000] }, "properties": {} },
    { "type": "Feature", "geometry": { "type": "Point", "coordinates": [644511.100, 6858570.800, 40.000] }, "properties": {} },
    { "type": "Feature", "geometry": { "type": "Point", "coordinates": [644511.100, 6858571.000, 40.000] }, "properties": {} },
    { "type": "Feature", "geometry": { "type": "Point", "coordinates": [644511.100, 6858571.200, 40.000] }, "properties": {} },
    { "type": "Feature", "geometry": { "type": "Point", "coordinates": [644511.100, 6858571.400, 40.000] }, "properties": {} },
    { "type": "Feature", "geometry": { "type": "Point", "coordinates": [644511.100, 6858571.600, 40.000] }, "properties": {} },
    { "type": "Feature", "geometry": { "type": "Point", "coordinates": [644511.100, 6858571.800, 40.000] }, "properties": {} },
    { "type": "Feature", "geometry": { "type": "Point", "coordinates": [644511.100, 6858572.000, 40.000] }, "properties": {} },
    { "type": "Feature", "geometry": { "type": "Point", "coordinates": [644511.100, 6858572.200, 40.000] }, "properties": {} },
    { "type": "Feature", "geometry": { "type": "Point", "coordinates": [644511.100, 6858572.400, 40.000] }, "properties": {} },
    { "type": "Feature", "geometry": { "type": "Point", "coordinates": [644511.100, 6858572.600, 40.000] }, "properties": {} },
    { "type": "Feature", "geometry": { "type": "Point", "coordinates": [644511.100, 6858572.800, 40.000] }, "properties": {} },
    { "type": "Feature", "geometry": { "type": "Point", "coordinates": [644511.100, 6858573.000, 40.000] }, "properties": {} },
    { "type": "Feature", "geometry": { "type": "Point", "coordinates": [644511.100, 6858573.200, 40.000] }, "properties": {} },
    { "type": "Feature", "geometry": { "type": "Point", "coordinates": [644511.100, 6858573.400, 40.000] }, "properties": {} },
    { "type": "Feature", "geometry": { "type": "Point", "coordinates": [644511.100, 6858573.600, 40.000] }, "properties": {} },
    { "type": "Feature", "geometry": { "type": "Point", "coordinates": [644511.100, 6858573.800, 40.000] }, "properties": {} },
    { "type": "Feature", "geometry": { "type": "Point", "coordinates": [644511.100, 6858574.000, 40.000] }, "properties": {} },
    { "type": "Feature", "geometry": { "type": "Point", "coordinates": [644511.100, 6858574.200, 40.000] }, "properties": {} },
    { "type": "Feature", "geometry": { "type": "Point", "coordinates": [644511.100, 6858574.400, 40.000] }, "properties": {} },
    { "type": "Feature", "geometry": { "type": "Point", "coordinates": [644511.100, 6858574.600, 40.000] }, "properties": {} },
    { "type": "Feature", "geometry": { "type": "Point", "coordinates": [644511.100, 6858574.800, 40.000] }, "properties": {} },
    { "type": "Feature", "geometry": { "type": "Point", "coordinates": [644511.100, 6858575.000, 40.000] }, "properties": {} },
    { "type": "Feature", "geometry": { "type": "Point", "coordinates": [644511.100, 6858575.200, 40.000] }, "properties": {} },
    { "type": "Feature", "geometry": { "type": "Point", "coordinates": [644511.100, 6858575.400, 40.000] }, "properties": {} },
    { "type": "Feature", "geometry": { "type": "Point", "coordinates": [644511.100, 6858575.600, 40.000] }, "properties": {} },
    { "type": "Feature", "geometry": { "type": "Point", "coordinates": [644511.100, 6858575.800, 40.000] }, "properties": {} },
    { "type": "Feature", "geometry": { "type": "Point", "coordinates": [644511.100, 6858576.000, 40.000] }, "properties": {} },
    { "type": "Feature", "geometry": { "type": "Point", "coordinates": [644511.100, 6858576.200, 40.000] }, "properties": {} },
    { "type": "Feature", "geometry": { "type": "Point", "coordinates": [644511.100, 6858576.400, 40.000] }, "properties": {} },
    { "type": "Feature", "geometry": { "type": "Point", "coordinates": [644511.100, 6858576.600, 40.000] }, "properties": {} },
    { "type": "Feature", "geometry": { "type": "Point", "coordinates": [644511.100, 6858576.800, 40.000] }, "properties": {} },
    { "type": "Feature", "geometry": { "type": "Point", "coordinates": [644511.100, 6858577.000, 40.000] }, "properties": {} },
    { "type": "Feature", "geometry": { "type": "Point", "coordinates": [644511.100, 6858577.200, 40.000] }, "properties": {} },
    { "type": "Feature", "geometry": { "type": "Point", "coordinates": [644511.100, 6858577.400, 40.000] }, "properties": {} },
    { "type": "Feature", "geometry": { "type": "Point", "coordinates": [644511.100, 6858577.600, 40.000] }, "properties": {} },
    { "type": "Feature", "geometry": { "type": "Point", "coordinates": [644511.100, 6858577.800, 40.000] }, "properties": {} },
    { "type": "Feature", "geometry": { "type": "Point", "coordinates": [644511.100, 6858578.000, 40.000] }, "properties": {} },
    { "type": "Feature", "geometry": { "type": "Point", "coordinates": [644511.100, 6858578.200, 40.000] }, "properties": {} },
    { "type": "Feature", "geometry": { "type": "Point", "coordinates": [644511.100, 6858578.400, 40.000] }, "properties": {} },
    { "type": "Feature", "geometry": { "type": "Point", "coordinates": [644511.100, 6858578.600, 40.000] }, "properties": {} },
    { "type": "Feature", "geometry": { "type": "Point", "coordinates": [644511.100, 6858578.800, 40.000] }, "properties": {} },
    { "type": "Feature", "geometry": { "type": "Point", "coordinates": [644511.100, 6858579.000, 40.000] }, "properties": {} },
    { "type": "Feature", "geometry": { "type": "Point", "coordinates": [644511.100, 6858579.200, 40.000] }, "properties": {} },
    { "type": "Feature", "geometry": { "type": "Point", "coordinates": [644511.100, 6858579.400, 40.000] }, "properties": {} },
    { "type": "Feature", "geometry": { "type": "Point", "coordinates": [644511.100, 6858579.600, 40.000] }, "properties": {} },
    { "type": "Feature", "geometry": { "type": "Point", "coordinates": [644511.100, 6858579.800, 40.000] }, "properties": {} },
    { "type": "Feature", "geometry": { "type": "Point", "coordinates": [644511.100, 6858580.000, 40.000] }, "properties": {} },
    { "type": "Feature", "geometry": { "type": "Point", "coordinates": [644511.100, 6858580.200, 40.000] }, "properties": {} },
    { "type": "Feature", "geometry": { "type": "Point", "coordinates": [644511.100, 6858580.400, 40.000] }, "properties": {} },
    { "type": "Feature", "geometry": { "type": "Point", "coordinates": [644511.100, 6858580.600, 40.000] }, "properties": {} },
    { "type": "Feature", "geometry": { "type": "Point", "coordinates": [644511.100, 6858580.800, 40.000] }, "properties": {} },
    { "type": "Feature", "geometry": { "type": "Point", "coordinates": [644511.100, 6858581.000, 40.000] }, "properties": {} },
    { "type": "Feature", "geometry": { "type": "Point", "coordinates": [644511.100, 6858581.200, 40.000] }, "properties": {} },
    { "type": "Feature", "geometry": { "type": "Point", "coordinates": [644511.100, 6858581.400, 40.000] }, "properties": {} },
    { "type": "Feature", "geometry": { "type": "Point", "coordinates": [644511.100, 6858581.600, 40.000] }, "properties": {} },
    { "type": "Feature", "geometry": { "type": "Point", "coordinates": [644511.100, 6858581.800, 40.000] }, "properties": {} },
    { "type": "Feature", "geometry": { "type": "Point", "coordinates": [644511.100, 6858582.000, 40.000] }, "properties": {} },
    { "type": "Feature", "geometry": { "type": "Point", "coordinates": [644511.100, 6858582.200, 40.000] }, "properties": {} },
    { "type": "Feature", "geometry": { "type": "Point", "coordinates": [644511.100, 6858582.400, 40.000] }, "properties": {} },
    { "type": "Feature", "geometry": { "type": "Point", "coordinates": [644511.100, 6858582.600, 40.000] }, "properties": {} },
    { "type": "Feature", "geometry": { "type": "Point", "coordinates": [644511.100, 6858582.800, 40.000] }, "properties": {} },
    { "type": "Feature", "geometry": { "type": "Point", "coordinates": [644511.100, 6858583.000, 40.000] }, "properties": {} },
    { "type": "Feature", "geometry": { "type": "Point", "coordinates": [644511.100, 6858583.200, 40.000] }, "properties": {} },
    { "type": "Feature", "geometry": { "type": "Point", "coordinates": [644511.100, 6858583.400, 40.000] }, "properties": {} },
    { "type": "Feature", "geometry": { "type": "Point", "coordinates": [644511.100, 6858583.600, 40.000] }, "properties": {} },
    { "type": "Feature", "geometry": { "type": "Point", "coordinates": [644511.100, 6858583.800, 40.000] }, "properties": {} },
    { "type": "Feature", "geometry": { "type": "Point", "coordinates": [644511.100, 6858584.000, 40.000] }, "properties": {} },
    { "type": "Feature", "geometry": { "type": "Point", "coordinates": [644511.100, 6858584.200, 40.000] }, "properties": {} },
    { "type": "Feature", "geometry": { "type": "Point", "coordinates": [644511.100, 6858584.400, 40.000] }, "properties": {} },
    { "type": "Feature", "geometry": { "type": "Point", "coordinates": [644511.100, 6858584.600, 40.000] }, "properties": {} },
    { "type": "Feature", "geometry": { "type": "Point", "coordinates": [644511.100, 6858584.800, 40.000] }, "properties": {} },
    { "type": "Feature", "geometry": { "type": "Point", "coordinates": [644511.100, 6858585.000, 40.000] }, "properties": {} },
    { "type": "Feature", "geometry": { "type": "Point", "coordinates": [644511.100, 6858585.200, 40.000] }, "properties": {} },
    { "type": "Feature", "geometry": { "type": "Point", "coordinates": [644511.100, 6858585.400, 40.000] }, "properties": {} },
    { "type": "Feature", "geometry": { "type": "Point", "coordinates": [644511.100, 6858585.600, 40.000] }, "properties": {} },
    { "type": "Feature", "geometry": { "type": "Point", "coordinates": [644511.100, 6858585.800, 40.000] }, "properties": {} },
    { "type": "Feature", "geometry": { "type": "Point", "coordinates": [644511.100, 6858586.000, 40.000] }, "properties": {} },
    { "type": "Feature", "geometry": { "type": "Point", "coordinates": [644511.100, 6858586.200, 40.000] }, "properties": {} },
    { "type": "Feature", "geometry": { "type": "Point", "coordinates": [644511.100, 6858586.400, 40.000] }, "properties": {} },
    { "type": "Feature", "geometry": { "type": "Point", "coordinates": [644511.100, 6858586.600, 40.000] }, "properties": {} },
    { "type": "Feature", "geometry": { "type": "Point", "coordinates": [644511.100, 6858586.800, 40.000] }, "properties": {} },
    { "type": "Feature", "geometry": { "type": "Point", "coordinates": [644511.100, 6858587.000, 40.000] }, "properties": {} },
    { "type": "Feature", "geometry": { "type": "Point", "coordinates": [644511.100, 6858587.200, 40.000] }, "properties": {} },
    { "type": "Feature", "geometry": { "type": "Point", "coordinates": [644511.100, 6858587.400, 40.000] }, "properties": {} },
    { "type": "Feature", "geometry": { "type": "Point", "coordinates": [644511.100, 6858587.600, 40.000] }, "properties": {} },
    { "type": "Feature", "geometry": { "type": "Point", "coordinates": [644511.100, 6858587.800, 40.000] }, "properties": {} },
    { "type": "Feature", "geometry": { "type": "Point", "coordinates": [644511.100, 6858588.000, 40.000] }, "properties": {} },
    { "type": "Feature", "geometry": { "type": "Point", "coordinates": [644511.100, 6858588.200, 40.000] }, "properties": {} },
    { "type": "Feature", "geometry": { "type": "Point", "coordinates": [644511.100, 6858588.400, 40.000] }, "properties": {} },
    { "type": "Feature", "geometry": { "type": "Point", "coordinates": [644511.100, 6858588.600, 40.000] }, "properties": {} },
    { "type": "Feature", "geometry": { "type": "Point", "coordinates": [644511.100, 6858588.800, 40.000] }, "properties": {} },
    { "type": "Feature", "geometry": { "type": "Point", "coordinates": [644511.100, 6858589.000, 40.000] }, "properties": {} },
    { "type": "Feature", "geometry": { "type": "Point", "coordinates": [644511.100, 6858589.200, 40.000] }, "properties": {} },
    { "type": "Feature", "geometry": { "type": "Point", "coordinates": [644511.100, 6858589.400, 40.000] }, "properties": {} },
    { "type": "Feature", "geometry": { "type": "Point", "coordinates": [644511.100, 6858589.600, 40.000] }, "properties": {} },
    { "type": "Feature", "geometry": { "type": "Point", "coordinates": [644511.100, 6858589.800, 40.000] }, "properties": {} },
    { "type": "Feature", "geometry": { "type": "Point", "coordinates": [644511.100, 6858590.000, 40.000] }, "properties": {} },
    { "type": "Feature", "geometry": { "type": "Point", "coordinates": [644511.100, 6858590.200, 40.000] }, "properties": {} },
    { "type": "Feature", "geometry": { "type": "Point", "coordinates": [644511.100, 6858590.400, 40.000] }, "properties": {} },
    { "type": "Feature", "geometry": { "type": "Point", "coordinates": [644511.100, 6858590.600, 40.000] }, "properties": {} },
    { "type": "Feature", "geometry": { "type": "Point", "coordinates": [644511.100, 6858590.800, 40.000] }, "properties": {} },
    { "type": "Feature", "geometry": { "type": "Point", "coordinates": [644511.100, 6858591.000, 40.000] }, "properties": {} },
    { "type": "Feature", "geometry": { "type": "Point", "coordinates": [644511.100, 6858591.200, 40.000] }, "properties": {} },
    { "type": "Feature", "geometry": { "type": "Point", "coordinates": [644511.100, 6858591.400, 40.000] }, "properties": {} },
    { "type": "Feature", "geometry": { "type": "Point", "coordinates": [644511.100, 6858591.600, 40.000] }, "properties": {} },
    { "type": "Feature", "geometry": { "type": "Point", "coordinates": [644511.100, 6858591.800, 40.000] }, "properties": {} }
  ]
}
