{
  "features" : [ {
    "geometry" : {
      "coordinates" : [ [ [ [ 7.000473998486996, 43.549790583026265 ], [ 7.000477015972138, 43.549790583026265 ], [ 7.000477686524392, 43.549790340026206 ], [ 7.000478692352772, 43.54978985402609 ], [ 7.000479362905026, 43.549789368025955 ], [ 7.000480704009534, 43.54978863902575 ], [ 7.000481709837914, 43.54978791002554 ], [ 7.000482715666294, 43.54978791002554 ], [ 7.000483721494676, 43.54978718102533 ], [ 7.000486068427564, 43.54978718102533 ], [ 7.000487074255944, 43.54978718102533 ], [ 7.000491097569466, 43.54978693802526 ], [ 7.000492103397846, 43.54978693802526 ], [ 7.000492103397846, 43.54978329302402 ], [ 7.00049176812172, 43.5497774610216 ], [ 7.00049076229334, 43.54977721802148 ], [ 7.000490427017212, 43.54977673202125 ], [ 7.000489756464958, 43.549776489021134 ], [ 7.000489421188832, 43.549776003020895 ], [ 7.000488750636578, 43.549775517020656 ], [ 7.000488415360452, 43.54977503102042 ], [ 7.000488415360452, 43.549773816019794 ], [ 7.000488080084324, 43.5497730870194 ], [ 7.00048740953207, 43.549772358019005 ], [ 7.00048740953207, 43.54977187201873 ], [ 7.000486068427564, 43.54977090001819 ], [ 7.000482715666294, 43.549771143018326 ], [ 7.00048204511404, 43.549771143018326 ], [ 7.000479362905026, 43.54977090001819 ], [ 7.000478357076646, 43.54977065701805 ], [ 7.000476680696012, 43.54977017101776 ], [ 7.000476010143758, 43.54977017101776 ], [ 7.000475339591504, 43.54976968501747 ], [ 7.000475339591504, 43.54976871301689 ], [ 7.00047466903925, 43.549768227016585 ], [ 7.00047466903925, 43.549767012015835 ], [ 7.000473998486996, 43.54976652601552 ], [ 7.000470981001854, 43.54976652601552 ], [ 7.000470645725728, 43.549767012015835 ], [ 7.000469975173474, 43.54976798401645 ], [ 7.000469975173474, 43.549768470016744 ], [ 7.000468969345094, 43.549769199017184 ], [ 7.000467628240586, 43.54977017101776 ], [ 7.000465616583824, 43.5497716290186 ], [ 7.000465616583824, 43.54977405901992 ], [ 7.000466287136078, 43.549774788020294 ], [ 7.000466287136078, 43.54977624602102 ], [ 7.000467963516712, 43.5497774610216 ], [ 7.00046930462122, 43.54977819002194 ], [ 7.000469975173474, 43.54977867602215 ], [ 7.000469975173474, 43.549779648022565 ], [ 7.000472657382488, 43.54977989102268 ], [ 7.00047366321087, 43.549780134022775 ], [ 7.00047466903925, 43.549780863023074 ], [ 7.00047567486763, 43.549781592023365 ], [ 7.000477015972138, 43.54978207802357 ], [ 7.000478692352772, 43.54978207802357 ], [ 7.000479698181152, 43.54978232102366 ], [ 7.000480704009534, 43.54978256402375 ], [ 7.000481374561788, 43.54978305002395 ], [ 7.000481374561788, 43.5497837790242 ], [ 7.00048103928566, 43.54978426502437 ], [ 7.000480368733406, 43.54978450802446 ], [ 7.00048003345728, 43.549784994024634 ], [ 7.00048003345728, 43.54978548002478 ], [ 7.0004790276289, 43.54978620902503 ], [ 7.000478357076646, 43.54978645202511 ], [ 7.000477686524392, 43.54978645202511 ], [ 7.000476680696012, 43.54978669502518 ], [ 7.000476010143758, 43.54978718102533 ], [ 7.000475339591504, 43.54978718102533 ], [ 7.00047466903925, 43.54978766702548 ], [ 7.000473998486996, 43.54978863902575 ], [ 7.000473998486996, 43.549790583026265 ] ] ] ],
      "type" : "MultiPolygon"
    },
    "type" : "Feature",
    "properties" : {
      "zoom" : 20,
      "id" : "07ac58e9-9d4c-4159-8091-df63093f7f5a",
      "label" : "HUMIDITE_CLAIR",
      "confidence" : null
    }
  }, {
    "geometry" : {
      "coordinates" : [ [ [ [ 7.000409290194512, 43.54976798401645 ], [ 7.000413313508034, 43.549768227016585 ], [ 7.000414319336414, 43.549767741016296 ], [ 7.000415660440922, 43.54976749801614 ], [ 7.000417672097684, 43.54976749801614 ], [ 7.00041800737381, 43.54976482501439 ], [ 7.000417672097684, 43.54976433901406 ], [ 7.000417672097684, 43.54976361001356 ], [ 7.00041901320219, 43.54976336701339 ], [ 7.00041901320219, 43.54976045101128 ], [ 7.000419348478318, 43.549759479010554 ], [ 7.000419683754444, 43.54975777800922 ], [ 7.000420689582826, 43.54975753500903 ], [ 7.000422030687332, 43.54975777800922 ], [ 7.000422030687332, 43.5497585070098 ], [ 7.000421360135078, 43.549758750009985 ], [ 7.000421360135078, 43.54976069401146 ], [ 7.00042437762022, 43.54976093701164 ], [ 7.000425383448602, 43.54976045101128 ], [ 7.000426389276982, 43.54976045101128 ], [ 7.000426389276982, 43.54975899301017 ], [ 7.000427059829236, 43.54975826400961 ], [ 7.000427059829236, 43.54975704900865 ], [ 7.00042773038149, 43.54975656300826 ], [ 7.000429071485996, 43.54975656300826 ], [ 7.000429071485996, 43.54975486200685 ], [ 7.000429406762124, 43.54975437600644 ], [ 7.000430412590504, 43.54975364700581 ], [ 7.000431753695012, 43.54975340400561 ], [ 7.00043309479952, 43.54975389000602 ], [ 7.0004341006279, 43.54975413300623 ], [ 7.00043611228466, 43.54975486200685 ], [ 7.000437453389168, 43.549755834007655 ], [ 7.000438123941422, 43.549755834007655 ], [ 7.000439129769802, 43.549756806008446 ], [ 7.00044047087431, 43.549757292008834 ], [ 7.000444158911706, 43.549757292008834 ], [ 7.000445164740086, 43.54975753500903 ], [ 7.00044583529234, 43.54975777800922 ], [ 7.00044684112072, 43.5497585070098 ], [ 7.0004478469491, 43.549758750009985 ], [ 7.000449523329736, 43.549758750009985 ], [ 7.00045019388199, 43.54975923601037 ], [ 7.000450864434242, 43.549759479010554 ], [ 7.000452876091004, 43.549759722010734 ], [ 7.000456899404526, 43.549759722010734 ], [ 7.00045756995678, 43.549759479010554 ], [ 7.000458911061288, 43.5497585070098 ], [ 7.000459581613542, 43.54975826400961 ], [ 7.000460252165794, 43.54975826400961 ], [ 7.000460922718048, 43.54975777800922 ], [ 7.000460922718048, 43.549757292008834 ], [ 7.000461593270302, 43.549756806008446 ], [ 7.000465616583824, 43.549756806008446 ], [ 7.000466622412206, 43.54975559100746 ], [ 7.000468634068966, 43.54975510500705 ], [ 7.00046930462122, 43.54975413300623 ], [ 7.000469639897346, 43.549752675004974 ], [ 7.000469639897346, 43.549749759002346 ], [ 7.00046930462122, 43.54974854400121 ], [ 7.000468634068966, 43.549747572000285 ], [ 7.000468634068966, 43.549747085999805 ], [ 7.00046829879284, 43.549746599999345 ], [ 7.000465616583824, 43.549746599999345 ], [ 7.00046494603157, 43.549746113998864 ], [ 7.000464610755444, 43.54974562799839 ], [ 7.000464275479318, 43.54974489899766 ], [ 7.00046394020319, 43.54974416999691 ], [ 7.000463604927064, 43.549743440996174 ], [ 7.000463269650936, 43.549741982994654 ], [ 7.000463269650936, 43.54974125399388 ], [ 7.00046394020319, 43.5497405249931 ], [ 7.000464275479318, 43.54973930999178 ], [ 7.000464275479318, 43.549736879989055 ], [ 7.000463604927064, 43.549736150988224 ], [ 7.00046293437481, 43.549735664987665 ], [ 7.000462263822556, 43.54973542198738 ], [ 7.000459581613542, 43.54973542198738 ], [ 7.000458911061288, 43.549735907987944 ], [ 7.00045756995678, 43.549735907987944 ], [ 7.000457234680654, 43.54973444998624 ], [ 7.0004565641284, 43.54973372098539 ], [ 7.0004565641284, 43.54973201998334 ], [ 7.000455558300018, 43.54973104798214 ], [ 7.000454887747766, 43.54973056198154 ], [ 7.000454552471638, 43.54973007598094 ], [ 7.000454552471638, 43.54972837497878 ], [ 7.000453881919384, 43.54972788897816 ], [ 7.000453881919384, 43.54972667397658 ], [ 7.00044684112072, 43.54972667397658 ], [ 7.000439800322056, 43.54972715997721 ], [ 7.00043309479952, 43.54972740297753 ], [ 7.000431083142758, 43.54972740297753 ], [ 7.000431083142758, 43.54972958998032 ], [ 7.00042974203825, 43.54973056198154 ], [ 7.000428400933744, 43.54973104798214 ], [ 7.00042773038149, 43.54973104798214 ], [ 7.000427059829236, 43.54973056198154 ], [ 7.000426054000854, 43.54972958998032 ], [ 7.000425383448602, 43.5497288609794 ], [ 7.000424712896348, 43.54972764597784 ], [ 7.00042337179184, 43.54972667397658 ], [ 7.00042337179184, 43.549725458974976 ], [ 7.000423036515714, 43.54972472997401 ], [ 7.000422701239586, 43.54972424397335 ], [ 7.000422030687332, 43.54972375797269 ], [ 7.000421695411206, 43.54972205697037 ], [ 7.000421695411206, 43.549721570969695 ], [ 7.000422701239586, 43.54972084196867 ], [ 7.000422701239586, 43.5497198699673 ], [ 7.000424042344094, 43.54971938396661 ], [ 7.000426054000854, 43.54971938396661 ], [ 7.00042974203825, 43.54971962696696 ], [ 7.00042974203825, 43.54971403795873 ], [ 7.000426389276982, 43.54971403795873 ], [ 7.000425718724728, 43.549714523959466 ], [ 7.000424712896348, 43.549714523959466 ], [ 7.00042337179184, 43.54971403795873 ], [ 7.000423036515714, 43.54971330895762 ], [ 7.00042236596346, 43.54971306595725 ], [ 7.000421360135078, 43.54971282295688 ], [ 7.000421024858952, 43.54971209395574 ], [ 7.000418677926064, 43.54971039295309 ], [ 7.000418342649938, 43.54970966395194 ], [ 7.000416330993176, 43.54970844894999 ], [ 7.00041599571705, 43.54970771994881 ], [ 7.000415660440922, 43.54970723394801 ], [ 7.0004116371274, 43.54970699094763 ], [ 7.00041063129902, 43.54970747694843 ], [ 7.000408619642258, 43.54970747694843 ], [ 7.000408284366132, 43.549712336956134 ], [ 7.00040727853775, 43.54971330895762 ], [ 7.00040727853775, 43.549713794958365 ], [ 7.000406607985498, 43.54971403795873 ], [ 7.000406607985498, 43.549716224962005 ], [ 7.000406943261624, 43.54971671096273 ], [ 7.000407613813878, 43.549716953963085 ], [ 7.000407613813878, 43.5497198699673 ], [ 7.000406607985498, 43.54972059896833 ], [ 7.000404596328736, 43.549721813970024 ], [ 7.000403255224228, 43.5497222999707 ], [ 7.000402919948102, 43.54972375797269 ], [ 7.000402249395848, 43.54972424397335 ], [ 7.000402249395848, 43.54972643097626 ], [ 7.00040191411972, 43.54972715997721 ], [ 7.000400573015214, 43.54972788897816 ], [ 7.000400573015214, 43.54972983298063 ], [ 7.000401243567468, 43.54973007598094 ], [ 7.000403925776482, 43.54973007598094 ], [ 7.000404931604862, 43.54972958998032 ], [ 7.000405602157116, 43.54972958998032 ], [ 7.000406607985498, 43.54973031898124 ], [ 7.000406607985498, 43.54973080498184 ], [ 7.000408284366132, 43.54973177698303 ], [ 7.000408954918386, 43.549732505983926 ], [ 7.000409625470638, 43.54973274898422 ], [ 7.000410966575146, 43.5497332349848 ], [ 7.000412307679654, 43.54973444998624 ], [ 7.000412978231908, 43.54973493598682 ], [ 7.000414654612542, 43.549735178987106 ], [ 7.00041599571705, 43.54973639398851 ], [ 7.000416330993176, 43.549736879989055 ], [ 7.000416330993176, 43.54973736598962 ], [ 7.000417672097684, 43.5497383379907 ], [ 7.000418342649938, 43.54973930999178 ], [ 7.000418342649938, 43.54974028199284 ], [ 7.000419348478318, 43.549741010993635 ], [ 7.000419683754444, 43.54974149699414 ], [ 7.000418677926064, 43.549742225994905 ], [ 7.000416666269302, 43.549742225994905 ], [ 7.000414989888668, 43.54974295499567 ], [ 7.000413984060288, 43.54974319799591 ], [ 7.000412978231908, 43.549743440996174 ], [ 7.000411301851274, 43.549743440996174 ], [ 7.00041063129902, 43.549743683996425 ], [ 7.000409960746766, 43.54974416999691 ], [ 7.000408619642258, 43.54974538499815 ], [ 7.000407613813878, 43.54974538499815 ], [ 7.000406943261624, 43.549747572000285 ], [ 7.000406943261624, 43.54975048800301 ], [ 7.00040727853775, 43.54975437600644 ], [ 7.000408619642258, 43.54975461900665 ], [ 7.000409960746766, 43.54975559100746 ], [ 7.000410296022892, 43.549756077007864 ], [ 7.000410296022892, 43.54976045101128 ], [ 7.000410966575146, 43.54976093701164 ], [ 7.000411301851274, 43.54976288101306 ], [ 7.000411301851274, 43.54976336701339 ], [ 7.000410966575146, 43.54976482501439 ], [ 7.000409290194512, 43.5497660400152 ], [ 7.000409290194512, 43.54976798401645 ] ] ] ],
      "type" : "MultiPolygon"
    },
    "type" : "Feature",
    "properties" : {
      "zoom" : 20,
      "id" : "c74bbb75-0726-4699-975b-d019f0ca010d",
      "label" : "HUMIDITE_CLAIR",
      "confidence" : null
    }
  }, {
    "geometry" : {
      "coordinates" : [ [ [ [ 7.000408954918386, 43.549776489021134 ], [ 7.000411972403526, 43.54977673202125 ], [ 7.000413648784162, 43.549776489021134 ], [ 7.000414319336414, 43.549776003020895 ], [ 7.000415325164796, 43.54977576002078 ], [ 7.00041599571705, 43.549775517020656 ], [ 7.00041599571705, 43.54977357301966 ], [ 7.000414654612542, 43.54977333001953 ], [ 7.00041264295578, 43.54977333001953 ], [ 7.0004116371274, 43.549772844019266 ], [ 7.000408954918386, 43.549772844019266 ], [ 7.000408619642258, 43.54977333001953 ], [ 7.000408619642258, 43.549776003020895 ], [ 7.000408954918386, 43.549776489021134 ] ] ] ],
      "type" : "MultiPolygon"
    },
    "type" : "Feature",
    "properties" : {
      "zoom" : 20,
      "id" : "f154e48f-f072-4f78-b1da-852c1156852b",
      "label" : "HUMIDITE_CLAIR",
      "confidence" : null
    }
  }, {
    "geometry" : {
      "coordinates" : [ [ [ [ 7.000375092029572, 43.54974028199284 ], [ 7.000380456447602, 43.54974028199284 ], [ 7.000381462275982, 43.54973979599231 ], [ 7.000382132828236, 43.54973979599231 ], [ 7.00038280338049, 43.54973955299204 ], [ 7.000384815037252, 43.54973809499044 ], [ 7.000385485589504, 43.54973760898988 ], [ 7.000385485589504, 43.54973542198738 ], [ 7.000384815037252, 43.54973493598682 ], [ 7.000384479761124, 43.54973444998624 ], [ 7.000384479761124, 43.54973129098244 ], [ 7.000384144484998, 43.549729346980016 ], [ 7.000383473932744, 43.549728617979085 ], [ 7.000383473932744, 43.54972764597784 ], [ 7.000383138656616, 43.549726916976894 ], [ 7.00038179755211, 43.54972594497561 ], [ 7.000381126999856, 43.549725701975305 ], [ 7.000379115343094, 43.549725701975305 ], [ 7.00037743896246, 43.549725458974976 ], [ 7.000376097857952, 43.54972448697368 ], [ 7.000375762581826, 43.54972400097302 ], [ 7.000375427305698, 43.5497230289717 ], [ 7.000375427305698, 43.549721570969695 ], [ 7.000374756753446, 43.549721084969015 ], [ 7.000374756753446, 43.5497198699673 ], [ 7.000372745096684, 43.54971865496556 ], [ 7.000369057059288, 43.54971889796591 ], [ 7.0003667101264, 43.54971889796591 ], [ 7.000366374850274, 43.54971938396661 ], [ 7.000366039574146, 43.54972059896833 ], [ 7.000366039574146, 43.54972132796935 ], [ 7.00036570429802, 43.549721813970024 ], [ 7.000364363193512, 43.5497222999707 ], [ 7.000364027917386, 43.549721813970024 ], [ 7.000363357365132, 43.549721084969015 ], [ 7.000362016260624, 43.54972084196867 ], [ 7.00036134570837, 43.549720355967985 ], [ 7.000360675156116, 43.5497198699673 ], [ 7.000360004603864, 43.54971938396661 ], [ 7.000360004603864, 43.54971889796591 ], [ 7.000359669327736, 43.5497184119652 ], [ 7.000358998775482, 43.5497179259645 ], [ 7.000358328223228, 43.54971768296415 ], [ 7.000355646014214, 43.54971743996379 ], [ 7.000352628529072, 43.54971743996379 ], [ 7.000352628529072, 43.54971962696696 ], [ 7.000353299081326, 43.54972084196867 ], [ 7.0003529638052, 43.5497230289717 ], [ 7.000353634357452, 43.549723271972034 ], [ 7.00035497546196, 43.549723271972034 ], [ 7.000355646014214, 43.54972375797269 ], [ 7.000355646014214, 43.549725458974976 ], [ 7.000360675156116, 43.549725458974976 ], [ 7.00036134570837, 43.54972594497561 ], [ 7.000361680984498, 43.549726916976894 ], [ 7.000363357365132, 43.54972788897816 ], [ 7.000363357365132, 43.549729346980016 ], [ 7.000366039574146, 43.54972958998032 ], [ 7.000366374850274, 43.54973007598094 ], [ 7.000367045402528, 43.54973007598094 ], [ 7.000368051230908, 43.54973056198154 ], [ 7.000369392335416, 43.54973153398274 ], [ 7.000369727611542, 43.54973201998334 ], [ 7.000369727611542, 43.54973955299204 ], [ 7.000370398163796, 43.54973979599231 ], [ 7.000374086201192, 43.54973979599231 ], [ 7.000374756753446, 43.549740038992574 ], [ 7.000375092029572, 43.54974028199284 ] ] ] ],
      "type" : "MultiPolygon"
    },
    "type" : "Feature",
    "properties" : {
      "zoom" : 20,
      "id" : "9316cff2-bc9b-4d48-bb61-714be2d2db6d",
      "label" : "HUMIDITE_CLAIR",
      "confidence" : null
    }
  }, {
    "geometry" : {
      "coordinates" : [ [ [ [ 7.000382132828236, 43.54975704900865 ], [ 7.000385485589504, 43.54975704900865 ], [ 7.000385485589504, 43.54975510500705 ], [ 7.000386491417886, 43.54975437600644 ], [ 7.000387497246266, 43.54975364700581 ], [ 7.000389508903028, 43.54975364700581 ], [ 7.000391855835916, 43.549752675004974 ], [ 7.000392861664296, 43.549752675004974 ], [ 7.000396214425564, 43.54975291800518 ], [ 7.000396884977818, 43.549752189004536 ], [ 7.000398226082326, 43.549752189004536 ], [ 7.000398226082326, 43.549745141997896 ], [ 7.000397220253944, 43.549744655997415 ], [ 7.000394202768804, 43.54974489899766 ], [ 7.000391520559788, 43.54974489899766 ], [ 7.000379785895348, 43.549744655997415 ], [ 7.000378109514714, 43.549745141997896 ], [ 7.000374756753446, 43.54974489899766 ], [ 7.000371739268304, 43.54974489899766 ], [ 7.000370733439922, 43.549745141997896 ], [ 7.000369727611542, 43.54974562799839 ], [ 7.000368721783162, 43.549746113998864 ], [ 7.000368721783162, 43.54974805800075 ], [ 7.00037006288767, 43.54974805800075 ], [ 7.000371403992176, 43.54974903000167 ], [ 7.000372409820558, 43.54974903000167 ], [ 7.00037308037281, 43.54974951600211 ], [ 7.000373415648938, 43.5497502450028 ], [ 7.00037308037281, 43.54975243200476 ], [ 7.000375092029572, 43.549752675004974 ], [ 7.000376097857952, 43.54975340400561 ], [ 7.000376097857952, 43.54975413300623 ], [ 7.000378109514714, 43.54975413300623 ], [ 7.000379785895348, 43.54975534800725 ], [ 7.000379785895348, 43.549756077007864 ], [ 7.000380456447602, 43.54975632000805 ], [ 7.000381126999856, 43.54975632000805 ], [ 7.000382132828236, 43.54975704900865 ] ] ] ],
      "type" : "MultiPolygon"
    },
    "type" : "Feature",
    "properties" : {
      "zoom" : 20,
      "id" : "731fd9ab-9bba-4c3e-b3c3-6506cceb30af",
      "label" : "HUMIDITE_CLAIR",
      "confidence" : null
    }
  }, {
    "geometry" : {
      "coordinates" : [ [ [ [ 7.000451870262624, 43.54978863902575 ], [ 7.000456228852272, 43.54978863902575 ], [ 7.00045756995678, 43.54978766702548 ], [ 7.000458911061288, 43.54978718102533 ], [ 7.000460252165794, 43.54978693802526 ], [ 7.000461257994176, 43.54978596602495 ], [ 7.000461257994176, 43.54978426502437 ], [ 7.000462263822556, 43.54978402202428 ], [ 7.000463269650936, 43.5497837790242 ], [ 7.00046394020319, 43.54978329302402 ], [ 7.000465951859952, 43.54978329302402 ], [ 7.000465951859952, 43.54978110602319 ], [ 7.000465281307698, 43.54978062002298 ], [ 7.000463604927064, 43.54977916202236 ], [ 7.000460252165794, 43.54977916202236 ], [ 7.000459246337414, 43.54977940502247 ], [ 7.00045857578516, 43.549779648022565 ], [ 7.000457905232906, 43.549780134022775 ], [ 7.000457234680654, 43.549780134022775 ], [ 7.000456228852272, 43.54978062002298 ], [ 7.000454887747766, 43.54978062002298 ], [ 7.000453546643258, 43.54978110602319 ], [ 7.000452876091004, 43.549781592023365 ], [ 7.000452540814878, 43.54978232102366 ], [ 7.000451534986496, 43.54978232102366 ], [ 7.0004478469491, 43.54978256402375 ], [ 7.000447511672974, 43.54978305002395 ], [ 7.000447176396848, 43.54978450802446 ], [ 7.000447176396848, 43.54978718102533 ], [ 7.000449523329736, 43.54978718102533 ], [ 7.000450529158116, 43.54978791002554 ], [ 7.000450529158116, 43.54978839602569 ], [ 7.000451870262624, 43.54978863902575 ] ] ] ],
      "type" : "MultiPolygon"
    },
    "type" : "Feature",
    "properties" : {
      "zoom" : 20,
      "id" : "bbe13f85-c798-48cb-ba89-bfb15fd744c1",
      "label" : "HUMIDITE_CLAIR",
      "confidence" : null
    }
  }, {
    "geometry" : {
      "coordinates" : [ [ [ [ 7.000356987118722, 43.54977721802148 ], [ 7.000360675156116, 43.54977721802148 ], [ 7.000361010432244, 43.54977673202125 ], [ 7.000361010432244, 43.549774788020294 ], [ 7.000360675156116, 43.549771143018326 ], [ 7.00036033987999, 43.549769928017625 ], [ 7.000359669327736, 43.54976895601704 ], [ 7.000359669327736, 43.549767741016296 ], [ 7.000356987118722, 43.549767741016296 ], [ 7.000356316566468, 43.549768470016744 ], [ 7.000355646014214, 43.549769442017336 ], [ 7.000355310738088, 43.549771143018326 ], [ 7.00035497546196, 43.54977333001953 ], [ 7.00035497546196, 43.54977527402053 ], [ 7.000356651842594, 43.54977624602102 ], [ 7.000356651842594, 43.54977673202125 ], [ 7.000356987118722, 43.54977721802148 ] ] ] ],
      "type" : "MultiPolygon"
    },
    "type" : "Feature",
    "properties" : {
      "zoom" : 20,
      "id" : "83f456fc-2119-493e-bd9c-84b50f3fcb52",
      "label" : "HUMIDITE_CLAIR",
      "confidence" : null
    }
  }, {
    "geometry" : {
      "coordinates" : [ [ [ [ 7.000392191112042, 43.54977916202236 ], [ 7.000395208597184, 43.54977916202236 ], [ 7.000397555530072, 43.54977867602215 ], [ 7.00039889663458, 43.54977867602215 ], [ 7.00039889663458, 43.54977673202125 ], [ 7.000398226082326, 43.549776489021134 ], [ 7.000398226082326, 43.54977503102042 ], [ 7.00039889663458, 43.54977430202005 ], [ 7.000399567186832, 43.54977405901992 ], [ 7.00039990246296, 43.54977357301966 ], [ 7.00039990246296, 43.54977138601846 ], [ 7.000397220253944, 43.54977138601846 ], [ 7.000396549701692, 43.54977090001819 ], [ 7.000396214425564, 43.54976895601704 ], [ 7.000396214425564, 43.54976749801614 ], [ 7.00039554387331, 43.54976676901567 ], [ 7.000394202768804, 43.54976652601552 ], [ 7.000390514731408, 43.54976652601552 ], [ 7.00039017945528, 43.549767012015835 ], [ 7.00039017945528, 43.5497730870194 ], [ 7.000390850007534, 43.54977430202005 ], [ 7.000391185283662, 43.549776489021134 ], [ 7.000391520559788, 43.54977891902226 ], [ 7.000391855835916, 43.54977891902226 ], [ 7.000392191112042, 43.54977916202236 ] ] ] ],
      "type" : "MultiPolygon"
    },
    "type" : "Feature",
    "properties" : {
      "zoom" : 20,
      "id" : "14204175-548b-4925-894e-7f294287bb7e",
      "label" : "HUMIDITE_CLAIR",
      "confidence" : null
    }
  }, {
    "geometry" : {
      "coordinates" : [ [ [ [ 7.000379785895348, 43.549706261946426 ], [ 7.00038280338049, 43.54970650494683 ], [ 7.000383473932744, 43.549706261946426 ], [ 7.000384479761124, 43.549705532945225 ], [ 7.000385485589504, 43.54970528994482 ], [ 7.000385820865632, 43.54970480394402 ], [ 7.000386156141758, 43.549704317943196 ], [ 7.000386156141758, 43.54970334594156 ], [ 7.000386826694012, 43.54970285994074 ], [ 7.000386826694012, 43.54970018693612 ], [ 7.000386491417886, 43.54969970093527 ], [ 7.000384815037252, 43.54969921493442 ], [ 7.000383473932744, 43.54969921493442 ], [ 7.000382468104362, 43.54969872893356 ], [ 7.000381462275982, 43.54969848593313 ], [ 7.000377774238586, 43.54969848593313 ], [ 7.000377103686334, 43.54969872893356 ], [ 7.00037643313408, 43.54969921493442 ], [ 7.000376097857952, 43.54969970093527 ], [ 7.000376097857952, 43.54970018693612 ], [ 7.000375427305698, 43.54970091593739 ], [ 7.000375427305698, 43.549704074942795 ], [ 7.000375762581826, 43.54970456094361 ], [ 7.000376768410206, 43.54970456094361 ], [ 7.000377774238586, 43.549705532945225 ], [ 7.000379115343094, 43.549705532945225 ], [ 7.000379785895348, 43.549706261946426 ] ] ] ],
      "type" : "MultiPolygon"
    },
    "type" : "Feature",
    "properties" : {
      "zoom" : 20,
      "id" : "e9ddabc0-64dd-4284-a786-b465547ff497",
      "label" : "HUMIDITE_CLAIR",
      "confidence" : null
    }
  }, {
    "geometry" : {
      "coordinates" : [ [ [ [ 7.000396549701692, 43.549715495960925 ], [ 7.000399231910706, 43.549715495960925 ], [ 7.000399231910706, 43.5497150099602 ], [ 7.00039990246296, 43.54971476695984 ], [ 7.00039990246296, 43.54971403795873 ], [ 7.000400573015214, 43.549713794958365 ], [ 7.000400573015214, 43.54971112195424 ], [ 7.00039990246296, 43.54971087895385 ], [ 7.000397220253944, 43.54971087895385 ], [ 7.000397220253944, 43.54971209395574 ], [ 7.000396549701692, 43.54971330895762 ], [ 7.000396549701692, 43.549715495960925 ] ] ] ],
      "type" : "MultiPolygon"
    },
    "type" : "Feature",
    "properties" : {
      "zoom" : 20,
      "id" : "aac7fd46-6e24-4cfa-942d-36dca86b0505",
      "label" : "HUMIDITE_CLAIR",
      "confidence" : null
    }
  }, {
    "geometry" : {
      "coordinates" : [ [ [ [ 7.001578398048878, 43.549735664987665 ], [ 7.001581080257894, 43.549735664987665 ], [ 7.001580744981766, 43.5497332349848 ], [ 7.001580744981766, 43.549732262983625 ], [ 7.001578062772752, 43.549732262983625 ], [ 7.001578398048878, 43.549735178987106 ], [ 7.001578398048878, 43.549735664987665 ] ] ] ],
      "type" : "MultiPolygon"
    },
    "type" : "Feature",
    "properties" : {
      "zoom" : 20,
      "id" : "adedfb53-0e4c-481a-affc-767106f5ed79",
      "label" : "USURE_IMPORTANTE",
      "confidence" : null
    }
  }, {
    "geometry" : {
      "coordinates" : [ [ [ [ 7.001351416110992, 43.55011450123597 ], [ 7.001354098320008, 43.55011450123597 ], [ 7.001354098320008, 43.550111585250846 ], [ 7.001351080834866, 43.55011134225207 ], [ 7.001351080834866, 43.55011401523845 ], [ 7.001351416110992, 43.55011450123597 ] ] ] ],
      "type" : "MultiPolygon"
    },
    "type" : "Feature",
    "properties" : {
      "zoom" : 20,
      "id" : "de1a46a2-b4db-4e07-83ce-59ed70baa0db",
      "label" : "USURE_IMPORTANTE",
      "confidence" : null
    }
  }, {
    "geometry" : {
      "coordinates" : [ [ [ [ 7.00133364647627, 43.55011425823721 ], [ 7.001336328685284, 43.55011425823721 ], [ 7.001336328685284, 43.55011304324342 ], [ 7.001336663961412, 43.550111585250846 ], [ 7.001337334513664, 43.55011085625454 ], [ 7.001337334513664, 43.55010915526314 ], [ 7.001338005065918, 43.55010818326803 ], [ 7.0013390108943, 43.550107211272895 ], [ 7.00134001672268, 43.55010648227655 ], [ 7.001343034207822, 43.55010551028139 ], [ 7.001343704760076, 43.5501052672826 ], [ 7.001343704760076, 43.55010332329224 ], [ 7.001341693103314, 43.55010308029343 ], [ 7.001336328685284, 43.55010308029343 ], [ 7.001333981752396, 43.550104781285015 ], [ 7.00133364647627, 43.5501052672826 ], [ 7.001333311200142, 43.55010623927775 ], [ 7.001332975924016, 43.550106968274115 ], [ 7.001332640647888, 43.55010794026925 ], [ 7.001332640647888, 43.550111099253314 ], [ 7.001333311200142, 43.55011231424714 ], [ 7.001333311200142, 43.5501137722397 ], [ 7.00133364647627, 43.55011425823721 ] ] ] ],
      "type" : "MultiPolygon"
    },
    "type" : "Feature",
    "properties" : {
      "zoom" : 20,
      "id" : "ffb4c5b9-ace4-4219-a244-eab5ff8d605e",
      "label" : "USURE_IMPORTANTE",
      "confidence" : null
    }
  }, {
    "geometry" : {
      "coordinates" : [ [ [ [ 7.001199871301652, 43.55010599627897 ], [ 7.001203559339046, 43.55010599627897 ], [ 7.001204565167428, 43.55010551028139 ], [ 7.001206241548062, 43.5501052672826 ], [ 7.00120758265257, 43.55010502428381 ], [ 7.001208253204824, 43.55010502428381 ], [ 7.001208253204824, 43.55010405228863 ], [ 7.001209259033204, 43.55010332329224 ], [ 7.00120959430933, 43.550102837294645 ], [ 7.00120959430933, 43.550102108298226 ], [ 7.001210264861584, 43.550101622300616 ], [ 7.001210264861584, 43.550101136303006 ], [ 7.001210600137712, 43.55010065030538 ], [ 7.001211270689964, 43.55010016430777 ], [ 7.001212276518346, 43.55009967831013 ], [ 7.001213617622852, 43.55009967831013 ], [ 7.00121495872736, 43.55009919231251 ], [ 7.001215294003488, 43.55009870631489 ], [ 7.001215629279614, 43.55009797731842 ], [ 7.001215629279614, 43.55009749132078 ], [ 7.00121596455574, 43.5500967623243 ], [ 7.001216635107994, 43.550096276326656 ], [ 7.001217640936376, 43.550096276326656 ], [ 7.001218311488628, 43.550096033327826 ], [ 7.00121931731701, 43.55009530433133 ], [ 7.001219652593136, 43.55009408933716 ], [ 7.001219652593136, 43.55009336034065 ], [ 7.00122032314539, 43.55009287434297 ], [ 7.001220993697644, 43.55009263134412 ], [ 7.001221999526024, 43.55009238834529 ], [ 7.001224346458912, 43.55009238834529 ], [ 7.001224346458912, 43.550091173351056 ], [ 7.001225017011166, 43.55009020135566 ], [ 7.00122568756342, 43.55008971535795 ], [ 7.001226022839546, 43.55008898636138 ], [ 7.001227028667928, 43.55008850036366 ], [ 7.001227699220182, 43.55008801436595 ], [ 7.001229040324688, 43.55008679937163 ], [ 7.00123105198145, 43.55008679937163 ], [ 7.00123105198145, 43.55008485538066 ], [ 7.001232728362084, 43.550084612381795 ], [ 7.001234404742718, 43.55008315438853 ], [ 7.001234404742718, 43.55008096739856 ], [ 7.001235410571098, 43.550080481400784 ], [ 7.001235745847226, 43.5500797524041 ], [ 7.001237086951734, 43.550079266406314 ], [ 7.00123742222786, 43.55007805141182 ], [ 7.001238092780114, 43.55007780841292 ], [ 7.001239433884622, 43.55007780841292 ], [ 7.001240774989128, 43.550076836417304 ], [ 7.001241445541382, 43.55007659341839 ], [ 7.001243121922016, 43.55007659341839 ], [ 7.001243121922016, 43.55007464942711 ], [ 7.001244463026524, 43.55007392043036 ], [ 7.00124479830265, 43.55007343443252 ], [ 7.001245133578778, 43.55007246243684 ], [ 7.001245468854904, 43.550071733440056 ], [ 7.001245804131032, 43.550070761444346 ], [ 7.001246139407158, 43.55007003244755 ], [ 7.001246474683286, 43.55006906045181 ], [ 7.001246474683286, 43.550065172468685 ], [ 7.001245804131032, 43.55006395747391 ], [ 7.001245468854904, 43.550060069490456 ], [ 7.001245468854904, 43.55005423751481 ], [ 7.001246139407158, 43.5500525365218 ], [ 7.001246474683286, 43.550045003552206 ], [ 7.001246139407158, 43.550042330562775 ], [ 7.001246139407158, 43.550041358566595 ], [ 7.001183778047562, 43.550041358566595 ], [ 7.001183778047562, 43.550043788557026 ], [ 7.00118411332369, 43.55004573254931 ], [ 7.001184448599816, 43.55004767654153 ], [ 7.001184783875942, 43.55004962053369 ], [ 7.00118511915207, 43.55005156452578 ], [ 7.001185454428196, 43.550053508517806 ], [ 7.00118612498045, 43.55005569550877 ], [ 7.001186460256578, 43.55005739650169 ], [ 7.001186795532704, 43.55005934049353 ], [ 7.00118713080883, 43.55006128448531 ], [ 7.001187466084958, 43.55006322847704 ], [ 7.001187801361084, 43.550065172468685 ], [ 7.001188136637212, 43.55006711646028 ], [ 7.001188136637212, 43.55006808845605 ], [ 7.001188807189466, 43.550068331454995 ], [ 7.001189813017846, 43.550068817452875 ], [ 7.001190818846226, 43.550068817452875 ], [ 7.001191824674606, 43.55006930345074 ], [ 7.001193836331368, 43.55006930345074 ], [ 7.001194506883622, 43.55006978944862 ], [ 7.001194506883622, 43.55007197643899 ], [ 7.001193501055242, 43.55007246243684 ], [ 7.001192830502988, 43.55007392043036 ], [ 7.001192830502988, 43.55007829441072 ], [ 7.001192159950734, 43.55007878040852 ], [ 7.0011904835701, 43.55007878040852 ], [ 7.0011904835701, 43.55008218239299 ], [ 7.001190818846226, 43.55008412638405 ], [ 7.001191154122354, 43.55008607037503 ], [ 7.00119148939848, 43.55008801436595 ], [ 7.001191824674606, 43.55008971535795 ], [ 7.001192159950734, 43.550091659348745 ], [ 7.001192830502988, 43.55009384633832 ], [ 7.001193165779114, 43.55009579032899 ], [ 7.001193501055242, 43.5500977343196 ], [ 7.001193836331368, 43.55009967831013 ], [ 7.001194171607494, 43.550101622300616 ], [ 7.001194171607494, 43.55010332329224 ], [ 7.001196518540382, 43.550103566291035 ], [ 7.001197189092636, 43.55010405228863 ], [ 7.001197189092636, 43.550104781285015 ], [ 7.00119785964489, 43.5501052672826 ], [ 7.00119886547327, 43.55010551028139 ], [ 7.001199536025524, 43.55010575328018 ], [ 7.001199871301652, 43.55010599627897 ] ] ] ],
      "type" : "MultiPolygon"
    },
    "type" : "Feature",
    "properties" : {
      "zoom" : 20,
      "id" : "1ac19011-9a41-4e77-9f20-a52aec08120c",
      "label" : "USURE_IMPORTANTE",
      "confidence" : null
    }
  }, {
    "geometry" : {
      "coordinates" : [ [ [ [ 7.00122032314539, 43.5501052672826 ], [ 7.001223005354404, 43.5501052672826 ], [ 7.001223675906658, 43.550104781285015 ], [ 7.00122468173504, 43.55010405228863 ], [ 7.00122568756342, 43.55010332329224 ], [ 7.001226358115674, 43.55010308029343 ], [ 7.001227699220182, 43.55010308029343 ], [ 7.001227363944054, 43.55009967831013 ], [ 7.001227363944054, 43.5500967623243 ], [ 7.001228034496308, 43.55009579032899 ], [ 7.001228034496308, 43.55009360333948 ], [ 7.001227699220182, 43.5500909303522 ], [ 7.001228369772434, 43.5500899583568 ], [ 7.001228369772434, 43.55008801436595 ], [ 7.001228034496308, 43.550087528368216 ], [ 7.001227363944054, 43.5500870423705 ], [ 7.001227028667928, 43.55008655637276 ], [ 7.001227028667928, 43.55008509837955 ], [ 7.001227363944054, 43.550084612381795 ], [ 7.001228034496308, 43.55008412638405 ], [ 7.001228034496308, 43.55008364038629 ], [ 7.001228369772434, 43.55008315438853 ], [ 7.001230716705322, 43.550082668390765 ], [ 7.001231387257576, 43.55008193939411 ], [ 7.00123641639948, 43.55008193939411 ], [ 7.00123742222786, 43.55008121039745 ], [ 7.001237757503986, 43.55008072439967 ], [ 7.001237757503986, 43.550079266406314 ], [ 7.001238092780114, 43.55007853740962 ], [ 7.00123842805624, 43.55007805141182 ], [ 7.001239098608494, 43.55007756541402 ], [ 7.001239433884622, 43.55007707941622 ], [ 7.001239433884622, 43.55007659341839 ], [ 7.001239769160748, 43.55007610742059 ], [ 7.001241445541382, 43.550074892426025 ], [ 7.001241445541382, 43.55007246243684 ], [ 7.001239433884622, 43.55007246243684 ], [ 7.001238763332368, 43.55007197643899 ], [ 7.001238763332368, 43.55006930345074 ], [ 7.00123742222786, 43.550068817452875 ], [ 7.001236751675606, 43.550068817452875 ], [ 7.001236081123352, 43.55006857445392 ], [ 7.001235075294972, 43.55006760245816 ], [ 7.001234069466592, 43.55006687346133 ], [ 7.001232393085958, 43.55006687346133 ], [ 7.001231387257576, 43.55006614446449 ], [ 7.00123105198145, 43.550065658466586 ], [ 7.001230716705322, 43.550064686470776 ], [ 7.001230716705322, 43.55006322847704 ], [ 7.00123105198145, 43.550062742479106 ], [ 7.00123205780983, 43.55006201348221 ], [ 7.001232393085958, 43.55006128448531 ], [ 7.001233734190464, 43.55006031248942 ], [ 7.001234404742718, 43.55005934049353 ], [ 7.001234740018846, 43.5500586114966 ], [ 7.001234740018846, 43.55005788249966 ], [ 7.001235075294972, 43.55005739650169 ], [ 7.001235745847226, 43.55005691050371 ], [ 7.001236081123352, 43.55005618150675 ], [ 7.001237086951734, 43.550055209510795 ], [ 7.001237757503986, 43.5500547235128 ], [ 7.001239098608494, 43.55005399451581 ], [ 7.001239433884622, 43.55005326551882 ], [ 7.001240104436874, 43.5500525365218 ], [ 7.001242451369762, 43.55005083552875 ], [ 7.001243457198144, 43.55005034953073 ], [ 7.001244127750398, 43.55005034953073 ], [ 7.001244127750398, 43.55004937753467 ], [ 7.00124479830265, 43.55004889153663 ], [ 7.001245133578778, 43.5500484055386 ], [ 7.001245468854904, 43.55004767654153 ], [ 7.001245468854904, 43.550046218547365 ], [ 7.001246139407158, 43.55004548955028 ], [ 7.001246139407158, 43.550045003552206 ], [ 7.001246809959412, 43.5500442745551 ], [ 7.001246809959412, 43.550041358566595 ], [ 7.001194842159748, 43.550041358566595 ], [ 7.001194506883622, 43.55004257356182 ], [ 7.001193836331368, 43.55004281656086 ], [ 7.00119249522686, 43.55004281656086 ], [ 7.00119148939848, 43.55004330255895 ], [ 7.001187801361084, 43.55004330255895 ], [ 7.001187801361084, 43.55004548955028 ], [ 7.001185454428196, 43.55004719054348 ], [ 7.00118511915207, 43.55004767654153 ], [ 7.00118511915207, 43.55005156452578 ], [ 7.001185454428196, 43.550053508517806 ], [ 7.001185789704324, 43.55005545250978 ], [ 7.00118612498045, 43.5500571535027 ], [ 7.001186460256578, 43.550059097494554 ], [ 7.001186795532704, 43.550061041486344 ], [ 7.00118713080883, 43.550062985478064 ], [ 7.001187466084958, 43.55006492946973 ], [ 7.001187801361084, 43.55006687346133 ], [ 7.001188136637212, 43.550068817452875 ], [ 7.001188471913338, 43.550070761444346 ], [ 7.001188807189466, 43.55007270543575 ], [ 7.001189477741718, 43.55007464942711 ], [ 7.001189813017846, 43.55007659341839 ], [ 7.001190148293972, 43.55007853740962 ], [ 7.0011904835701, 43.550080481400784 ], [ 7.001190818846226, 43.550082425391885 ], [ 7.001191154122354, 43.550084369382915 ], [ 7.00119148939848, 43.550086313373896 ], [ 7.001191824674606, 43.550088257364806 ], [ 7.001192159950734, 43.5500899583568 ], [ 7.00119249522686, 43.55009190234759 ], [ 7.001192830502988, 43.55009384633832 ], [ 7.001193165779114, 43.55009579032899 ], [ 7.001193165779114, 43.55009749132078 ], [ 7.001196518540382, 43.55009724832195 ], [ 7.001197524368764, 43.550096276326656 ], [ 7.001198530197144, 43.550096033327826 ], [ 7.001200541853906, 43.550096033327826 ], [ 7.001201212406158, 43.55009651932548 ], [ 7.001201212406158, 43.55009700532313 ], [ 7.001201547682286, 43.55009749132078 ], [ 7.00120221823454, 43.55009797731842 ], [ 7.001202553510666, 43.55009894931369 ], [ 7.001202553510666, 43.55009943531133 ], [ 7.00120322406292, 43.55009992130895 ], [ 7.001204565167428, 43.55009992130895 ], [ 7.001205235719682, 43.55010016430777 ], [ 7.001206241548062, 43.5501008933042 ], [ 7.001206576824188, 43.55010332329224 ], [ 7.00120758265257, 43.55010380928984 ], [ 7.001208253204824, 43.55010405228863 ], [ 7.001209929585458, 43.550104295287426 ], [ 7.001213282346726, 43.550104295287426 ], [ 7.001216299831868, 43.550104781285015 ], [ 7.001219652593136, 43.550104781285015 ], [ 7.00122032314539, 43.5501052672826 ] ] ] ],
      "type" : "MultiPolygon"
    },
    "type" : "Feature",
    "properties" : {
      "zoom" : 20,
      "id" : "c75f6f4b-266b-453e-b8d1-045fb81a8d01",
      "label" : "USURE_IMPORTANTE",
      "confidence" : null
    }
  }, {
    "geometry" : {
      "coordinates" : [ [ [ [ 7.001192830502988, 43.5499052789455 ], [ 7.001196183264256, 43.549905035945905 ], [ 7.001196518540382, 43.5499045499467 ], [ 7.001196518540382, 43.549902605949875 ], [ 7.001196183264256, 43.54990211995065 ], [ 7.001193836331368, 43.54990041895335 ], [ 7.001191154122354, 43.54990041895335 ], [ 7.001191154122354, 43.54990284894948 ], [ 7.00119148939848, 43.5499035779483 ], [ 7.001191824674606, 43.549904306947106 ], [ 7.001192159950734, 43.54990479294631 ], [ 7.001192830502988, 43.5499052789455 ] ] ] ],
      "type" : "MultiPolygon"
    },
    "type" : "Feature",
    "properties" : {
      "zoom" : 20,
      "id" : "d333d1e8-ee26-4cda-b7dd-b00403a7bcdb",
      "label" : "USURE_IMPORTANTE",
      "confidence" : null
    }
  }, {
    "geometry" : {
      "coordinates" : [ [ [ [ 7.001196183264256, 43.54993808388227 ], [ 7.001199200749398, 43.54993832688173 ], [ 7.001199871301652, 43.5499378408828 ], [ 7.001200541853906, 43.54993711188439 ], [ 7.001200877130032, 43.54993662588546 ], [ 7.001201212406158, 43.549935896887035 ], [ 7.001201212406158, 43.54993370989174 ], [ 7.001201882958412, 43.54993322389276 ], [ 7.001203894615174, 43.549932008895325 ], [ 7.001203894615174, 43.54993006489936 ], [ 7.001202888786794, 43.54992933590087 ], [ 7.001198530197144, 43.549925933907765 ], [ 7.001198194921018, 43.549925204909215 ], [ 7.001198194921018, 43.549924475910665 ], [ 7.001197524368764, 43.549923503912574 ], [ 7.00119685381651, 43.54992301791353 ], [ 7.001194171607494, 43.54992301791353 ], [ 7.001192830502988, 43.549923989911626 ], [ 7.001192830502988, 43.549925933907765 ], [ 7.001193165779114, 43.54992641990679 ], [ 7.001194171607494, 43.54992714890533 ], [ 7.001194171607494, 43.549931036897355 ], [ 7.001194506883622, 43.54993152289634 ], [ 7.001195512712002, 43.54993225189481 ], [ 7.001196183264256, 43.549932980893274 ], [ 7.00119584798813, 43.54993516788861 ], [ 7.00119584798813, 43.54993711188439 ], [ 7.001196183264256, 43.54993808388227 ] ] ] ],
      "type" : "MultiPolygon"
    },
    "type" : "Feature",
    "properties" : {
      "zoom" : 20,
      "id" : "1db17136-ff39-4c08-87ab-7193743156b5",
      "label" : "USURE_IMPORTANTE",
      "confidence" : null
    }
  }, {
    "geometry" : {
      "coordinates" : [ [ [ [ 7.001182101666928, 43.5498328650219 ], [ 7.00118511915207, 43.5498328650219 ], [ 7.00118511915207, 43.54983092102275 ], [ 7.001182101666928, 43.54983092102275 ], [ 7.001182101666928, 43.5498328650219 ] ] ] ],
      "type" : "MultiPolygon"
    },
    "type" : "Feature",
    "properties" : {
      "zoom" : 20,
      "id" : "5812a223-5a20-4674-a33a-0d30e7976806",
      "label" : "USURE_IMPORTANTE",
      "confidence" : null
    }
  }, {
    "geometry" : {
      "coordinates" : [ [ [ [ 7.001176737248898, 43.54980321902807 ], [ 7.001179419457912, 43.54980321902807 ], [ 7.001179419457912, 43.54980006002787 ], [ 7.001179084181786, 43.5497993310278 ], [ 7.00117874890566, 43.549798845027745 ], [ 7.001176066696644, 43.549798845027745 ], [ 7.001176066696644, 43.54980127502797 ], [ 7.001176737248898, 43.54980249002803 ], [ 7.001176737248898, 43.54980321902807 ] ] ] ],
      "type" : "MultiPolygon"
    },
    "type" : "Feature",
    "properties" : {
      "zoom" : 20,
      "id" : "41061d43-330c-4334-b1c4-21350f7c873f",
      "label" : "USURE_IMPORTANTE",
      "confidence" : null
    }
  }, {
    "geometry" : {
      "coordinates" : [ [ [ [ 7.001205235719682, 43.550037227582614 ], [ 7.001207917928696, 43.550037227582614 ], [ 7.001208253204824, 43.55003674158448 ], [ 7.001211605966092, 43.55003674158448 ], [ 7.001211941242218, 43.550032610600184 ], [ 7.001211941242218, 43.55003042360838 ], [ 7.001211270689964, 43.5500299376102 ], [ 7.001211270689964, 43.550024834628985 ], [ 7.001211941242218, 43.55002459162987 ], [ 7.001211941242218, 43.55002240463778 ], [ 7.001211270689964, 43.55002240463778 ], [ 7.001210935413838, 43.550019974646474 ], [ 7.001211605966092, 43.55001560066188 ], [ 7.001212276518346, 43.55001535766274 ], [ 7.0012129470706, 43.55001535766274 ], [ 7.00121395289898, 43.55001487166442 ], [ 7.001215294003488, 43.55001462866527 ], [ 7.001216299831868, 43.55001462866527 ], [ 7.001216635107994, 43.550014142666946 ], [ 7.001216635107994, 43.550013656668625 ], [ 7.001217640936376, 43.55001292767114 ], [ 7.001218311488628, 43.55001244167281 ], [ 7.001218982040882, 43.55001195567448 ], [ 7.001218982040882, 43.5500109836778 ], [ 7.001220658421516, 43.55001074067862 ], [ 7.001220658421516, 43.55000806768768 ], [ 7.001219652593136, 43.550006852691745 ], [ 7.001219652593136, 43.550004665699014 ], [ 7.001219987869264, 43.54999786172111 ], [ 7.00121931731701, 43.54999348773492 ], [ 7.00121931731701, 43.54999178674019 ], [ 7.001221999526024, 43.549991300741695 ], [ 7.001222670078278, 43.54999057174393 ], [ 7.001223005354404, 43.54998862774988 ], [ 7.001223005354404, 43.54998716975429 ], [ 7.001224346458912, 43.54998692675502 ], [ 7.001225017011166, 43.54998644075648 ], [ 7.001226022839546, 43.549986197757214 ], [ 7.001227028667928, 43.54998522576012 ], [ 7.001227028667928, 43.54998473976156 ], [ 7.001227363944054, 43.54998425376301 ], [ 7.001228705048562, 43.54998328176588 ], [ 7.001229710876942, 43.5499830387666 ], [ 7.001230381429196, 43.54998255276803 ], [ 7.001230381429196, 43.54998133777159 ], [ 7.001230716705322, 43.549980851773 ], [ 7.001231387257576, 43.54998036577442 ], [ 7.001231387257576, 43.54997817878073 ], [ 7.001231387257576, 43.549975262789005 ], [ 7.001233734190464, 43.54997453379105 ], [ 7.001234069466592, 43.549971131800504 ], [ 7.001233398914338, 43.549970645801835 ], [ 7.001231387257576, 43.549970645801835 ], [ 7.001230381429196, 43.54997015980316 ], [ 7.001226022839546, 43.54997015980316 ], [ 7.001225017011166, 43.54996967380448 ], [ 7.001218311488628, 43.54996943080515 ], [ 7.00121495872736, 43.54996943080515 ], [ 7.001213617622852, 43.54996967380448 ], [ 7.001211605966092, 43.54997015980316 ], [ 7.001207917928696, 43.54997015980316 ], [ 7.001206576824188, 43.549970645801835 ], [ 7.00119249522686, 43.54997088880116 ], [ 7.001189813017846, 43.54997088880116 ], [ 7.001186460256578, 43.549970645801835 ], [ 7.001184448599816, 43.549971131800504 ], [ 7.001182436943054, 43.549971131800504 ], [ 7.001180425286294, 43.549971374799824 ], [ 7.001179419457912, 43.54997161779916 ], [ 7.001178413629532, 43.54997210379782 ], [ 7.001176066696644, 43.54997210379782 ], [ 7.001174725592136, 43.54997234679714 ], [ 7.001173719763756, 43.549972589796475 ], [ 7.001172378659248, 43.54997307579512 ], [ 7.001171708106996, 43.54997356179377 ], [ 7.001171708106996, 43.549975991786944 ], [ 7.001172043383122, 43.54997793578141 ], [ 7.001172378659248, 43.54997987977582 ], [ 7.001172713935376, 43.54998182377017 ], [ 7.001173049211502, 43.54998352476517 ], [ 7.001173719763756, 43.549985711758666 ], [ 7.001174055039884, 43.54998765575283 ], [ 7.00117439031601, 43.549989599746915 ], [ 7.001174725592136, 43.549991300741695 ], [ 7.001175060868264, 43.549993244735674 ], [ 7.001175060868264, 43.549994216732635 ], [ 7.001179084181786, 43.549994216732635 ], [ 7.001182101666928, 43.54999470273111 ], [ 7.001182436943054, 43.54999518872958 ], [ 7.001182772219182, 43.54999761872188 ], [ 7.001182772219182, 43.549999562715655 ], [ 7.001182436943054, 43.550001020710944 ], [ 7.0011817663908, 43.550001263710165 ], [ 7.001181431114674, 43.55000174970858 ], [ 7.001181431114674, 43.55000490869821 ], [ 7.001182436943054, 43.5500053946966 ], [ 7.001183107495308, 43.55000588069498 ], [ 7.001183107495308, 43.550014142666946 ], [ 7.001183778047562, 43.5500143856661 ], [ 7.001183778047562, 43.55001778765423 ], [ 7.001184448599816, 43.55001851665165 ], [ 7.001184448599816, 43.55002021764561 ], [ 7.001182772219182, 43.550020460644745 ], [ 7.001182101666928, 43.55002070364388 ], [ 7.001181431114674, 43.55002118964214 ], [ 7.001181095838548, 43.5500250776281 ], [ 7.001181095838548, 43.55002726462009 ], [ 7.001182436943054, 43.5500275076192 ], [ 7.001183778047562, 43.550028479615605 ], [ 7.00118511915207, 43.550028965613805 ], [ 7.001185789704324, 43.550028965613805 ], [ 7.00118612498045, 43.55003139560474 ], [ 7.001186460256578, 43.550032124602005 ], [ 7.001186795532704, 43.550032610600184 ], [ 7.001188471913338, 43.550032610600184 ], [ 7.001189477741718, 43.550033339597434 ], [ 7.001189477741718, 43.550034311593755 ], [ 7.00119148939848, 43.55003601258726 ], [ 7.001192159950734, 43.550036498585406 ], [ 7.00119685381651, 43.550036498585406 ], [ 7.001197524368764, 43.550036255586335 ], [ 7.00119785964489, 43.55003552658913 ], [ 7.001198194921018, 43.550035040590984 ], [ 7.00119886547327, 43.55003455459283 ], [ 7.001200206577778, 43.55003455459283 ], [ 7.001201212406158, 43.5500338255956 ], [ 7.001204565167428, 43.55003358259652 ], [ 7.001205235719682, 43.55003406859468 ], [ 7.001205235719682, 43.550037227582614 ] ] ] ],
      "type" : "MultiPolygon"
    },
    "type" : "Feature",
    "properties" : {
      "zoom" : 20,
      "id" : "23a04884-37e2-49f6-9d42-62c04d39cc64",
      "label" : "USURE_IMPORTANTE",
      "confidence" : null
    }
  }, {
    "geometry" : {
      "coordinates" : [ [ [ [ 7.000353299081326, 43.549692410922034 ], [ 7.00035598129034, 43.549692410922034 ], [ 7.00035598129034, 43.54969192492112 ], [ 7.000357657670976, 43.54969070991882 ], [ 7.000358998775482, 43.549689494916485 ], [ 7.00035933405161, 43.54968900891556 ], [ 7.000359669327736, 43.54968244790252 ], [ 7.000359669327736, 43.54967977489701 ], [ 7.000358663499356, 43.549679531896494 ], [ 7.000357322394848, 43.54967880289497 ], [ 7.000356651842594, 43.549678073893425 ], [ 7.00035598129034, 43.5496775878924 ], [ 7.000355310738088, 43.54967734489189 ], [ 7.000350952148438, 43.54967734489189 ], [ 7.000350952148438, 43.54969095291928 ], [ 7.000352628529072, 43.54969095291928 ], [ 7.000353299081326, 43.549691438920206 ], [ 7.000353299081326, 43.549692410922034 ] ] ] ],
      "type" : "MultiPolygon"
    },
    "type" : "Feature",
    "properties" : {
      "zoom" : 20,
      "id" : "355ea12e-e574-452e-9db2-8b8288e79ff3",
      "label" : "USURE_IMPORTANTE",
      "confidence" : null
    }
  }, {
    "geometry" : {
      "coordinates" : [ [ [ [ 7.001496590673924, 43.54980103202794 ], [ 7.001499608159066, 43.54980103202794 ], [ 7.001500613987446, 43.54980078902793 ], [ 7.001501619815826, 43.54980006002787 ], [ 7.00150229036808, 43.5497993310278 ], [ 7.001502625644208, 43.549798845027745 ], [ 7.001502960920334, 43.549797387027574 ], [ 7.001503296196462, 43.54979617202739 ], [ 7.001503296196462, 43.54979422802706 ], [ 7.001502960920334, 43.54979374202696 ], [ 7.00150229036808, 43.54979325602686 ], [ 7.00150229036808, 43.54979252702672 ], [ 7.001491561532022, 43.54979252702672 ], [ 7.001491226255894, 43.549793985027016 ], [ 7.001491226255894, 43.54979592902735 ], [ 7.001491561532022, 43.54979641502743 ], [ 7.001492567360402, 43.549797144027536 ], [ 7.001493237912656, 43.5497976300276 ], [ 7.001494243741036, 43.54979835902769 ], [ 7.001494579017162, 43.54979908802777 ], [ 7.00149491429329, 43.54979981702784 ], [ 7.001495249569416, 43.54980054602791 ], [ 7.001496255397798, 43.54980078902793 ], [ 7.001496590673924, 43.54980103202794 ] ] ] ],
      "type" : "MultiPolygon"
    },
    "type" : "Feature",
    "properties" : {
      "zoom" : 20,
      "id" : "d0240e72-47f5-4e6d-ab72-d7e2c7af809f",
      "label" : "USURE_IMPORTANTE",
      "confidence" : null
    }
  }, {
    "geometry" : {
      "coordinates" : [ [ [ [ 7.001496590673924, 43.54979957402782 ], [ 7.001499608159066, 43.54979957402782 ], [ 7.00150027871132, 43.54979860202772 ], [ 7.00150027871132, 43.549794471027106 ], [ 7.001499272882938, 43.54979325602686 ], [ 7.001499272882938, 43.54979252702672 ], [ 7.00149390846491, 43.54979252702672 ], [ 7.00149390846491, 43.54979592902735 ], [ 7.001494243741036, 43.54979641502743 ], [ 7.00149491429329, 43.54979690102749 ], [ 7.001496255397798, 43.54979908802777 ], [ 7.001496590673924, 43.54979957402782 ] ] ] ],
      "type" : "MultiPolygon"
    },
    "type" : "Feature",
    "properties" : {
      "zoom" : 20,
      "id" : "1031a23f-b3a6-488e-9f1d-57450e7c2bd9",
      "label" : "USURE_IMPORTANTE",
      "confidence" : null
    }
  }, {
    "geometry" : {
      "coordinates" : [ [ [ [ 7.001547552645206, 43.54963943679937 ], [ 7.001550905406476, 43.54963943679937 ], [ 7.00155157595873, 43.54963895079803 ], [ 7.00155157595873, 43.549637006792615 ], [ 7.001550905406476, 43.54963652079127 ], [ 7.001547552645206, 43.54963652079127 ], [ 7.001546882092954, 43.549637006792615 ], [ 7.001546882092954, 43.54963895079803 ], [ 7.001547552645206, 43.54963943679937 ] ] ] ],
      "type" : "MultiPolygon"
    },
    "type" : "Feature",
    "properties" : {
      "zoom" : 20,
      "id" : "668d4818-316b-4e36-9f90-7d4b865b2519",
      "label" : "MOISISSURE_COULEUR",
      "confidence" : null
    }
  }, {
    "geometry" : {
      "coordinates" : [ [ [ [ 7.00138159096241, 43.55004087256849 ], [ 7.00140304863453, 43.55004087256849 ], [ 7.00140304863453, 43.550038685576986 ], [ 7.001400701701642, 43.550037227582614 ], [ 7.001400366425514, 43.55003674158448 ], [ 7.001400366425514, 43.550036255586335 ], [ 7.00139969587326, 43.55003576958819 ], [ 7.00139869004488, 43.55003552658913 ], [ 7.0013976842165, 43.550035283590056 ], [ 7.001396343111992, 43.550035040590984 ], [ 7.001395002007484, 43.550034797591906 ], [ 7.00139332562685, 43.550034797591906 ], [ 7.00139231979847, 43.550034311593755 ], [ 7.001388296484948, 43.550034311593755 ], [ 7.001383267343044, 43.55003455459283 ], [ 7.001381926238538, 43.550035283590056 ], [ 7.001381926238538, 43.550037713580735 ], [ 7.001381926238538, 43.55003844257792 ], [ 7.00138159096241, 43.55004087256849 ] ] ] ],
      "type" : "MultiPolygon"
    },
    "type" : "Feature",
    "properties" : {
      "zoom" : 20,
      "id" : "be9aaff7-ea0b-465e-86e9-1b8b6a5f318e",
      "label" : "MOISISSURE_COULEUR",
      "confidence" : null
    }
  }, {
    "geometry" : {
      "coordinates" : [ [ [ [ 7.001418136060238, 43.5500391715751 ], [ 7.001422829926014, 43.5500391715751 ], [ 7.001424171030522, 43.550038685576986 ], [ 7.001424841582776, 43.55003844257792 ], [ 7.001424841582776, 43.550036498585406 ], [ 7.001423835754396, 43.550036255586335 ], [ 7.001419812440872, 43.550036255586335 ], [ 7.001419141888618, 43.55003698458354 ], [ 7.001418136060238, 43.550037227582614 ], [ 7.001418136060238, 43.5500391715751 ] ] ] ],
      "type" : "MultiPolygon"
    },
    "type" : "Feature",
    "properties" : {
      "zoom" : 20,
      "id" : "c329a6a2-5bac-4b52-bfc2-5a0c21469504",
      "label" : "MOISISSURE_COULEUR",
      "confidence" : null
    }
  }, {
    "geometry" : {
      "coordinates" : [ [ [ [ 7.00140304863453, 43.550117903218435 ], [ 7.001407071948052, 43.550117903218435 ], [ 7.001407742500306, 43.550117417220946 ], [ 7.001408077776432, 43.550116931223464 ], [ 7.001408077776432, 43.55010915526314 ], [ 7.001407407224178, 43.55010502428381 ], [ 7.001407407224178, 43.55010332329224 ], [ 7.001407742500306, 43.55009992130895 ], [ 7.001407407224178, 43.550098463316054 ], [ 7.001407071948052, 43.55009797731842 ], [ 7.001400701701642, 43.5500977343196 ], [ 7.00139869004488, 43.55009822031723 ], [ 7.001395672559738, 43.550098463316054 ], [ 7.001392655074596, 43.550098463316054 ], [ 7.001385614275932, 43.55009822031723 ], [ 7.00138494372368, 43.550098463316054 ], [ 7.001384608447552, 43.55009894931369 ], [ 7.001384273171426, 43.55009992130895 ], [ 7.001383937895298, 43.55010065030538 ], [ 7.001383602619172, 43.55010235129704 ], [ 7.001383602619172, 43.55011571622973 ], [ 7.001383937895298, 43.55011668822471 ], [ 7.00138494372368, 43.550117417220946 ], [ 7.001400031149388, 43.550117417220946 ], [ 7.00140304863453, 43.550117903218435 ] ] ] ],
      "type" : "MultiPolygon"
    },
    "type" : "Feature",
    "properties" : {
      "zoom" : 20,
      "id" : "027c295f-3ec7-46c9-acfc-de27cc37b165",
      "label" : "VELUX",
      "confidence" : null
    }
  }, {
    "geometry" : {
      "coordinates" : [ [ [ [ 7.001390308141708, 43.55011766021968 ], [ 7.00139667838812, 43.550117417220946 ], [ 7.001400701701642, 43.55011766021968 ], [ 7.001404389739038, 43.55011766021968 ], [ 7.001405395567418, 43.550117417220946 ], [ 7.001406736671926, 43.55011644522597 ], [ 7.001407071948052, 43.55011571622973 ], [ 7.001407407224178, 43.55011498723347 ], [ 7.001407742500306, 43.55011401523845 ], [ 7.001408077776432, 43.55011085625454 ], [ 7.001408077776432, 43.550104781285015 ], [ 7.001407742500306, 43.550101865299425 ], [ 7.001407407224178, 43.55009894931369 ], [ 7.001406736671926, 43.55009797731842 ], [ 7.001405730843544, 43.55009724832195 ], [ 7.001404389739038, 43.55009700532313 ], [ 7.001400031149388, 43.55009724832195 ], [ 7.0013976842165, 43.55009724832195 ], [ 7.001386284828186, 43.55009700532313 ], [ 7.00138494372368, 43.55009749132078 ], [ 7.001383937895298, 43.55009797731842 ], [ 7.001383267343044, 43.55009894931369 ], [ 7.001383267343044, 43.55011450123597 ], [ 7.001383602619172, 43.55011571622973 ], [ 7.001383937895298, 43.55011644522597 ], [ 7.00138494372368, 43.5501171742222 ], [ 7.00138594955206, 43.550117417220946 ], [ 7.001390308141708, 43.55011766021968 ] ] ] ],
      "type" : "MultiPolygon"
    },
    "type" : "Feature",
    "properties" : {
      "zoom" : 20,
      "id" : "ddbeb0ab-1106-48fe-9323-15f36de248f8",
      "label" : "VELUX",
      "confidence" : null
    }
  }, {
    "geometry" : {
      "coordinates" : [ [ [ [ 7.001464739441872, 43.54964040880204 ], [ 7.001467421650888, 43.54964040880204 ], [ 7.001467421650888, 43.54963797879534 ], [ 7.001464739441872, 43.54963797879534 ], [ 7.001464739441872, 43.54964040880204 ] ] ] ],
      "type" : "MultiPolygon"
    },
    "type" : "Feature",
    "properties" : {
      "zoom" : 20,
      "id" : "a1b7c91d-24bd-4585-a818-92b73ea67dd0",
      "label" : "VELUX",
      "confidence" : null
    }
  }, {
    "geometry" : {
      "coordinates" : [ [ [ [ 7.001344040036202, 43.550064443471825 ], [ 7.001347057521344, 43.550064443471825 ], [ 7.001347728073598, 43.55006420047287 ], [ 7.001348733901978, 43.55006347147599 ], [ 7.001349069178104, 43.55006249948014 ], [ 7.001349069178104, 43.550059583492505 ], [ 7.001348398625852, 43.550058854495575 ], [ 7.001347728073598, 43.5500586114966 ], [ 7.001344710588456, 43.5500586114966 ], [ 7.001343704760076, 43.550058854495575 ], [ 7.001342363655568, 43.550059583492505 ], [ 7.001341693103314, 43.55006055548841 ], [ 7.001341693103314, 43.55006249948014 ], [ 7.00134202837944, 43.55006322847704 ], [ 7.001342363655568, 43.55006371447495 ], [ 7.001343034207822, 43.55006420047287 ], [ 7.001344040036202, 43.550064443471825 ] ] ] ],
      "type" : "MultiPolygon"
    },
    "type" : "Feature",
    "properties" : {
      "zoom" : 20,
      "id" : "5d3d29f9-ea24-4a84-b6ff-0c1b56a9b29a",
      "label" : "VELUX",
      "confidence" : null
    }
  }, {
    "geometry" : {
      "coordinates" : [ [ [ [ 7.0012940838933, 43.550065172468685 ], [ 7.001297436654568, 43.550065172468685 ], [ 7.001298442482948, 43.55006492946973 ], [ 7.001299113035202, 43.550064443471825 ], [ 7.001299783587456, 43.55006347147599 ], [ 7.001299783587456, 43.550060069490456 ], [ 7.001299113035202, 43.55005934049353 ], [ 7.00129508972168, 43.550059097494554 ], [ 7.0012940838933, 43.55005934049353 ], [ 7.00129307806492, 43.550059583492505 ], [ 7.001292072236538, 43.55006031248942 ], [ 7.001291736960412, 43.55006079848738 ], [ 7.001291736960412, 43.55006347147599 ], [ 7.001292072236538, 43.55006395747391 ], [ 7.001293413341046, 43.55006492946973 ], [ 7.001293748617172, 43.55006492946973 ], [ 7.0012940838933, 43.550065172468685 ] ] ] ],
      "type" : "MultiPolygon"
    },
    "type" : "Feature",
    "properties" : {
      "zoom" : 20,
      "id" : "d638a997-0114-4611-b578-fe6c3947e589",
      "label" : "VELUX",
      "confidence" : null
    }
  }, {
    "geometry" : {
      "coordinates" : [ [ [ [ 7.001278325915338, 43.55008582737616 ], [ 7.001281678676606, 43.55008582737616 ], [ 7.00128771364689, 43.550085584377285 ], [ 7.001288384199142, 43.55008534137841 ], [ 7.00128871947527, 43.55008485538066 ], [ 7.001289054751396, 43.55008388338516 ], [ 7.001289054751396, 43.55008023840189 ], [ 7.001288384199142, 43.550079266406314 ], [ 7.001284025609494, 43.55007902340741 ], [ 7.001278325915338, 43.550079266406314 ], [ 7.001277655363084, 43.55007950940521 ], [ 7.001277320086956, 43.55007999540299 ], [ 7.001277320086956, 43.55008485538066 ], [ 7.001277655363084, 43.55008534137841 ], [ 7.001278325915338, 43.55008582737616 ] ] ] ],
      "type" : "MultiPolygon"
    },
    "type" : "Feature",
    "properties" : {
      "zoom" : 20,
      "id" : "8f52e47c-b532-42a6-9f00-9e7291fd9358",
      "label" : "VELUX",
      "confidence" : null
    }
  }, {
    "geometry" : {
      "coordinates" : [ [ [ [ 7.001374550163746, 43.55006420047287 ], [ 7.001377232372762, 43.55006420047287 ], [ 7.001378573477268, 43.55006371447495 ], [ 7.001379244029522, 43.55006322847704 ], [ 7.00138058513403, 43.55006322847704 ], [ 7.00138058513403, 43.5500586114966 ], [ 7.001373879611492, 43.5500586114966 ], [ 7.001373209059238, 43.550058854495575 ], [ 7.001372873783112, 43.55005934049353 ], [ 7.001372538506986, 43.55005982649149 ], [ 7.001372538506986, 43.550062742479106 ], [ 7.001372873783112, 43.55006322847704 ], [ 7.001373879611492, 43.55006395747391 ], [ 7.00137421488762, 43.55006395747391 ], [ 7.001374550163746, 43.55006420047287 ] ] ] ],
      "type" : "MultiPolygon"
    },
    "type" : "Feature",
    "properties" : {
      "zoom" : 20,
      "id" : "2feeb8c0-6f54-4cb5-97e9-1b183482ca07",
      "label" : "VELUX",
      "confidence" : null
    }
  }, {
    "geometry" : {
      "coordinates" : [ [ [ [ 7.001377232372762, 43.550140016099746 ], [ 7.00138058513403, 43.550140016099746 ], [ 7.00138058513403, 43.550134184131835 ], [ 7.001378573477268, 43.550134184131835 ], [ 7.001377567648888, 43.55013442713051 ], [ 7.001376897096634, 43.55013467012918 ], [ 7.00137622654438, 43.55013515612653 ], [ 7.001375555992126, 43.55013612812121 ], [ 7.001375555992126, 43.550138315109166 ], [ 7.001375891268254, 43.55013904410514 ], [ 7.001376897096634, 43.5501397731011 ], [ 7.001377232372762, 43.550140016099746 ] ] ] ],
      "type" : "MultiPolygon"
    },
    "type" : "Feature",
    "properties" : {
      "zoom" : 20,
      "id" : "3c7b56c8-a044-416a-84cf-985a2fbb5e35",
      "label" : "VELUX",
      "confidence" : null
    }
  }, {
    "geometry" : {
      "coordinates" : [ [ [ [ 7.001347057521344, 43.55014050209705 ], [ 7.001350075006486, 43.55014050209705 ], [ 7.001351080834866, 43.5501402590984 ], [ 7.00135175138712, 43.550140016099746 ], [ 7.0013527572155, 43.55013928710379 ], [ 7.0013527572155, 43.55013710011586 ], [ 7.001352086663246, 43.55013612812121 ], [ 7.001347728073598, 43.550135885122536 ], [ 7.001346722245216, 43.55013612812121 ], [ 7.001346051692964, 43.55013637111987 ], [ 7.00134538114071, 43.5501368571172 ], [ 7.00134538114071, 43.55013928710379 ], [ 7.001347057521344, 43.55014050209705 ] ] ] ],
      "type" : "MultiPolygon"
    },
    "type" : "Feature",
    "properties" : {
      "zoom" : 20,
      "id" : "3dd917a2-116e-4e7b-959c-3eae0a6e8dfb",
      "label" : "VELUX",
      "confidence" : null
    }
  }, {
    "geometry" : {
      "coordinates" : [ [ [ [ 7.001283019781114, 43.55011474423472 ], [ 7.001288384199142, 43.55011474423472 ], [ 7.001291401684284, 43.55011450123597 ], [ 7.001292072236538, 43.55011425823721 ], [ 7.001292742788792, 43.5501137722397 ], [ 7.00129307806492, 43.55011328624219 ], [ 7.00129307806492, 43.55010818326803 ], [ 7.001292407512666, 43.55010769727046 ], [ 7.001289054751396, 43.55010769727046 ], [ 7.001283690333366, 43.55010794026925 ], [ 7.00128234922886, 43.55010818326803 ], [ 7.001281678676606, 43.55010842626681 ], [ 7.001281678676606, 43.55011328624219 ], [ 7.001282013952732, 43.55011401523845 ], [ 7.00128234922886, 43.55011450123597 ], [ 7.001283019781114, 43.55011474423472 ] ] ] ],
      "type" : "MultiPolygon"
    },
    "type" : "Feature",
    "properties" : {
      "zoom" : 20,
      "id" : "a5adf103-dedc-4d31-813d-8320b0b5ec71",
      "label" : "VELUX",
      "confidence" : null
    }
  }, {
    "geometry" : {
      "coordinates" : [ [ [ [ 7.001302130520344, 43.550138801106485 ], [ 7.001309506595136, 43.550138801106485 ], [ 7.001310847699642, 43.550138315109166 ], [ 7.00131118297577, 43.55013782911184 ], [ 7.00131118297577, 43.550134913127856 ], [ 7.001310847699642, 43.550130296152915 ], [ 7.001310512423516, 43.55012981015554 ], [ 7.001309171319008, 43.55012932415815 ], [ 7.001304477453232, 43.55012932415815 ], [ 7.001303471624852, 43.55012956715684 ], [ 7.001302801072598, 43.55012981015554 ], [ 7.001302130520344, 43.55013005315423 ], [ 7.001301795244218, 43.5501305391516 ], [ 7.00130145996809, 43.55013102514898 ], [ 7.001301124691964, 43.55013612812121 ], [ 7.001301124691964, 43.55013807211051 ], [ 7.001302130520344, 43.550138801106485 ] ] ] ],
      "type" : "MultiPolygon"
    },
    "type" : "Feature",
    "properties" : {
      "zoom" : 20,
      "id" : "2a3336f0-d21a-4be9-81b1-db016addce3d",
      "label" : "VELUX",
      "confidence" : null
    }
  }, {
    "geometry" : {
      "coordinates" : [ [ [ [ 7.001345716416836, 43.550140988094356 ], [ 7.001352421939374, 43.550140988094356 ], [ 7.00135376304388, 43.550140016099746 ], [ 7.00135376304388, 43.55013782911184 ], [ 7.001353427767754, 43.55013710011586 ], [ 7.001352086663246, 43.55013612812121 ], [ 7.001344710588456, 43.55013612812121 ], [ 7.001344040036202, 43.550136614118536 ], [ 7.001343704760076, 43.55013710011586 ], [ 7.001343704760076, 43.5501397731011 ], [ 7.00134538114071, 43.5501407450957 ], [ 7.001345716416836, 43.550140988094356 ] ] ] ],
      "type" : "MultiPolygon"
    },
    "type" : "Feature",
    "properties" : {
      "zoom" : 20,
      "id" : "7e843a86-d42d-41ce-b3dd-88922b14b462",
      "label" : "VELUX",
      "confidence" : null
    }
  }, {
    "geometry" : {
      "coordinates" : [ [ [ [ 7.001304477453232, 43.550138558107825 ], [ 7.001309841871262, 43.550138558107825 ], [ 7.001310512423516, 43.550138315109166 ], [ 7.00131118297577, 43.55013782911184 ], [ 7.001311518251896, 43.55013710011586 ], [ 7.001311518251896, 43.550134913127856 ], [ 7.00131118297577, 43.55013126814767 ], [ 7.001310847699642, 43.5501305391516 ], [ 7.001310177147388, 43.55013005315423 ], [ 7.001309506595136, 43.55012981015554 ], [ 7.001308500766754, 43.55012956715684 ], [ 7.00130481272936, 43.55012956715684 ], [ 7.001303136348724, 43.55012981015554 ], [ 7.001302465796472, 43.55013005315423 ], [ 7.00130145996809, 43.5501307821503 ], [ 7.001301124691964, 43.55013126814767 ], [ 7.001301124691964, 43.55013394113316 ], [ 7.00130145996809, 43.55013782911184 ], [ 7.001302130520344, 43.550138315109166 ], [ 7.001304477453232, 43.550138558107825 ] ] ] ],
      "type" : "MultiPolygon"
    },
    "type" : "Feature",
    "properties" : {
      "zoom" : 20,
      "id" : "601f45e8-16b1-492d-8a74-1933d2e7ec5e",
      "label" : "VELUX",
      "confidence" : null
    }
  }, {
    "geometry" : {
      "coordinates" : [ [ [ [ 7.001376561820508, 43.55014050209705 ], [ 7.00138058513403, 43.55014050209705 ], [ 7.00138058513403, 43.55013394113316 ], [ 7.001377902925014, 43.55013394113316 ], [ 7.001376897096634, 43.55013442713051 ], [ 7.00137622654438, 43.55013442713051 ], [ 7.001375220716, 43.550134913127856 ], [ 7.001374885439874, 43.5501353991252 ], [ 7.001374885439874, 43.55013904410514 ], [ 7.001375220716, 43.55013953010244 ], [ 7.001376561820508, 43.55014050209705 ] ] ] ],
      "type" : "MultiPolygon"
    },
    "type" : "Feature",
    "properties" : {
      "zoom" : 20,
      "id" : "36fbf929-c8d2-46c0-9b5f-41e6ba6e19f9",
      "label" : "VELUX",
      "confidence" : null
    }
  }, {
    "geometry" : {
      "coordinates" : [ [ [ [ 7.001282013952732, 43.55011450123597 ], [ 7.001291066408158, 43.55011474423472 ], [ 7.001292072236538, 43.55011450123597 ], [ 7.001292742788792, 43.55011425823721 ], [ 7.00129307806492, 43.5501137722397 ], [ 7.001293413341046, 43.55011328624219 ], [ 7.001293413341046, 43.55010866926558 ], [ 7.00129307806492, 43.55010818326803 ], [ 7.001292407512666, 43.55010769727046 ], [ 7.001285701990128, 43.55010769727046 ], [ 7.001283019781114, 43.55010794026925 ], [ 7.001281678676606, 43.55010818326803 ], [ 7.001280672848226, 43.55010891226436 ], [ 7.001280672848226, 43.55011085625454 ], [ 7.001281343400478, 43.550111585250846 ], [ 7.001281343400478, 43.55011328624219 ], [ 7.001281678676606, 43.55011401523845 ], [ 7.001282013952732, 43.55011450123597 ] ] ] ],
      "type" : "MultiPolygon"
    },
    "type" : "Feature",
    "properties" : {
      "zoom" : 20,
      "id" : "d84fcc92-b9cc-4fcb-8ad1-1ac47dea9bf6",
      "label" : "VELUX",
      "confidence" : null
    }
  }, {
    "geometry" : {
      "coordinates" : [ [ [ [ 7.001335993409158, 43.550116202227215 ], [ 7.001341693103314, 43.55011644522597 ], [ 7.001346051692964, 43.55011595922847 ], [ 7.00135074555874, 43.55011595922847 ], [ 7.001351416110992, 43.55011547323097 ], [ 7.00135175138712, 43.55011498723347 ], [ 7.001352086663246, 43.55011425823721 ], [ 7.001352086663246, 43.55010939826191 ], [ 7.00135175138712, 43.550106968274115 ], [ 7.001351416110992, 43.55010623927775 ], [ 7.001350410282612, 43.55010551028139 ], [ 7.001349069178104, 43.55010502428381 ], [ 7.001343704760076, 43.55010502428381 ], [ 7.001342363655568, 43.5501052672826 ], [ 7.001341357827188, 43.55010551028139 ], [ 7.00134001672268, 43.55010575328018 ], [ 7.0013390108943, 43.55010599627897 ], [ 7.001338340342046, 43.55010648227655 ], [ 7.001335993409158, 43.55010769727046 ], [ 7.00133565813303, 43.55010866926558 ], [ 7.001335322856904, 43.55010964126069 ], [ 7.001334987580776, 43.55011134225207 ], [ 7.001334987580776, 43.55011328624219 ], [ 7.001335322856904, 43.55011498723347 ], [ 7.00133565813303, 43.55011571622973 ], [ 7.001335993409158, 43.550116202227215 ] ] ] ],
      "type" : "MultiPolygon"
    },
    "type" : "Feature",
    "properties" : {
      "zoom" : 20,
      "id" : "7c812e63-7c78-46a4-91e6-353fa94e687b",
      "label" : "VELUX",
      "confidence" : null
    }
  }, {
    "geometry" : {
      "coordinates" : [ [ [ [ 7.001277655363084, 43.550086313373896 ], [ 7.00128436088562, 43.550086313373896 ], [ 7.001287378370762, 43.55008607037503 ], [ 7.00128871947527, 43.55008582737616 ], [ 7.001289390027524, 43.55008534137841 ], [ 7.00128972530365, 43.55008388338516 ], [ 7.00128972530365, 43.550080481400784 ], [ 7.001289054751396, 43.55007950940521 ], [ 7.001288048923016, 43.55007878040852 ], [ 7.001284025609494, 43.55007878040852 ], [ 7.001278325915338, 43.55007902340741 ], [ 7.001277655363084, 43.550079266406314 ], [ 7.00127698481083, 43.5500797524041 ], [ 7.001276649534702, 43.55008023840189 ], [ 7.001276649534702, 43.55008534137841 ], [ 7.00127698481083, 43.55008582737616 ], [ 7.001277655363084, 43.550086313373896 ] ] ] ],
      "type" : "MultiPolygon"
    },
    "type" : "Feature",
    "properties" : {
      "zoom" : 20,
      "id" : "5031e1d9-142d-47e9-b923-644377df707b",
      "label" : "VELUX",
      "confidence" : null
    }
  }, {
    "geometry" : {
      "coordinates" : [ [ [ [ 7.001344375312328, 43.55006492946973 ], [ 7.001348063349724, 43.55006492946973 ], [ 7.001348733901978, 43.550064686470776 ], [ 7.001349739730358, 43.55006395747391 ], [ 7.001350075006486, 43.55006347147599 ], [ 7.001350410282612, 43.550062742479106 ], [ 7.00135074555874, 43.55006201348221 ], [ 7.00135074555874, 43.55005982649149 ], [ 7.001348733901978, 43.55005788249966 ], [ 7.001344375312328, 43.55005788249966 ], [ 7.00134202837944, 43.55005812549863 ], [ 7.001341357827188, 43.550058368497616 ], [ 7.001340351998806, 43.550059097494554 ], [ 7.00134001672268, 43.550059583492505 ], [ 7.00134001672268, 43.55006152748428 ], [ 7.001341357827188, 43.55006347147599 ], [ 7.00134202837944, 43.55006395747391 ], [ 7.001343034207822, 43.550064443471825 ], [ 7.001344040036202, 43.550064686470776 ], [ 7.001344375312328, 43.55006492946973 ] ] ] ],
      "type" : "MultiPolygon"
    },
    "type" : "Feature",
    "properties" : {
      "zoom" : 20,
      "id" : "9117dc1e-b516-4464-a0d9-d04848dd9e9d",
      "label" : "VELUX",
      "confidence" : null
    }
  }, {
    "geometry" : {
      "coordinates" : [ [ [ [ 7.00129508972168, 43.550065658466586 ], [ 7.001298107206822, 43.550065658466586 ], [ 7.00129944831133, 43.550065415467635 ], [ 7.00130045413971, 43.550064686470776 ], [ 7.001300789415836, 43.55006420047287 ], [ 7.001301124691964, 43.550062742479106 ], [ 7.001301124691964, 43.55006031248942 ], [ 7.001300789415836, 43.550059583492505 ], [ 7.001300118863584, 43.5500586114966 ], [ 7.00129944831133, 43.55005812549863 ], [ 7.00129609555006, 43.55005812549863 ], [ 7.00129508972168, 43.550058368497616 ], [ 7.0012940838933, 43.550058854495575 ], [ 7.00129307806492, 43.550058854495575 ], [ 7.001292407512666, 43.550059097494554 ], [ 7.001291736960412, 43.550059583492505 ], [ 7.001291401684284, 43.550060069490456 ], [ 7.001291401684284, 43.55006249948014 ], [ 7.001291736960412, 43.550062985478064 ], [ 7.001292407512666, 43.55006347147599 ], [ 7.00129307806492, 43.550064686470776 ], [ 7.001293748617172, 43.550065172468685 ], [ 7.001294754445554, 43.550065415467635 ], [ 7.00129508972168, 43.550065658466586 ] ] ] ],
      "type" : "MultiPolygon"
    },
    "type" : "Feature",
    "properties" : {
      "zoom" : 20,
      "id" : "fed2faac-d7ba-4d45-835f-4816d932ebb7",
      "label" : "VELUX",
      "confidence" : null
    }
  }, {
    "geometry" : {
      "coordinates" : [ [ [ [ 7.001374550163746, 43.550064443471825 ], [ 7.001378238201142, 43.550064443471825 ], [ 7.001379244029522, 43.55006395747391 ], [ 7.00138058513403, 43.55006395747391 ], [ 7.00138058513403, 43.55005788249966 ], [ 7.001373544335366, 43.55005788249966 ], [ 7.001372538506986, 43.55005812549863 ], [ 7.001371532678604, 43.550058854495575 ], [ 7.001371532678604, 43.55006152748428 ], [ 7.001371867954732, 43.55006225648118 ], [ 7.001372538506986, 43.550062985478064 ], [ 7.001372538506986, 43.55006347147599 ], [ 7.001373209059238, 43.55006395747391 ], [ 7.00137421488762, 43.55006420047287 ], [ 7.001374550163746, 43.550064443471825 ] ] ] ],
      "type" : "MultiPolygon"
    },
    "type" : "Feature",
    "properties" : {
      "zoom" : 20,
      "id" : "b59ce735-4d8b-49b7-9370-ede0986bb652",
      "label" : "VELUX",
      "confidence" : null
    }
  }, {
    "geometry" : {
      "coordinates" : [ [ [ [ 7.000346593558788, 43.54975704900865 ], [ 7.000350616872312, 43.54975704900865 ], [ 7.000350616872312, 43.54975461900665 ], [ 7.00034961104393, 43.54975461900665 ], [ 7.000349275767804, 43.549751946004335 ], [ 7.000346593558788, 43.549751946004335 ], [ 7.000345923006536, 43.54975291800518 ], [ 7.000345923006536, 43.54975534800725 ], [ 7.000346258282662, 43.54975656300826 ], [ 7.000346593558788, 43.54975704900865 ] ] ] ],
      "type" : "MultiPolygon"
    },
    "type" : "Feature",
    "properties" : {
      "zoom" : 20,
      "id" : "292b8805-61f7-48fe-8480-30eab08b76a2",
      "label" : "VELUX",
      "confidence" : null
    }
  }, {
    "geometry" : {
      "coordinates" : [ [ [ [ 7.001163996756078, 43.5499038209479 ], [ 7.00116902589798, 43.5499038209479 ], [ 7.001170367002488, 43.54990284894948 ], [ 7.001170367002488, 43.54989944695488 ], [ 7.00117003172636, 43.549898717956005 ], [ 7.001169361174108, 43.549897988957134 ], [ 7.001168690621854, 43.54989750295787 ], [ 7.0011680200696, 43.54989653095935 ], [ 7.001167684793472, 43.54989555896081 ], [ 7.001167684793472, 43.54989482996191 ], [ 7.001167349517346, 43.54989385796333 ], [ 7.00116701424122, 43.54989337196404 ], [ 7.001166343688966, 43.549892885964745 ], [ 7.00116265565157, 43.549892885964745 ], [ 7.001161985099316, 43.54989312896439 ], [ 7.00116164982319, 43.549893614963686 ], [ 7.00116164982319, 43.54989580196045 ], [ 7.001161985099316, 43.54990090495257 ], [ 7.001162320375444, 43.549901633951436 ], [ 7.00116265565157, 43.54990236295026 ], [ 7.001163326203824, 43.54990333494869 ], [ 7.001163996756078, 43.5499038209479 ] ] ] ],
      "type" : "MultiPolygon"
    },
    "type" : "Feature",
    "properties" : {
      "zoom" : 20,
      "id" : "92eca25e-4682-4a47-b2b3-72b26340ce3d",
      "label" : "VELUX",
      "confidence" : null
    }
  }, {
    "geometry" : {
      "coordinates" : [ [ [ [ 7.0003529638052, 43.54975923601037 ], [ 7.000356987118722, 43.54975923601037 ], [ 7.000358328223228, 43.54975899301017 ], [ 7.000358998775482, 43.54975802100942 ], [ 7.00035933405161, 43.549757292008834 ], [ 7.00035933405161, 43.54975437600644 ], [ 7.000358998775482, 43.54975243200476 ], [ 7.000358663499356, 43.54975170300411 ], [ 7.000358328223228, 43.54975097400346 ], [ 7.000357657670976, 43.5497502450028 ], [ 7.000356651842594, 43.54975000200257 ], [ 7.00035396963358, 43.54975000200257 ], [ 7.0003529638052, 43.5497502450028 ], [ 7.000352293252946, 43.54975073100324 ], [ 7.000350952148438, 43.54975073100324 ], [ 7.000350952148438, 43.54975899301017 ], [ 7.0003529638052, 43.54975923601037 ] ] ] ],
      "type" : "MultiPolygon"
    },
    "type" : "Feature",
    "properties" : {
      "zoom" : 20,
      "id" : "429228ab-ac80-41c5-a828-eaea630e053e",
      "label" : "VELUX",
      "confidence" : null
    }
  }, {
    "geometry" : {
      "coordinates" : [ [ [ [ 7.00120858848095, 43.55010623927775 ], [ 7.0012266933918, 43.55010623927775 ], [ 7.001227363944054, 43.55010551028139 ], [ 7.00123105198145, 43.5501052672826 ], [ 7.00123306363821, 43.5501052672826 ], [ 7.001234069466592, 43.55010551028139 ], [ 7.001235075294972, 43.55010623927775 ], [ 7.001245133578778, 43.55010623927775 ], [ 7.001245133578778, 43.55010405228863 ], [ 7.001244463026524, 43.55010332329224 ], [ 7.001244127750398, 43.55010259429584 ], [ 7.001244127750398, 43.550102108298226 ], [ 7.001243121922016, 43.55010137930181 ], [ 7.001242451369762, 43.5501008933042 ], [ 7.001242451369762, 43.5500977343196 ], [ 7.00124178081751, 43.5500977343196 ], [ 7.001241110265256, 43.55009724832195 ], [ 7.001240439713002, 43.55009700532313 ], [ 7.001239769160748, 43.55009700532313 ], [ 7.001239433884622, 43.55009311734181 ], [ 7.001238763332368, 43.55009238834529 ], [ 7.00123742222786, 43.55009141634991 ], [ 7.001237086951734, 43.550090687353354 ], [ 7.00123641639948, 43.5500899583568 ], [ 7.00123306363821, 43.55008777136708 ], [ 7.001232728362084, 43.5500870423705 ], [ 7.001229040324688, 43.5500870423705 ], [ 7.001228034496308, 43.55008801436595 ], [ 7.001227028667928, 43.55008874336253 ], [ 7.001226022839546, 43.55008971535795 ], [ 7.001225352287292, 43.55009020135566 ], [ 7.00122468173504, 43.550091173351056 ], [ 7.00122468173504, 43.55009238834529 ], [ 7.001221999526024, 43.55009263134412 ], [ 7.001220993697644, 43.55009287434297 ], [ 7.00122032314539, 43.55009311734181 ], [ 7.001219652593136, 43.550094332335995 ], [ 7.001219652593136, 43.55009530433133 ], [ 7.001218311488628, 43.550096276326656 ], [ 7.001217640936376, 43.55009651932548 ], [ 7.001216635107994, 43.55009651932548 ], [ 7.00121596455574, 43.55009749132078 ], [ 7.001215629279614, 43.55009822031723 ], [ 7.001215629279614, 43.55009870631489 ], [ 7.001215294003488, 43.55009919231251 ], [ 7.001214623451234, 43.55009967831013 ], [ 7.001213617622852, 43.55009992130895 ], [ 7.001212276518346, 43.55009992130895 ], [ 7.001211605966092, 43.55010040730657 ], [ 7.001210600137712, 43.550101136303006 ], [ 7.001210600137712, 43.550101622300616 ], [ 7.001209929585458, 43.550102108298226 ], [ 7.001209929585458, 43.550102837294645 ], [ 7.00120959430933, 43.55010332329224 ], [ 7.00120858848095, 43.55010405228863 ], [ 7.00120858848095, 43.55010623927775 ] ] ] ],
      "type" : "MultiPolygon"
    },
    "type" : "Feature",
    "properties" : {
      "zoom" : 20,
      "id" : "505491fe-4fb7-4ff5-9c2d-c1a7e19b4ae8",
      "label" : "USURE_LEGER",
      "confidence" : null
    }
  }, {
    "geometry" : {
      "coordinates" : [ [ [ [ 7.001427859067918, 43.5501137722397 ], [ 7.00143188238144, 43.55011401523845 ], [ 7.00143288820982, 43.5501137722397 ], [ 7.001433223485948, 43.550111585250846 ], [ 7.001432552933694, 43.55010915526314 ], [ 7.00143188238144, 43.55010891226436 ], [ 7.001428529620172, 43.55010891226436 ], [ 7.00142752379179, 43.55010964126069 ], [ 7.001427188515664, 43.55011012725824 ], [ 7.001427188515664, 43.55011231424714 ], [ 7.00142752379179, 43.55011328624219 ], [ 7.001427859067918, 43.5501137722397 ] ] ] ],
      "type" : "MultiPolygon"
    },
    "type" : "Feature",
    "properties" : {
      "zoom" : 20,
      "id" : "15d09233-5f4a-4a4c-9669-b15028dbf403",
      "label" : "CHEMINEE",
      "confidence" : null
    }
  }, {
    "geometry" : {
      "coordinates" : [ [ [ [ 7.001427859067918, 43.550113529240946 ], [ 7.001432552933694, 43.5501137722397 ], [ 7.001433223485948, 43.550113529240946 ], [ 7.0014338940382, 43.55011304324342 ], [ 7.001434564590454, 43.55011207124837 ], [ 7.001434564590454, 43.55010988425946 ], [ 7.001433558762074, 43.55010915526314 ], [ 7.001432552933694, 43.55010866926558 ], [ 7.001428529620172, 43.55010866926558 ], [ 7.001427859067918, 43.55010915526314 ], [ 7.00142752379179, 43.55010964126069 ], [ 7.00142752379179, 43.55011304324342 ], [ 7.001427859067918, 43.550113529240946 ] ] ] ],
      "type" : "MultiPolygon"
    },
    "type" : "Feature",
    "properties" : {
      "zoom" : 20,
      "id" : "1dcc448c-6482-4b1c-9f89-56abc1a07b06",
      "label" : "CHEMINEE",
      "confidence" : null
    }
  }, {
    "geometry" : {
      "coordinates" : [ [ [ [ 7.001123428344728, 43.5496853639084 ], [ 7.00112845748663, 43.5496853639084 ], [ 7.00112946331501, 43.54968512090792 ], [ 7.001130133867264, 43.549684877907424 ], [ 7.001130804419518, 43.549684148905975 ], [ 7.001131139695644, 43.54968366290499 ], [ 7.001131139695644, 43.54968147590053 ], [ 7.001130804419518, 43.54968098989952 ], [ 7.001129798591138, 43.54968074689902 ], [ 7.001127786934376, 43.54968050389852 ], [ 7.001123428344728, 43.54968050389852 ], [ 7.001122422516346, 43.54968098989952 ], [ 7.00112208724022, 43.54968147590053 ], [ 7.001121751964092, 43.549681961901534 ], [ 7.001121751964092, 43.549684148905975 ], [ 7.00112208724022, 43.549684634906946 ], [ 7.001122422516346, 43.54968512090792 ], [ 7.001123428344728, 43.5496853639084 ] ] ] ],
      "type" : "MultiPolygon"
    },
    "type" : "Feature",
    "properties" : {
      "zoom" : 20,
      "id" : "3d51a2bc-6cfe-4488-97a2-665efcf366f4",
      "label" : "CHEMINEE",
      "confidence" : null
    }
  }, {
    "geometry" : {
      "coordinates" : [ [ [ [ 7.001125104725362, 43.54968560690889 ], [ 7.00112946331501, 43.5496853639084 ], [ 7.001130469143392, 43.5496853639084 ], [ 7.001130804419518, 43.549684634906946 ], [ 7.001130469143392, 43.54968098989952 ], [ 7.001129798591138, 43.54968074689902 ], [ 7.001129128038884, 43.54968074689902 ], [ 7.00112845748663, 43.54968050389852 ], [ 7.001128122210504, 43.54967977489701 ], [ 7.001124769449234, 43.54967977489701 ], [ 7.00112409889698, 43.54968050389852 ], [ 7.001122422516346, 43.54968147590053 ], [ 7.001122422516346, 43.549684148905975 ], [ 7.001122757792474, 43.549684634906946 ], [ 7.001123428344728, 43.54968512090792 ], [ 7.00112409889698, 43.5496853639084 ], [ 7.001125104725362, 43.54968560690889 ] ] ] ],
      "type" : "MultiPolygon"
    },
    "type" : "Feature",
    "properties" : {
      "zoom" : 20,
      "id" : "87862a97-134f-4106-a92a-0020be2372cf",
      "label" : "CHEMINEE",
      "confidence" : null
    }
  }, {
    "geometry" : {
      "coordinates" : [ [ [ [ 7.001165002584458, 43.5499040639475 ], [ 7.00116902589798, 43.5499040639475 ], [ 7.001169696450234, 43.5499038209479 ], [ 7.001169696450234, 43.549901147952205 ], [ 7.00116902589798, 43.5498996899545 ], [ 7.00116902589798, 43.5498977459575 ], [ 7.001168690621854, 43.54989653095935 ], [ 7.001168355345726, 43.54989580196045 ], [ 7.0011680200696, 43.54989507296155 ], [ 7.001167349517346, 43.54989410096297 ], [ 7.001167349517346, 43.54989337196404 ], [ 7.001166008412838, 43.54989239996545 ], [ 7.001163326203824, 43.54989239996545 ], [ 7.00116164982319, 43.549892885964745 ], [ 7.001160308718682, 43.54989312896439 ], [ 7.001159973442554, 43.549893614963686 ], [ 7.001159973442554, 43.549896773958984 ], [ 7.001160643994808, 43.549897988957134 ], [ 7.001160643994808, 43.54989944695488 ], [ 7.001160979270936, 43.549901147952205 ], [ 7.001161314547062, 43.54990211995065 ], [ 7.00116164982319, 43.549902605949875 ], [ 7.001162990927696, 43.5499035779483 ], [ 7.00116366147995, 43.5499038209479 ], [ 7.001165002584458, 43.5499040639475 ] ] ] ],
      "type" : "MultiPolygon"
    },
    "type" : "Feature",
    "properties" : {
      "zoom" : 20,
      "id" : "0f25429b-231e-48c3-a669-eb467015db7b",
      "label" : "CHEMINEE",
      "confidence" : null
    }
  }, {
    "geometry" : {
      "coordinates" : [ [ [ [ 7.001494243741036, 43.54979204102661 ], [ 7.001498267054558, 43.54979204102661 ], [ 7.001498267054558, 43.54979009702615 ], [ 7.001494243741036, 43.54979009702615 ], [ 7.001494243741036, 43.54979204102661 ] ] ] ],
      "type" : "MultiPolygon"
    },
    "type" : "Feature",
    "properties" : {
      "zoom" : 20,
      "id" : "6b5b1cbb-9896-4d51-b45c-0ea36ddfdad9",
      "label" : "OBSTACLE",
      "confidence" : null
    }
  }, {
    "geometry" : {
      "coordinates" : [ [ [ [ 7.001359462738038, 43.550157512000105 ], [ 7.001362144947052, 43.550157512000105 ], [ 7.001362144947052, 43.55015556801143 ], [ 7.001359462738038, 43.55015556801143 ], [ 7.001359462738038, 43.550157512000105 ] ] ] ],
      "type" : "MultiPolygon"
    },
    "type" : "Feature",
    "properties" : {
      "zoom" : 20,
      "id" : "db69f760-46f9-4524-a455-0640f55e3477",
      "label" : "OBSTACLE",
      "confidence" : null
    }
  }, {
    "geometry" : {
      "coordinates" : [ [ [ [ 7.001336663961412, 43.550116202227215 ], [ 7.001342698931694, 43.550116202227215 ], [ 7.00135074555874, 43.55011595922847 ], [ 7.001350410282612, 43.55011280024466 ], [ 7.001351080834866, 43.550111099253314 ], [ 7.001351080834866, 43.55010866926558 ], [ 7.00135074555874, 43.55010648227655 ], [ 7.001350410282612, 43.55010551028139 ], [ 7.001350075006486, 43.55010502428381 ], [ 7.00134538114071, 43.55010502428381 ], [ 7.001344040036202, 43.5501052672826 ], [ 7.00134001672268, 43.550106725275334 ], [ 7.001339346170426, 43.550107211272895 ], [ 7.001338340342046, 43.55010818326803 ], [ 7.001337669789792, 43.55010915526314 ], [ 7.001337669789792, 43.55011085625454 ], [ 7.001336999237538, 43.550111585250846 ], [ 7.001336663961412, 43.55011304324342 ], [ 7.001336663961412, 43.550116202227215 ] ] ] ],
      "type" : "MultiPolygon"
    },
    "type" : "Feature",
    "properties" : {
      "zoom" : 20,
      "id" : "a5575aa2-bd39-44a9-b110-2f71323c6dcf",
      "label" : "OBSTACLE",
      "confidence" : null
    }
  }, {
    "geometry" : {
      "coordinates" : [ [ [ [ 7.00113382190466, 43.54966325086028 ], [ 7.001138851046562, 43.54966325086028 ], [ 7.001139856874944, 43.54966325086028 ], [ 7.001139856874944, 43.549661306855654 ], [ 7.00113918632269, 43.54966033485332 ], [ 7.001136168837548, 43.54966009185273 ], [ 7.00113482773304, 43.54966106385507 ], [ 7.00113382190466, 43.549661306855654 ], [ 7.00113382190466, 43.54966325086028 ] ] ] ],
      "type" : "MultiPolygon"
    },
    "type" : "Feature",
    "properties" : {
      "zoom" : 20,
      "id" : "9925edab-8dd1-4093-a6f5-26f6661242fc",
      "label" : "OBSTACLE",
      "confidence" : null
    }
  }, {
    "geometry" : {
      "coordinates" : [ [ [ [ 7.00033150613308, 43.549684634906946 ], [ 7.00033687055111, 43.549684634906946 ], [ 7.000337541103364, 43.54968439190645 ], [ 7.000338546931744, 43.54968366290499 ], [ 7.000339217483998, 43.549683419904504 ], [ 7.000340223312378, 43.54968317690401 ], [ 7.000342905521394, 43.54968317690401 ], [ 7.000346593558788, 43.549683419904504 ], [ 7.000346258282662, 43.54968123290002 ], [ 7.000345252454282, 43.54968074689902 ], [ 7.000339552760124, 43.54968074689902 ], [ 7.000337205827236, 43.54967977489701 ], [ 7.000333853065968, 43.54967977489701 ], [ 7.000331841409206, 43.5496800178975 ], [ 7.00033150613308, 43.54968074689902 ], [ 7.000330835580826, 43.54968123290002 ], [ 7.0003305003047, 43.54968171890103 ], [ 7.0003305003047, 43.549684148905975 ], [ 7.00033150613308, 43.549684634906946 ] ] ] ],
      "type" : "MultiPolygon"
    },
    "type" : "Feature",
    "properties" : {
      "zoom" : 20,
      "id" : "eebe58d3-5ff6-47cb-ab70-f5e11c5f091d",
      "label" : "OBSTACLE",
      "confidence" : null
    }
  }, {
    "geometry" : {
      "coordinates" : [ [ [ [ 7.000345923006536, 43.549759479010554 ], [ 7.000350281596184, 43.549759479010554 ], [ 7.000350281596184, 43.54974878700144 ], [ 7.000346928834916, 43.54974878700144 ], [ 7.000346258282662, 43.54974903000167 ], [ 7.000345587730408, 43.54975146000389 ], [ 7.000345252454282, 43.54975340400561 ], [ 7.000345252454282, 43.54975923601037 ], [ 7.000345923006536, 43.549759479010554 ] ] ] ],
      "type" : "MultiPolygon"
    },
    "type" : "Feature",
    "properties" : {
      "zoom" : 20,
      "id" : "ac31f300-66b4-49df-9ef9-4ea1d001d330",
      "label" : "OBSTACLE",
      "confidence" : null
    }
  }, {
    "geometry" : {
      "coordinates" : [ [ [ [ 7.000297978520394, 43.54967637288981 ], [ 7.000300660729408, 43.54967637288981 ], [ 7.000300996005536, 43.54967564388824 ], [ 7.000302337110044, 43.549674914886666 ], [ 7.000303342938424, 43.54967418588509 ], [ 7.000303342938424, 43.54967175587974 ], [ 7.00030166655779, 43.549671269878665 ], [ 7.000300660729408, 43.54967102687812 ], [ 7.000297978520394, 43.54967102687812 ], [ 7.000297978520394, 43.54967637288981 ] ] ] ],
      "type" : "MultiPolygon"
    },
    "type" : "Feature",
    "properties" : {
      "zoom" : 20,
      "id" : "1f9a0a06-9421-456f-b5c2-3f8ebd350c17",
      "label" : "OBSTACLE",
      "confidence" : null
    }
  }, {
    "geometry" : {
      "coordinates" : [ [ [ [ 7.000345252454282, 43.54969095291928 ], [ 7.000347934663296, 43.54969095291928 ], [ 7.000348269939424, 43.54969046691836 ], [ 7.00034860521555, 43.549689251916035 ], [ 7.00034860521555, 43.549686821911294 ], [ 7.000347934663296, 43.54968560690889 ], [ 7.000347934663296, 43.54968317690401 ], [ 7.00034759938717, 43.54968244790252 ], [ 7.000345252454282, 43.54968074689902 ], [ 7.000339217483998, 43.54968074689902 ], [ 7.000338546931744, 43.54968050389852 ], [ 7.000337541103364, 43.54967977489701 ], [ 7.00033687055111, 43.549679531896494 ], [ 7.000332847237588, 43.549679531896494 ], [ 7.000331841409206, 43.54967977489701 ], [ 7.000330835580826, 43.54968050389852 ], [ 7.000330165028572, 43.54968123290002 ], [ 7.000330165028572, 43.549684634906946 ], [ 7.000330835580826, 43.54968512090792 ], [ 7.00033150613308, 43.5496853639084 ], [ 7.000333182513714, 43.54968560690889 ], [ 7.00033787637949, 43.54968560690889 ], [ 7.000338546931744, 43.549684877907424 ], [ 7.000339888036252, 43.549684877907424 ], [ 7.000340558588506, 43.549684148905975 ], [ 7.000342570245266, 43.549683905905475 ], [ 7.0003442466259, 43.54968512090792 ], [ 7.0003442466259, 43.549689251916035 ], [ 7.000344917178154, 43.549689980917435 ], [ 7.000344917178154, 43.54969046691836 ], [ 7.000345252454282, 43.54969095291928 ] ] ] ],
      "type" : "MultiPolygon"
    },
    "type" : "Feature",
    "properties" : {
      "zoom" : 20,
      "id" : "88132e84-5e95-4805-921b-348726b50f1f",
      "label" : "OBSTACLE",
      "confidence" : null
    }
  }, {
    "geometry" : {
      "coordinates" : [ [ [ [ 7.001172043383122, 43.54997793578141 ], [ 7.001174725592136, 43.54997793578141 ], [ 7.001174725592136, 43.54997574878764 ], [ 7.001172043383122, 43.54997574878764 ], [ 7.001172043383122, 43.54997793578141 ] ] ] ],
      "type" : "MultiPolygon"
    },
    "type" : "Feature",
    "properties" : {
      "zoom" : 20,
      "id" : "850a0b50-08bb-4e7f-8a56-07b586280f62",
      "label" : "OBSTACLE",
      "confidence" : null
    }
  }, {
    "geometry" : {
      "coordinates" : [ [ [ [ 7.001172713935376, 43.54998182377017 ], [ 7.00117539614439, 43.54998182377017 ], [ 7.00117539614439, 43.549979393777235 ], [ 7.001172713935376, 43.549979393777235 ], [ 7.001172713935376, 43.54998182377017 ] ] ] ],
      "type" : "MultiPolygon"
    },
    "type" : "Feature",
    "properties" : {
      "zoom" : 20,
      "id" : "b91ea81f-f124-46f9-bcc9-238e6cec1022",
      "label" : "OBSTACLE",
      "confidence" : null
    }
  }, {
    "geometry" : {
      "coordinates" : [ [ [ [ 7.001146227121354, 43.54982557502477 ], [ 7.001150585711002, 43.549825818024686 ], [ 7.001151591539384, 43.54982508902492 ], [ 7.001152262091638, 43.54982460302508 ], [ 7.00115293264389, 43.54982411702523 ], [ 7.001153267920018, 43.54982363102538 ], [ 7.001153603196144, 43.5498229020256 ], [ 7.001153603196144, 43.54982217302581 ], [ 7.001154273748398, 43.54982168702593 ], [ 7.001154273748398, 43.54981950002649 ], [ 7.001153603196144, 43.549819257026535 ], [ 7.00115092098713, 43.549819257026535 ], [ 7.001149579882622, 43.54981950002649 ], [ 7.001148238778114, 43.549819743026426 ], [ 7.001147232949734, 43.54981998602637 ], [ 7.001146227121354, 43.54982047202625 ], [ 7.001145891845226, 43.549820958026125 ], [ 7.001145891845226, 43.54982508902492 ], [ 7.001146227121354, 43.54982557502477 ] ] ] ],
      "type" : "MultiPolygon"
    },
    "type" : "Feature",
    "properties" : {
      "zoom" : 20,
      "id" : "9ac83b8d-3dd5-4f15-b1f8-1ca7f7d97b6d",
      "label" : "OBSTACLE",
      "confidence" : null
    }
  }, {
    "geometry" : {
      "coordinates" : [ [ [ [ 7.000355310738088, 43.54973930999178 ], [ 7.000358328223228, 43.54973930999178 ], [ 7.000358998775482, 43.54973882399124 ], [ 7.000359669327736, 43.54973858099097 ], [ 7.000367715954782, 43.54973858099097 ], [ 7.000368386507034, 43.54973809499044 ], [ 7.000368051230908, 43.549735178987106 ], [ 7.000368051230908, 43.54973469298653 ], [ 7.000368386507034, 43.549732505983926 ], [ 7.000367715954782, 43.54973177698303 ], [ 7.00036033987999, 43.54973177698303 ], [ 7.00035933405161, 43.549732262983625 ], [ 7.000358328223228, 43.549732505983926 ], [ 7.00035497546196, 43.549732505983926 ], [ 7.000353634357452, 43.54973347798509 ], [ 7.000353634357452, 43.54973809499044 ], [ 7.000355310738088, 43.54973930999178 ] ] ] ],
      "type" : "MultiPolygon"
    },
    "type" : "Feature",
    "properties" : {
      "zoom" : 20,
      "id" : "e06f1350-0f44-43b5-9a21-b33468b8a4e2",
      "label" : "OBSTACLE",
      "confidence" : null
    }
  }, {
    "geometry" : {
      "coordinates" : [ [ [ [ 7.000385150313378, 43.54974295499567 ], [ 7.000388503074646, 43.54974295499567 ], [ 7.000390514731408, 43.54974295499567 ], [ 7.00039353221655, 43.54974319799591 ], [ 7.000394202768804, 43.549742711995414 ], [ 7.000399567186832, 43.549742711995414 ], [ 7.000399567186832, 43.5497405249931 ], [ 7.000393196940422, 43.5497405249931 ], [ 7.000390850007534, 43.549741010993635 ], [ 7.000389844179154, 43.549741010993635 ], [ 7.0003891736269, 43.5497405249931 ], [ 7.000385485589504, 43.5497405249931 ], [ 7.000385150313378, 43.549741010993635 ], [ 7.000385150313378, 43.54974295499567 ] ] ] ],
      "type" : "MultiPolygon"
    },
    "type" : "Feature",
    "properties" : {
      "zoom" : 20,
      "id" : "6fe1770c-0e0e-4ba1-ba40-4f297521affe",
      "label" : "OBSTACLE",
      "confidence" : null
    }
  }, {
    "geometry" : {
      "coordinates" : [ [ [ [ 7.000394202768804, 43.549726916976894 ], [ 7.00039889663458, 43.549726916976894 ], [ 7.000400237739086, 43.54972594497561 ], [ 7.000400573015214, 43.54972521597466 ], [ 7.000400573015214, 43.54972254297103 ], [ 7.000400237739086, 43.54972205697037 ], [ 7.000394202768804, 43.549721813970024 ], [ 7.000393196940422, 43.54972254297103 ], [ 7.000391855835916, 43.54972375797269 ], [ 7.000391855835916, 43.54972594497561 ], [ 7.000393196940422, 43.54972618797594 ], [ 7.000394202768804, 43.549726916976894 ] ] ] ],
      "type" : "MultiPolygon"
    },
    "type" : "Feature",
    "properties" : {
      "zoom" : 20,
      "id" : "c12284c6-4fe8-4811-b0b2-0816bbfe2eaa",
      "label" : "OBSTACLE",
      "confidence" : null
    }
  }, {
    "geometry" : {
      "coordinates" : [ [ [ [ 7.000385150313378, 43.54972715997721 ], [ 7.000387832522392, 43.54972715997721 ], [ 7.000388838350774, 43.54972618797594 ], [ 7.000388838350774, 43.54972424397335 ], [ 7.000385820865632, 43.54972424397335 ], [ 7.000385150313378, 43.54972472997401 ], [ 7.000385150313378, 43.54972715997721 ] ] ] ],
      "type" : "MultiPolygon"
    },
    "type" : "Feature",
    "properties" : {
      "zoom" : 20,
      "id" : "907553f5-1559-4160-b38c-2eef66990a2d",
      "label" : "OBSTACLE",
      "confidence" : null
    }
  }, {
    "geometry" : {
      "coordinates" : [ [ [ [ 7.000353299081326, 43.54969484092655 ], [ 7.000356316566468, 43.54969484092655 ], [ 7.000357657670976, 43.549693625924306 ], [ 7.000357657670976, 43.54969095291928 ], [ 7.000358328223228, 43.549689980917435 ], [ 7.000358998775482, 43.549689494916485 ], [ 7.00035933405161, 43.54968900891556 ], [ 7.000358998775482, 43.5496853639084 ], [ 7.000358998775482, 43.549683419904504 ], [ 7.00035933405161, 43.54968074689902 ], [ 7.000358663499356, 43.54968026089802 ], [ 7.000357657670976, 43.5496800178975 ], [ 7.000353299081326, 43.5496800178975 ], [ 7.000353299081326, 43.54968293390351 ], [ 7.000352293252946, 43.54968366290499 ], [ 7.000351622700692, 43.54968366290499 ], [ 7.000351287424564, 43.549684148905975 ], [ 7.000351287424564, 43.549688765915086 ], [ 7.000351957976818, 43.549689251916035 ], [ 7.000353299081326, 43.549689980917435 ], [ 7.000353634357452, 43.54969119591974 ], [ 7.000353634357452, 43.54969192492112 ], [ 7.000353299081326, 43.54969484092655 ] ] ] ],
      "type" : "MultiPolygon"
    },
    "type" : "Feature",
    "properties" : {
      "zoom" : 20,
      "id" : "b9ef0e8f-d61b-4599-9188-446fb86b6810",
      "label" : "OBSTACLE",
      "confidence" : null
    }
  }, {
    "geometry" : {
      "coordinates" : [ [ [ [ 7.000426389276982, 43.54977891902226 ], [ 7.000429071485996, 43.54977891902226 ], [ 7.000431083142758, 43.54977867602215 ], [ 7.000431418418884, 43.549776489021134 ], [ 7.000430747866632, 43.54977503102042 ], [ 7.000430747866632, 43.54977260101914 ], [ 7.000430412590504, 43.54977090001819 ], [ 7.00042974203825, 43.54977017101776 ], [ 7.000429406762124, 43.54976968501747 ], [ 7.00042873620987, 43.549769442017336 ], [ 7.000425718724728, 43.549769442017336 ], [ 7.000425718724728, 43.54977138601846 ], [ 7.000426389276982, 43.54977187201873 ], [ 7.000426054000854, 43.54977260101914 ], [ 7.000424712896348, 43.54977333001953 ], [ 7.000423707067966, 43.54977405901992 ], [ 7.000423707067966, 43.54977770402171 ], [ 7.000424042344094, 43.54977819002194 ], [ 7.000424712896348, 43.54977867602215 ], [ 7.000426389276982, 43.54977891902226 ] ] ] ],
      "type" : "MultiPolygon"
    },
    "type" : "Feature",
    "properties" : {
      "zoom" : 20,
      "id" : "217a561a-f607-46e6-a070-198fdd1549b2",
      "label" : "OBSTACLE",
      "confidence" : null
    }
  }, {
    "geometry" : {
      "coordinates" : [ [ [ [ 7.000403590500356, 43.54977405901992 ], [ 7.00040627270937, 43.54977405901992 ], [ 7.00040627270937, 43.5497730870194 ], [ 7.000406607985498, 43.549772358019005 ], [ 7.00040727853775, 43.5497716290186 ], [ 7.00040727853775, 43.549769442017336 ], [ 7.000406607985498, 43.54976871301689 ], [ 7.000406607985498, 43.54976652601552 ], [ 7.00040627270937, 43.54976506801455 ], [ 7.000405937433244, 43.54976433901406 ], [ 7.000406943261624, 43.54976288101306 ], [ 7.000407613813878, 43.549761909012354 ], [ 7.000407613813878, 43.54975704900865 ], [ 7.000406943261624, 43.549756077007864 ], [ 7.000405937433244, 43.54975534800725 ], [ 7.00040526688099, 43.54975437600644 ], [ 7.000404931604862, 43.54975146000389 ], [ 7.000404931604862, 43.54974562799839 ], [ 7.000404596328736, 43.549744655997415 ], [ 7.000403925776482, 43.549743683996425 ], [ 7.000403925776482, 43.54974319799591 ], [ 7.000400573015214, 43.54974295499567 ], [ 7.000400573015214, 43.549746599999345 ], [ 7.00040090829134, 43.549747815000515 ], [ 7.00040191411972, 43.54974903000167 ], [ 7.00040191411972, 43.54975413300623 ], [ 7.000401578843594, 43.54975486200685 ], [ 7.00040090829134, 43.54975559100746 ], [ 7.00039990246296, 43.54975632000805 ], [ 7.000399567186832, 43.549756806008446 ], [ 7.000399231910706, 43.5497585070098 ], [ 7.000399231910706, 43.54976166601218 ], [ 7.000399567186832, 43.54976215201253 ], [ 7.000401243567468, 43.54976312401322 ], [ 7.000402249395848, 43.54976385301373 ], [ 7.000402249395848, 43.549768227016585 ], [ 7.000402584671974, 43.54976968501747 ], [ 7.000403255224228, 43.549771143018326 ], [ 7.000403255224228, 43.54977357301966 ], [ 7.000403590500356, 43.54977405901992 ] ] ] ],
      "type" : "MultiPolygon"
    },
    "type" : "Feature",
    "properties" : {
      "zoom" : 20,
      "id" : "1836fd7a-dd9d-459f-a981-55e6549be91e",
      "label" : "OBSTACLE",
      "confidence" : null
    }
  }, {
    "geometry" : {
      "coordinates" : [ [ [ [ 7.000375092029572, 43.54977673202125 ], [ 7.000388503074646, 43.54977673202125 ], [ 7.000388838350774, 43.54977624602102 ], [ 7.000388838350774, 43.54977333001953 ], [ 7.000388503074646, 43.54977187201873 ], [ 7.000387832522392, 43.54977090001819 ], [ 7.000387832522392, 43.54976749801614 ], [ 7.00038716197014, 43.54976628301536 ], [ 7.00038716197014, 43.54976215201253 ], [ 7.000386156141758, 43.549761909012354 ], [ 7.000385485589504, 43.54976093701164 ], [ 7.000385485589504, 43.549759479010554 ], [ 7.000381462275982, 43.54975923601037 ], [ 7.000380456447602, 43.549759479010554 ], [ 7.000379115343094, 43.549759722010734 ], [ 7.000378109514714, 43.54976045101128 ], [ 7.00037743896246, 43.54976069401146 ], [ 7.000376097857952, 43.54976069401146 ], [ 7.000375762581826, 43.549761909012354 ], [ 7.000374756753446, 43.54976093701164 ], [ 7.000371403992176, 43.54976093701164 ], [ 7.000370398163796, 43.549761423012 ], [ 7.000369727611542, 43.549761423012 ], [ 7.000368721783162, 43.549761909012354 ], [ 7.000368386507034, 43.549762395012706 ], [ 7.000368051230908, 43.54976312401322 ], [ 7.000367380678654, 43.54976336701339 ], [ 7.000366374850274, 43.54976361001356 ], [ 7.00036570429802, 43.54976361001356 ], [ 7.00036570429802, 43.54976482501439 ], [ 7.000365033745766, 43.54976531101472 ], [ 7.000365033745766, 43.5497660400152 ], [ 7.000364363193512, 43.54976652601552 ], [ 7.000363022089006, 43.54976652601552 ], [ 7.000363022089006, 43.54976895601704 ], [ 7.00036469846964, 43.54976895601704 ], [ 7.000366039574146, 43.549769442017336 ], [ 7.0003667101264, 43.549769928017625 ], [ 7.0003667101264, 43.54977041401791 ], [ 7.000367380678654, 43.54977090001819 ], [ 7.000367380678654, 43.5497716290186 ], [ 7.000369057059288, 43.549772844019266 ], [ 7.00037006288767, 43.5497730870194 ], [ 7.00037106871605, 43.54977405901992 ], [ 7.00037207454443, 43.54977454502016 ], [ 7.00037207454443, 43.549776489021134 ], [ 7.000375092029572, 43.54977673202125 ] ] ] ],
      "type" : "MultiPolygon"
    },
    "type" : "Feature",
    "properties" : {
      "zoom" : 20,
      "id" : "d5101a15-81ab-4fbf-bdb4-25a220627487",
      "label" : "OBSTACLE",
      "confidence" : null
    }
  }, {
    "geometry" : {
      "coordinates" : [ [ [ [ 7.00039554387331, 43.54972618797594 ], [ 7.000399567186832, 43.54972594497561 ], [ 7.00039990246296, 43.549725458974976 ], [ 7.00039990246296, 43.5497230289717 ], [ 7.000398561358452, 43.54972205697037 ], [ 7.000395208597184, 43.54972205697037 ], [ 7.00039453804493, 43.5497222999707 ], [ 7.00039353221655, 43.5497230289717 ], [ 7.00039353221655, 43.549724972974325 ], [ 7.000394202768804, 43.549725458974976 ], [ 7.000395208597184, 43.549725458974976 ], [ 7.00039554387331, 43.54972618797594 ] ] ] ],
      "type" : "MultiPolygon"
    },
    "type" : "Feature",
    "properties" : {
      "zoom" : 20,
      "id" : "e24d78e1-7c21-4d3f-9a33-c6035b814787",
      "label" : "OBSTACLE",
      "confidence" : null
    }
  }, {
    "geometry" : {
      "coordinates" : [ [ [ [ 7.001444287598134, 43.5500833973874 ], [ 7.001446969807148, 43.5500833973874 ], [ 7.001447305083276, 43.55008218239299 ], [ 7.001448310911656, 43.55008193939411 ], [ 7.001448310911656, 43.55007999540299 ], [ 7.00144797563553, 43.55007707941622 ], [ 7.001443952322006, 43.550076836417304 ], [ 7.001442946493626, 43.55007756541402 ], [ 7.001442275941372, 43.55007756541402 ], [ 7.001441940665246, 43.55007999540299 ], [ 7.0014426112175, 43.550080481400784 ], [ 7.0014426112175, 43.550081453396345 ], [ 7.001443952322006, 43.550082425391885 ], [ 7.001444287598134, 43.5500833973874 ] ] ] ],
      "type" : "MultiPolygon"
    },
    "type" : "Feature",
    "properties" : {
      "zoom" : 20,
      "id" : "638fc8c5-eed6-4487-9ac2-7275b431b296",
      "label" : "MOISISSURE_CLAIR",
      "confidence" : null
    }
  }, {
    "geometry" : {
      "coordinates" : [ [ [ [ 7.00147680938244, 43.549696298929206 ], [ 7.001480162143708, 43.549696298929206 ], [ 7.001481503248216, 43.549695326927434 ], [ 7.001481503248216, 43.54969484092655 ], [ 7.001483850181104, 43.5496931399234 ], [ 7.00148519128561, 43.549692653922484 ], [ 7.001485861837864, 43.549692653922484 ], [ 7.001486867666246, 43.549692410922034 ], [ 7.001488879323006, 43.54969168192066 ], [ 7.001489885151386, 43.54969095291928 ], [ 7.001491226255894, 43.54968900891556 ], [ 7.001491226255894, 43.549688522914614 ], [ 7.001491561532022, 43.54968803691367 ], [ 7.001492567360402, 43.54968730791224 ], [ 7.001492567360402, 43.54968584990937 ], [ 7.00149390846491, 43.54968560690889 ], [ 7.00149390846491, 43.5496800178975 ], [ 7.001493237912656, 43.54967977489701 ], [ 7.001492567360402, 43.549679531896494 ], [ 7.001491561532022, 43.549679531896494 ], [ 7.001490890979768, 43.54967904589548 ], [ 7.001488879323006, 43.54967831689394 ], [ 7.001486197113992, 43.54967831689394 ], [ 7.00148519128561, 43.54967734489189 ], [ 7.001483850181104, 43.54967661589033 ], [ 7.001482844352722, 43.54967588688877 ], [ 7.001482509076596, 43.54967540088773 ], [ 7.001482173800468, 43.54967467188615 ], [ 7.001482173800468, 43.54967078387758 ], [ 7.001481503248216, 43.54967054087704 ], [ 7.001481167972088, 43.54966811087155 ], [ 7.001480162143708, 43.54966762487044 ], [ 7.001480162143708, 43.54966568086596 ], [ 7.0014788210392, 43.5496654378654 ], [ 7.001475468277932, 43.5496654378654 ], [ 7.001474127173424, 43.54966592386653 ], [ 7.001473121345044, 43.54966665286821 ], [ 7.001473121345044, 43.54966908287376 ], [ 7.001472115516664, 43.5496698118754 ], [ 7.001470774412156, 43.54967029787649 ], [ 7.001468427479268, 43.54967029787649 ], [ 7.001468427479268, 43.549672970882426 ], [ 7.001468762755394, 43.54967588688877 ], [ 7.001469433307648, 43.54967904589548 ], [ 7.001469768583776, 43.549681961901534 ], [ 7.001470103859902, 43.549684877907424 ], [ 7.001470103859902, 43.54968560690889 ], [ 7.001471780240536, 43.54968560690889 ], [ 7.001473791897298, 43.549686821911294 ], [ 7.001474127173424, 43.549687550912715 ], [ 7.001475133001804, 43.549688765915086 ], [ 7.001475133001804, 43.549689494916485 ], [ 7.001474797725678, 43.54969046691836 ], [ 7.001474462449552, 43.54969095291928 ], [ 7.001470774412156, 43.54969119591974 ], [ 7.001471109688282, 43.54969386892475 ], [ 7.001471109688282, 43.54969581292832 ], [ 7.001475133001804, 43.54969581292832 ], [ 7.00147680938244, 43.549696298929206 ] ] ] ],
      "type" : "MultiPolygon"
    },
    "type" : "Feature",
    "properties" : {
      "zoom" : 20,
      "id" : "5c9ead59-35c8-480a-b1b5-cca16c4c8683",
      "label" : "MOISISSURE_CLAIR",
      "confidence" : null
    }
  }, {
    "geometry" : {
      "coordinates" : [ [ [ [ 7.001333311200142, 43.55016334396576 ], [ 7.001336999237538, 43.55016334396576 ], [ 7.001338005065918, 43.5501631009672 ], [ 7.001339346170426, 43.55016261497009 ], [ 7.00134001672268, 43.55016212897297 ], [ 7.00134102255106, 43.5501618859744 ], [ 7.001341693103314, 43.55016139997727 ], [ 7.00134202837944, 43.55016067098157 ], [ 7.001341693103314, 43.55015338102409 ], [ 7.001341693103314, 43.55015240902969 ], [ 7.00134202837944, 43.550149493046405 ], [ 7.001341693103314, 43.550148035054704 ], [ 7.001341357827188, 43.55014706306023 ], [ 7.00134102255106, 43.55014633406435 ], [ 7.001340687274934, 43.550145848067096 ], [ 7.0013390108943, 43.55014536206984 ], [ 7.001335993409158, 43.55014536206984 ], [ 7.001335322856904, 43.55014560506847 ], [ 7.001333981752396, 43.550146577062975 ], [ 7.001333981752396, 43.55014730605885 ], [ 7.00133364647627, 43.55014779205609 ], [ 7.001332640647888, 43.550148521051945 ], [ 7.001332640647888, 43.550149493046405 ], [ 7.001330628991128, 43.55015095103806 ], [ 7.001329623162746, 43.55015192303248 ], [ 7.001327611505986, 43.55015338102409 ], [ 7.001326940953732, 43.55015435301847 ], [ 7.001326940953732, 43.55015483901566 ], [ 7.001326270401478, 43.55015532501284 ], [ 7.001325264573098, 43.55015532501284 ], [ 7.001325264573098, 43.55015726900152 ], [ 7.00132928788662, 43.55015726900152 ], [ 7.001329623162746, 43.550159212990145 ], [ 7.001329958438874, 43.550160427983 ], [ 7.001330964267254, 43.55016115697871 ], [ 7.001331299543382, 43.5501618859744 ], [ 7.001333311200142, 43.55016334396576 ] ] ] ],
      "type" : "MultiPolygon"
    },
    "type" : "Feature",
    "properties" : {
      "zoom" : 20,
      "id" : "3a81427a-fa67-494b-8ef1-c8a50d53d617",
      "label" : "MOISISSURE_CLAIR",
      "confidence" : null
    }
  }, {
    "geometry" : {
      "coordinates" : [ [ [ [ 7.00115729123354, 43.54979179802656 ], [ 7.001160979270936, 43.54979179802656 ], [ 7.00116164982319, 43.5497915550265 ], [ 7.00116265565157, 43.549790826026324 ], [ 7.001163326203824, 43.54979009702615 ], [ 7.001163996756078, 43.549789368025955 ], [ 7.001164332032204, 43.54978888202583 ], [ 7.001164332032204, 43.54978839602569 ], [ 7.001165673136712, 43.5497874240254 ], [ 7.001166343688966, 43.54978620902503 ], [ 7.001167349517346, 43.54978548002478 ], [ 7.001167349517346, 43.54978305002395 ], [ 7.00116701424122, 43.54978256402375 ], [ 7.001165673136712, 43.54978134902328 ], [ 7.001164667308332, 43.549780863023074 ], [ 7.001162990927696, 43.549780863023074 ], [ 7.001162320375444, 43.54978037702288 ], [ 7.001161985099316, 43.54977989102268 ], [ 7.001161985099316, 43.54977940502247 ], [ 7.001161985099316, 43.549776975021366 ], [ 7.001160308718682, 43.54977576002078 ], [ 7.001156620681286, 43.54977576002078 ], [ 7.001154273748398, 43.54977770402171 ], [ 7.00115293264389, 43.54977843302204 ], [ 7.001152597367764, 43.549779648022565 ], [ 7.001152262091638, 43.549780134022775 ], [ 7.001151256263256, 43.54978062002298 ], [ 7.001151256263256, 43.54978280702384 ], [ 7.001152262091638, 43.549783536024115 ], [ 7.001152262091638, 43.54978548002478 ], [ 7.001152597367764, 43.54978620902503 ], [ 7.001153603196144, 43.5497874240254 ], [ 7.001153938472272, 43.54978815302562 ], [ 7.001153938472272, 43.54979009702615 ], [ 7.001154944300652, 43.549790826026324 ], [ 7.001155614852906, 43.549790826026324 ], [ 7.00115628540516, 43.54979131202645 ], [ 7.00115729123354, 43.54979179802656 ] ] ] ],
      "type" : "MultiPolygon"
    },
    "type" : "Feature",
    "properties" : {
      "zoom" : 20,
      "id" : "6af8196d-6be6-4630-b3eb-5409bd38d7ad",
      "label" : "MOISISSURE_CLAIR",
      "confidence" : null
    }
  }, {
    "geometry" : {
      "coordinates" : [ [ [ [ 7.0012042298913, 43.5497502450028 ], [ 7.001209259033204, 43.5497502450028 ], [ 7.001209929585458, 43.54975000200257 ], [ 7.001210935413838, 43.54974927300189 ], [ 7.001212276518346, 43.54974805800075 ], [ 7.001212611794472, 43.549747572000285 ], [ 7.0012129470706, 43.5497463569991 ], [ 7.001213282346726, 43.549745141997896 ], [ 7.001213282346726, 43.549741982994654 ], [ 7.001213617622852, 43.54974149699414 ], [ 7.001214288175106, 43.549741010993635 ], [ 7.001214288175106, 43.54973858099097 ], [ 7.0012129470706, 43.54973760898988 ], [ 7.0012129470706, 43.54973639398851 ], [ 7.001213617622852, 43.549735178987106 ], [ 7.001213617622852, 43.54973274898422 ], [ 7.001211605966092, 43.54973129098244 ], [ 7.001209929585458, 43.54973031898124 ], [ 7.001208923757076, 43.54973007598094 ], [ 7.001207917928696, 43.54972958998032 ], [ 7.001206576824188, 43.549728617979085 ], [ 7.001205570995808, 43.54972764597784 ], [ 7.001204900443554, 43.549726916976894 ], [ 7.001204900443554, 43.54972643097626 ], [ 7.001203894615174, 43.54972521597466 ], [ 7.001203894615174, 43.54972448697368 ], [ 7.001204565167428, 43.54972375797269 ], [ 7.001205570995808, 43.5497230289717 ], [ 7.001206576824188, 43.5497230289717 ], [ 7.001207917928696, 43.549721813970024 ], [ 7.00120858848095, 43.549721084969015 ], [ 7.001209929585458, 43.54972011296765 ], [ 7.001210264861584, 43.54971938396661 ], [ 7.001210264861584, 43.54971865496556 ], [ 7.001210935413838, 43.54971816896485 ], [ 7.001211270689964, 43.54971768296415 ], [ 7.001211270689964, 43.54971719696344 ], [ 7.001211605966092, 43.54971671096273 ], [ 7.001212611794472, 43.54971598196165 ], [ 7.00121395289898, 43.54971525296056 ], [ 7.00121495872736, 43.5497150099602 ], [ 7.001215629279614, 43.5497142809591 ], [ 7.001215629279614, 43.54971306595725 ], [ 7.001216970384122, 43.549712336956134 ], [ 7.001217305660248, 43.549711607955 ], [ 7.001218311488628, 43.54971039295309 ], [ 7.001218311488628, 43.54970990695231 ], [ 7.001218982040882, 43.549709177951165 ], [ 7.00121931731701, 43.5497082059496 ], [ 7.00121931731701, 43.54970577594563 ], [ 7.001218982040882, 43.54970480394402 ], [ 7.001218646764756, 43.54970358894197 ], [ 7.001218311488628, 43.54970285994074 ], [ 7.001217976212502, 43.54970213093949 ], [ 7.001217305660248, 43.54970140193824 ], [ 7.00121596455574, 43.54970042993655 ], [ 7.001215629279614, 43.54969970093527 ], [ 7.001214623451234, 43.54969945793484 ], [ 7.001212611794472, 43.54969799993226 ], [ 7.001211605966092, 43.54969751393139 ], [ 7.001207917928696, 43.54969751393139 ], [ 7.001206912100316, 43.54969775693183 ], [ 7.001205906271936, 43.54969799993226 ], [ 7.0012042298913, 43.54969848593313 ], [ 7.00120322406292, 43.54969872893356 ], [ 7.001200541853906, 43.549698971933985 ], [ 7.001189813017846, 43.54969921493442 ], [ 7.00117338448763, 43.54969921493442 ], [ 7.001172378659248, 43.549698971933985 ], [ 7.001171372830868, 43.54969848593313 ], [ 7.001170702278614, 43.54969799993226 ], [ 7.001167684793472, 43.54969702793052 ], [ 7.00116701424122, 43.54969654192964 ], [ 7.001166343688966, 43.54969654192964 ], [ 7.001165337860584, 43.54969605592876 ], [ 7.001164667308332, 43.54969605592876 ], [ 7.00116366147995, 43.54969556992788 ], [ 7.001160979270936, 43.54969556992788 ], [ 7.001160308718682, 43.54969605592876 ], [ 7.001159302890302, 43.54969581292832 ], [ 7.001158632338048, 43.549695326927434 ], [ 7.001158632338048, 43.54969435492565 ], [ 7.00115829706192, 43.54969386892475 ], [ 7.001157626509666, 43.54969386892475 ], [ 7.001156620681286, 43.54969289692294 ], [ 7.001152597367764, 43.549692653922484 ], [ 7.001150250434876, 43.5496931399234 ], [ 7.001145221292974, 43.5496931399234 ], [ 7.001144215464592, 43.549693625924306 ], [ 7.00114119797945, 43.549693625924306 ], [ 7.00114019215107, 43.54969338292385 ], [ 7.001139521598816, 43.5496931399234 ], [ 7.001136504113674, 43.54969095291928 ], [ 7.001136839389802, 43.549688765915086 ], [ 7.00113281607628, 43.549688522914614 ], [ 7.001131810247898, 43.54968803691367 ], [ 7.001124434173108, 43.54968827991414 ], [ 7.001122422516346, 43.54968827991414 ], [ 7.001122422516346, 43.54969070991882 ], [ 7.00112108141184, 43.54969168192066 ], [ 7.001120410859586, 43.54969289692294 ], [ 7.001119069755078, 43.5496931399234 ], [ 7.001118063926698, 43.5496931399234 ], [ 7.001115046441556, 43.5496931399234 ], [ 7.001115046441556, 43.54969508392699 ], [ 7.001115381717682, 43.54969702793052 ], [ 7.00111571699381, 43.54969921493442 ], [ 7.001116052269936, 43.549701158937815 ], [ 7.001116387546062, 43.54970334594156 ], [ 7.001117058098316, 43.54970577594563 ], [ 7.001117393374444, 43.54970771994881 ], [ 7.00111772865057, 43.54970990695231 ], [ 7.001118063926698, 43.549711850955376 ], [ 7.001118399202824, 43.54971403795873 ], [ 7.001118399202824, 43.549715495960925 ], [ 7.001122422516346, 43.549715495960925 ], [ 7.001122757792474, 43.54971282295688 ], [ 7.001122422516346, 43.549712336956134 ], [ 7.001121751964092, 43.549711850955376 ], [ 7.001121751964092, 43.54971087895385 ], [ 7.00112208724022, 43.5497101499527 ], [ 7.0011230930686, 43.54970966395194 ], [ 7.001123428344728, 43.54970893495078 ], [ 7.001125104725362, 43.54970771994881 ], [ 7.001125775277616, 43.54970747694843 ], [ 7.001126445829868, 43.54970747694843 ], [ 7.001127116382122, 43.54970699094763 ], [ 7.00112845748663, 43.54970577594563 ], [ 7.001129128038884, 43.54970577594563 ], [ 7.001131139695644, 43.54970456094361 ], [ 7.00113281607628, 43.54970334594156 ], [ 7.001133486628532, 43.54970285994074 ], [ 7.00113482773304, 43.54970188793908 ], [ 7.00113583356142, 43.54970140193824 ], [ 7.001137509942056, 43.549701158937815 ], [ 7.001138515770436, 43.549701158937815 ], [ 7.00113918632269, 43.54970091593739 ], [ 7.00114019215107, 43.54970042993655 ], [ 7.001141533255578, 43.54969945793484 ], [ 7.001142539083958, 43.549698971933985 ], [ 7.001145891845226, 43.549698971933985 ], [ 7.001147232949734, 43.54969848593313 ], [ 7.001148238778114, 43.54969799993226 ], [ 7.001149244606496, 43.54969727093095 ], [ 7.00114991515875, 43.54969751393139 ], [ 7.001150250434876, 43.5496982429327 ], [ 7.00115092098713, 43.54969872893356 ], [ 7.001151591539384, 43.54969921493442 ], [ 7.001153267920018, 43.54969945793484 ], [ 7.001153938472272, 43.54969994393569 ], [ 7.001154609024526, 43.54969994393569 ], [ 7.001155279576778, 43.54970018693612 ], [ 7.00115628540516, 43.54970091593739 ], [ 7.00115829706192, 43.54970164493865 ], [ 7.001158967614174, 43.54970164493865 ], [ 7.001159973442554, 43.549702373939915 ], [ 7.001160979270936, 43.54970261694031 ], [ 7.001162320375444, 43.54970358894197 ], [ 7.001162320375444, 43.549704074942795 ], [ 7.00116265565157, 43.54970456094361 ], [ 7.001163326203824, 43.54970504694442 ], [ 7.001163996756078, 43.54970528994482 ], [ 7.001164667308332, 43.54970528994482 ], [ 7.00116701424122, 43.54970650494683 ], [ 7.0011680200696, 43.54970699094763 ], [ 7.001168355345726, 43.54970771994881 ], [ 7.001168690621854, 43.5497082059496 ], [ 7.001169361174108, 43.549708691950386 ], [ 7.001172043383122, 43.549708691950386 ], [ 7.001173049211502, 43.54970893495078 ], [ 7.00117439031601, 43.5497101499527 ], [ 7.001175060868264, 43.54971039295309 ], [ 7.00117975473404, 43.54971039295309 ], [ 7.00118076056242, 43.549710635953474 ], [ 7.001181431114674, 43.54971087895385 ], [ 7.001183442771436, 43.549712336956134 ], [ 7.001183778047562, 43.54971282295688 ], [ 7.00118411332369, 43.549713794958365 ], [ 7.001184448599816, 43.549714523959466 ], [ 7.001184448599816, 43.5497150099602 ], [ 7.001184783875942, 43.54971573896128 ], [ 7.00118511915207, 43.549716224962005 ], [ 7.001186795532704, 43.54971743996379 ], [ 7.001186795532704, 43.5497179259645 ], [ 7.001188136637212, 43.54971889796591 ], [ 7.001188471913338, 43.54971962696696 ], [ 7.0011904835701, 43.549721084969015 ], [ 7.00119148939848, 43.54972254297103 ], [ 7.00119148939848, 43.54972375797269 ], [ 7.001192159950734, 43.54972448697368 ], [ 7.001192159950734, 43.549725701975305 ], [ 7.001191824674606, 43.54972813197847 ], [ 7.00119249522686, 43.54972958998032 ], [ 7.00119249522686, 43.54973080498184 ], [ 7.001192159950734, 43.54973372098539 ], [ 7.001192830502988, 43.54973420698596 ], [ 7.001193165779114, 43.54973469298653 ], [ 7.001193501055242, 43.549736150988224 ], [ 7.001193501055242, 43.54973663698878 ], [ 7.001192830502988, 43.549737122989335 ], [ 7.001192830502988, 43.54974149699414 ], [ 7.001193501055242, 43.549742225994905 ], [ 7.001193836331368, 43.54974295499567 ], [ 7.001193836331368, 43.54974416999691 ], [ 7.001194171607494, 43.54974489899766 ], [ 7.001194506883622, 43.54974538499815 ], [ 7.00119584798813, 43.549746599999345 ], [ 7.00119886547327, 43.549746842999575 ], [ 7.001199536025524, 43.549747085999805 ], [ 7.001200877130032, 43.549747815000515 ], [ 7.001201882958412, 43.54974878700144 ], [ 7.001202888786794, 43.54974951600211 ], [ 7.0012042298913, 43.5497502450028 ] ] ] ],
      "type" : "MultiPolygon"
    },
    "type" : "Feature",
    "properties" : {
      "zoom" : 20,
      "id" : "0e6cba34-c65d-4ca5-aefa-0d435859c1f1",
      "label" : "MOISISSURE_CLAIR",
      "confidence" : null
    }
  }, {
    "geometry" : {
      "coordinates" : [ [ [ [ 7.001130133867264, 43.54978863902575 ], [ 7.001133486628532, 43.54978888202583 ], [ 7.001137845218182, 43.549785723024875 ], [ 7.001138515770436, 43.54978548002478 ], [ 7.001144886016846, 43.54978548002478 ], [ 7.0011455565691, 43.54978523702471 ], [ 7.001147232949734, 43.54978402202428 ], [ 7.001147903501988, 43.549783536024115 ], [ 7.001148574054242, 43.54978256402375 ], [ 7.001149244606496, 43.54978207802357 ], [ 7.001150250434876, 43.549781835023474 ], [ 7.00115092098713, 43.54978134902328 ], [ 7.00115092098713, 43.549780863023074 ], [ 7.001151591539384, 43.549780134022775 ], [ 7.00115192681551, 43.54977940502247 ], [ 7.00115192681551, 43.54977891902226 ], [ 7.00115293264389, 43.54977770402171 ], [ 7.00115293264389, 43.54977721802148 ], [ 7.001153267920018, 43.549776489021134 ], [ 7.001153938472272, 43.549776003020895 ], [ 7.001154273748398, 43.54977527402053 ], [ 7.001155279576778, 43.54977454502016 ], [ 7.001157626509666, 43.549773816019794 ], [ 7.001157961785794, 43.5497730870194 ], [ 7.001158967614174, 43.549772358019005 ], [ 7.001159302890302, 43.54977187201873 ], [ 7.001159302890302, 43.54976968501747 ], [ 7.001158632338048, 43.54976895601704 ], [ 7.001157961785794, 43.549768470016744 ], [ 7.001157626509666, 43.54976798401645 ], [ 7.001157626509666, 43.54976749801614 ], [ 7.001157961785794, 43.54976652601552 ], [ 7.00115829706192, 43.5497660400152 ], [ 7.001159973442554, 43.54976482501439 ], [ 7.001165002584458, 43.54976458201423 ], [ 7.001166008412838, 43.54976458201423 ], [ 7.001166678965092, 43.54976482501439 ], [ 7.00116701424122, 43.54976579701504 ], [ 7.001168690621854, 43.549767012015835 ], [ 7.001171372830868, 43.549767012015835 ], [ 7.001171708106996, 43.54976652601552 ], [ 7.001172043383122, 43.54976579701504 ], [ 7.001172043383122, 43.54976312401322 ], [ 7.001171708106996, 43.549762395012706 ], [ 7.001171372830868, 43.549761909012354 ], [ 7.00117003172636, 43.54976069401146 ], [ 7.001168690621854, 43.549759965010914 ], [ 7.001167684793472, 43.54975923601037 ], [ 7.00116701424122, 43.5497585070098 ], [ 7.001166678965092, 43.54975802100942 ], [ 7.001166678965092, 43.549757292008834 ], [ 7.001165673136712, 43.54975656300826 ], [ 7.001165002584458, 43.549755834007655 ], [ 7.001164332032204, 43.54975510500705 ], [ 7.001163996756078, 43.54975364700581 ], [ 7.001163996756078, 43.54975316100539 ], [ 7.001163326203824, 43.54975291800518 ], [ 7.001162320375444, 43.549752675004974 ], [ 7.001160979270936, 43.54975170300411 ], [ 7.001159973442554, 43.549751217003674 ], [ 7.001158967614174, 43.54975097400346 ], [ 7.001157961785794, 43.54975048800301 ], [ 7.001156955957414, 43.54975000200257 ], [ 7.001156620681286, 43.54974927300189 ], [ 7.001155950129032, 43.54974854400121 ], [ 7.001154609024526, 43.54974732900005 ], [ 7.001153267920018, 43.549746842999575 ], [ 7.001152597367764, 43.5497463569991 ], [ 7.001152262091638, 43.54974562799839 ], [ 7.001150585711002, 43.54974441299717 ], [ 7.001150585711002, 43.54974295499567 ], [ 7.00114991515875, 43.54974246899516 ], [ 7.00114991515875, 43.549741982994654 ], [ 7.001149244606496, 43.54974149699414 ], [ 7.00114991515875, 43.54974125399388 ], [ 7.001150585711002, 43.5497405249931 ], [ 7.001151591539384, 43.54974028199284 ], [ 7.001152597367764, 43.54973955299204 ], [ 7.001154273748398, 43.5497383379907 ], [ 7.001154273748398, 43.549737851990166 ], [ 7.001155614852906, 43.549736150988224 ], [ 7.001155950129032, 43.549735178987106 ], [ 7.00115628540516, 43.54973420698596 ], [ 7.00115628540516, 43.549732505983926 ], [ 7.001156955957414, 43.54973080498184 ], [ 7.001156955957414, 43.549728617979085 ], [ 7.001155614852906, 43.54972764597784 ], [ 7.001153267920018, 43.54972618797594 ], [ 7.001152262091638, 43.54972618797594 ], [ 7.001151591539384, 43.54972594497561 ], [ 7.001150585711002, 43.54972521597466 ], [ 7.001149579882622, 43.54972521597466 ], [ 7.001147903501988, 43.54972424397335 ], [ 7.001147232949734, 43.54972375797269 ], [ 7.001147232949734, 43.54972278597137 ], [ 7.001145891845226, 43.5497222999707 ], [ 7.001144215464592, 43.54972205697037 ], [ 7.001140862703324, 43.54972205697037 ], [ 7.00114019215107, 43.549721570969695 ], [ 7.001138851046562, 43.54972011296765 ], [ 7.001136168837548, 43.54972011296765 ], [ 7.00113583356142, 43.54972084196867 ], [ 7.00113482773304, 43.549721570969695 ], [ 7.001133486628532, 43.549721813970024 ], [ 7.001132480800152, 43.54972132796935 ], [ 7.001128792762756, 43.54972132796935 ], [ 7.001128122210504, 43.549721570969695 ], [ 7.00112745165825, 43.549721813970024 ], [ 7.001127116382122, 43.54972424397335 ], [ 7.001125775277616, 43.549724972974325 ], [ 7.001124434173108, 43.549725701975305 ], [ 7.001121751964092, 43.549725701975305 ], [ 7.001120746135712, 43.54972643097626 ], [ 7.001120746135712, 43.54973056198154 ], [ 7.00112108141184, 43.549732505983926 ], [ 7.001121416687966, 43.54973469298653 ], [ 7.001121751964092, 43.549736879989055 ], [ 7.00112208724022, 43.54973882399124 ], [ 7.001122422516346, 43.549741010993635 ], [ 7.001122757792474, 43.54974295499567 ], [ 7.0011230930686, 43.549745141997896 ], [ 7.001123428344728, 43.54974732900005 ], [ 7.001123763620854, 43.54974927300189 ], [ 7.00112409889698, 43.54975146000389 ], [ 7.001124434173108, 43.54975340400561 ], [ 7.001124769449234, 43.54975559100746 ], [ 7.001125104725362, 43.54975777800922 ], [ 7.001125775277616, 43.549759965010914 ], [ 7.001125775277616, 43.549761909012354 ], [ 7.001126445829868, 43.5497640960139 ], [ 7.001126445829868, 43.5497660400152 ], [ 7.001126781105996, 43.549768227016585 ], [ 7.00112745165825, 43.54977041401791 ], [ 7.00112745165825, 43.549772358019005 ], [ 7.001128122210504, 43.54977454502016 ], [ 7.001128122210504, 43.549776489021134 ], [ 7.00112845748663, 43.54977867602215 ], [ 7.001129128038884, 43.549780863023074 ], [ 7.001129128038884, 43.54978280702384 ], [ 7.001129798591138, 43.549784994024634 ], [ 7.001129798591138, 43.54978693802526 ], [ 7.001130133867264, 43.54978863902575 ] ] ] ],
      "type" : "MultiPolygon"
    },
    "type" : "Feature",
    "properties" : {
      "zoom" : 20,
      "id" : "d0fd7e33-c4bf-4058-9690-d0f07eb74a70",
      "label" : "MOISISSURE_CLAIR",
      "confidence" : null
    }
  }, {
    "geometry" : {
      "coordinates" : [ [ [ [ 7.001179419457912, 43.54995242084901 ], [ 7.001183107495308, 43.549952177849605 ], [ 7.00118411332369, 43.549952177849605 ], [ 7.001184448599816, 43.54995096285255 ], [ 7.001184448599816, 43.54995023385431 ], [ 7.00118511915207, 43.54994950485606 ], [ 7.001185789704324, 43.54994901885721 ], [ 7.001186460256578, 43.54994901885721 ], [ 7.001186460256578, 43.54994707486182 ], [ 7.00118612498045, 43.54994634586352 ], [ 7.001185454428196, 43.54994537386579 ], [ 7.001185454428196, 43.54994415886859 ], [ 7.001184783875942, 43.5499436728697 ], [ 7.001182772219182, 43.549942943871365 ], [ 7.001179084181786, 43.549942943871365 ], [ 7.001179084181786, 43.54994415886859 ], [ 7.001178413629532, 43.549945130866355 ], [ 7.001177072525024, 43.54994610286409 ], [ 7.001176737248898, 43.549946831862385 ], [ 7.001176737248898, 43.54994780386009 ], [ 7.001176401972772, 43.549948532858366 ], [ 7.001175731420518, 43.54994901885721 ], [ 7.001175731420518, 43.54995096285255 ], [ 7.001177407801152, 43.54995120585197 ], [ 7.00117874890566, 43.549952177849605 ], [ 7.001179084181786, 43.549952177849605 ], [ 7.001179419457912, 43.54995242084901 ] ] ] ],
      "type" : "MultiPolygon"
    },
    "type" : "Feature",
    "properties" : {
      "zoom" : 20,
      "id" : "7d939b6e-d650-415d-9c67-9678f26b80b8",
      "label" : "MOISISSURE_CLAIR",
      "confidence" : null
    }
  }, {
    "geometry" : {
      "coordinates" : [ [ [ [ 7.001175060868264, 43.54985692200616 ], [ 7.001178413629532, 43.54985692200616 ], [ 7.001179084181786, 43.54985667900637 ], [ 7.001180090010166, 43.54985619300678 ], [ 7.001180425286294, 43.54985522100759 ], [ 7.001181431114674, 43.549854492008194 ], [ 7.001182772219182, 43.54985400600859 ], [ 7.001183442771436, 43.54985352000897 ], [ 7.00118411332369, 43.54985279100956 ], [ 7.001184448599816, 43.54985230500993 ], [ 7.001184783875942, 43.54985157601049 ], [ 7.001184783875942, 43.54985084701104 ], [ 7.001185454428196, 43.54985011801159 ], [ 7.001185789704324, 43.549848903012474 ], [ 7.001185789704324, 43.54984671601401 ], [ 7.001185454428196, 43.54984598701451 ], [ 7.00118411332369, 43.54984501501515 ], [ 7.001182772219182, 43.54984428601563 ], [ 7.00117975473404, 43.54984428601563 ], [ 7.001178413629532, 43.54984501501515 ], [ 7.001176401972772, 43.54984647301418 ], [ 7.001176066696644, 43.54984744501351 ], [ 7.00117539614439, 43.54984768801334 ], [ 7.001174725592136, 43.54984768801334 ], [ 7.00117338448763, 43.549848174013 ], [ 7.001172378659248, 43.549848903012474 ], [ 7.001172378659248, 43.54985133301068 ], [ 7.001173049211502, 43.54985206201012 ], [ 7.001173049211502, 43.54985570700719 ], [ 7.00117439031601, 43.54985667900637 ], [ 7.001174725592136, 43.54985667900637 ], [ 7.001175060868264, 43.54985692200616 ] ] ] ],
      "type" : "MultiPolygon"
    },
    "type" : "Feature",
    "properties" : {
      "zoom" : 20,
      "id" : "1cc17f3f-1a98-4fc3-b8f9-26de519ec25f",
      "label" : "MOISISSURE_CLAIR",
      "confidence" : null
    }
  }, {
    "geometry" : {
      "coordinates" : [ [ [ [ 7.001147568225862, 43.54989653095935 ], [ 7.00115092098713, 43.54989653095935 ], [ 7.001151591539384, 43.54989628795972 ], [ 7.001151591539384, 43.54989458696227 ], [ 7.001152262091638, 43.54989385796333 ], [ 7.001153267920018, 43.54989312896439 ], [ 7.001154609024526, 43.54989239996545 ], [ 7.001155279576778, 43.5498921569658 ], [ 7.00115628540516, 43.5498921569658 ], [ 7.001156955957414, 43.54989191396615 ], [ 7.001159638166428, 43.5498899699689 ], [ 7.001159638166428, 43.54988948396959 ], [ 7.001159973442554, 43.54988899797026 ], [ 7.00116164982319, 43.549887782971936 ], [ 7.00116265565157, 43.54988729697259 ], [ 7.001164332032204, 43.54988681097325 ], [ 7.001165673136712, 43.54988559597488 ], [ 7.001166678965092, 43.54988510997553 ], [ 7.001168355345726, 43.54988462397617 ], [ 7.001169361174108, 43.54988389497712 ], [ 7.00117003172636, 43.54988316597806 ], [ 7.001170702278614, 43.54988219397931 ], [ 7.001171037554742, 43.549881464980224 ], [ 7.001171372830868, 43.54988073598114 ], [ 7.001171708106996, 43.54988000698205 ], [ 7.001171708106996, 43.54987854898383 ], [ 7.001172043383122, 43.54987806298442 ], [ 7.001173049211502, 43.54987709098558 ], [ 7.001175731420518, 43.54987514698786 ], [ 7.001176066696644, 43.54987466098842 ], [ 7.001176066696644, 43.549873931989254 ], [ 7.001177072525024, 43.54987320299008 ], [ 7.001179084181786, 43.54987223099115 ], [ 7.001180090010166, 43.549871501991966 ], [ 7.00118076056242, 43.54987028699327 ], [ 7.0011817663908, 43.549869557994064 ], [ 7.001182436943054, 43.54986834299534 ], [ 7.001183107495308, 43.549867856995846 ], [ 7.001183107495308, 43.54986566999807 ], [ 7.00118076056242, 43.549863968999745 ], [ 7.001179419457912, 43.54986251100114 ], [ 7.001178413629532, 43.54986178200183 ], [ 7.001176066696644, 43.54986032400316 ], [ 7.001174725592136, 43.549859838003606 ], [ 7.001173049211502, 43.549859838003606 ], [ 7.001172043383122, 43.54985959500383 ], [ 7.001171372830868, 43.54985910900426 ], [ 7.001170702278614, 43.54985886600448 ], [ 7.00117003172636, 43.54985886600448 ], [ 7.001169361174108, 43.54985862300469 ], [ 7.001168690621854, 43.54985765100554 ], [ 7.001168355345726, 43.54985667900637 ], [ 7.001168355345726, 43.54985619300678 ], [ 7.001167684793472, 43.54985570700719 ], [ 7.001166678965092, 43.54985570700719 ], [ 7.001166008412838, 43.54985522100759 ], [ 7.001165673136712, 43.54985473500799 ], [ 7.001165673136712, 43.54985400600859 ], [ 7.001164332032204, 43.54985303400936 ], [ 7.001163996756078, 43.54985254800974 ], [ 7.001163996756078, 43.54985206201012 ], [ 7.001164667308332, 43.54985157601049 ], [ 7.001165002584458, 43.54985084701104 ], [ 7.001165673136712, 43.5498503610114 ], [ 7.001166008412838, 43.54984963201195 ], [ 7.001166008412838, 43.549848903012474 ], [ 7.001166343688966, 43.549848174013 ], [ 7.001167684793472, 43.54984647301418 ], [ 7.001167684793472, 43.54984404301579 ], [ 7.001165673136712, 43.549842342016845 ], [ 7.001163996756078, 43.54984137001743 ], [ 7.00116265565157, 43.54984064101786 ], [ 7.00116164982319, 43.54984015501814 ], [ 7.001160308718682, 43.54983966901842 ], [ 7.001156620681286, 43.549839912018285 ], [ 7.001155950129032, 43.549839912018285 ], [ 7.001154944300652, 43.54983966901842 ], [ 7.001153938472272, 43.54983894001882 ], [ 7.00115293264389, 43.54983869701896 ], [ 7.001152262091638, 43.549838211019235 ], [ 7.001152262091638, 43.54983748201962 ], [ 7.001149244606496, 43.54983748201962 ], [ 7.001148574054242, 43.54983796801937 ], [ 7.001146897673608, 43.54983796801937 ], [ 7.001146227121354, 43.549838454019095 ], [ 7.0011455565691, 43.54983869701896 ], [ 7.001144215464592, 43.54983869701896 ], [ 7.001143544912338, 43.54983894001882 ], [ 7.001142874360086, 43.549839426018565 ], [ 7.001141868531704, 43.549840398018 ], [ 7.001140862703324, 43.54984137001743 ], [ 7.00114019215107, 43.549842099017 ], [ 7.001139856874944, 43.5498425850167 ], [ 7.001139521598816, 43.549843800015935 ], [ 7.001139521598816, 43.54984720201368 ], [ 7.001139856874944, 43.54984938901212 ], [ 7.00114019215107, 43.54985133301068 ], [ 7.001140527427198, 43.54985352000897 ], [ 7.001140862703324, 43.54985546400739 ], [ 7.00114119797945, 43.54985765100554 ], [ 7.001141533255578, 43.54985959500383 ], [ 7.001141868531704, 43.54986178200183 ], [ 7.001142203807832, 43.549863968999745 ], [ 7.001142539083958, 43.54986591299783 ], [ 7.001142874360086, 43.54986809999559 ], [ 7.001143209636212, 43.54987004399354 ], [ 7.001143880188466, 43.54987247399089 ], [ 7.001144215464592, 43.54987441798869 ], [ 7.00114455074072, 43.54987660498615 ], [ 7.001144886016846, 43.54987854898383 ], [ 7.001145221292974, 43.54988073598114 ], [ 7.0011455565691, 43.54988292297838 ], [ 7.001145891845226, 43.54988486697584 ], [ 7.001146227121354, 43.54988705397292 ], [ 7.00114656239748, 43.54988899797026 ], [ 7.001146897673608, 43.54989118496719 ], [ 7.001147232949734, 43.54989312896439 ], [ 7.001147568225862, 43.54989531596117 ], [ 7.001147568225862, 43.54989653095935 ] ] ] ],
      "type" : "MultiPolygon"
    },
    "type" : "Feature",
    "properties" : {
      "zoom" : 20,
      "id" : "1fc0b1e2-ef02-406a-86a7-111648536bc2",
      "label" : "MOISISSURE_CLAIR",
      "confidence" : null
    }
  }, {
    "geometry" : {
      "coordinates" : [ [ [ [ 7.001171372830868, 43.54980978002796 ], [ 7.001175731420518, 43.54980978002796 ], [ 7.001175731420518, 43.54980735002808 ], [ 7.001175060868264, 43.5498063780281 ], [ 7.001171708106996, 43.5498063780281 ], [ 7.001171037554742, 43.549807107028094 ], [ 7.001170367002488, 43.549807107028094 ], [ 7.001167349517346, 43.549806864028085 ], [ 7.001167349517346, 43.54980880802802 ], [ 7.001168355345726, 43.54980880802802 ], [ 7.00117003172636, 43.549809537027976 ], [ 7.001171372830868, 43.54980978002796 ] ] ] ],
      "type" : "MultiPolygon"
    },
    "type" : "Feature",
    "properties" : {
      "zoom" : 20,
      "id" : "cdec792f-60df-4a27-ae30-0e0ad1554746",
      "label" : "MOISISSURE_CLAIR",
      "confidence" : null
    }
  }, {
    "geometry" : {
      "coordinates" : [ [ [ [ 7.00122032314539, 43.54985279100956 ], [ 7.001224346458912, 43.54985279100956 ], [ 7.001225352287292, 43.54985206201012 ], [ 7.00122568756342, 43.54985133301068 ], [ 7.001227699220182, 43.549849875011766 ], [ 7.001228705048562, 43.54984938901212 ], [ 7.00123004615307, 43.54984866001265 ], [ 7.001230716705322, 43.54984866001265 ], [ 7.001231387257576, 43.549848174013 ], [ 7.00123205780983, 43.54984768801334 ], [ 7.00123306363821, 43.54984695901385 ], [ 7.001234740018846, 43.549845744014675 ], [ 7.001235410571098, 43.54984525801499 ], [ 7.001235410571098, 43.5498425850167 ], [ 7.001235075294972, 43.549842099017 ], [ 7.001234404742718, 43.549841613017286 ], [ 7.001234069466592, 43.54984112701758 ], [ 7.001234069466592, 43.549839426018565 ], [ 7.001233734190464, 43.549838211019235 ], [ 7.00123306363821, 43.54983748201962 ], [ 7.00123306363821, 43.54983651002013 ], [ 7.001232393085958, 43.5498357810205 ], [ 7.001231722533704, 43.54983529502074 ], [ 7.00123105198145, 43.549834566021104 ], [ 7.00123105198145, 43.549833837021446 ], [ 7.001229040324688, 43.54983092102275 ], [ 7.0012266933918, 43.54982922002344 ], [ 7.001225352287292, 43.549828491023725 ], [ 7.001224346458912, 43.549828005023905 ], [ 7.001223340630532, 43.549827762024 ], [ 7.001222334802152, 43.549827519024085 ], [ 7.001220993697644, 43.549827519024085 ], [ 7.00122032314539, 43.549827276024175 ], [ 7.001219652593136, 43.54982679002434 ], [ 7.001217640936376, 43.54982679002434 ], [ 7.001216635107994, 43.54982654702443 ], [ 7.00121495872736, 43.549825818024686 ], [ 7.001211605966092, 43.54982557502477 ], [ 7.001206576824188, 43.54982557502477 ], [ 7.001206241548062, 43.54982994902315 ], [ 7.001205235719682, 43.54983043502295 ], [ 7.001204565167428, 43.54983092102275 ], [ 7.0012042298913, 43.5498328650219 ], [ 7.001202888786794, 43.54983359402156 ], [ 7.001202888786794, 43.549834080021334 ], [ 7.001202553510666, 43.54983480902098 ], [ 7.001200206577778, 43.54983651002013 ], [ 7.001200206577778, 43.549838454019095 ], [ 7.001200541853906, 43.549839426018565 ], [ 7.001201212406158, 43.549840398018 ], [ 7.001201212406158, 43.54984137001743 ], [ 7.00120221823454, 43.549842099017 ], [ 7.001203894615174, 43.54984307101639 ], [ 7.001208253204824, 43.54984307101639 ], [ 7.001208923757076, 43.54984355701609 ], [ 7.001208923757076, 43.54984404301579 ], [ 7.001209259033204, 43.54984452901547 ], [ 7.001209929585458, 43.54984525801499 ], [ 7.001210935413838, 43.54984598701451 ], [ 7.001211605966092, 43.54984671601401 ], [ 7.001212276518346, 43.54984768801334 ], [ 7.001212276518346, 43.549848174013 ], [ 7.001213617622852, 43.54984841701282 ], [ 7.001214288175106, 43.549848903012474 ], [ 7.001215294003488, 43.549849875011766 ], [ 7.001216299831868, 43.54985011801159 ], [ 7.001216970384122, 43.549850604011226 ], [ 7.001217305660248, 43.54985133301068 ], [ 7.001218311488628, 43.54985206201012 ], [ 7.001219987869264, 43.54985254800974 ], [ 7.00122032314539, 43.54985279100956 ] ] ] ],
      "type" : "MultiPolygon"
    },
    "type" : "Feature",
    "properties" : {
      "zoom" : 20,
      "id" : "1458cc04-60c6-41d2-a140-cd8aad814db0",
      "label" : "MOISISSURE_CLAIR",
      "confidence" : null
    }
  }, {
    "geometry" : {
      "coordinates" : [ [ [ [ 7.001137174665928, 43.54980249002803 ], [ 7.001140527427198, 43.54980249002803 ], [ 7.001142874360086, 43.54980224702802 ], [ 7.00114455074072, 43.549801518027984 ], [ 7.0011455565691, 43.54980127502797 ], [ 7.00114656239748, 43.54980103202794 ], [ 7.001147903501988, 43.54980078902793 ], [ 7.001148909330368, 43.54980078902793 ], [ 7.001148909330368, 43.549798845027745 ], [ 7.001147903501988, 43.54979860202772 ], [ 7.00114656239748, 43.549797387027574 ], [ 7.0011455565691, 43.54979690102749 ], [ 7.001145221292974, 43.54979641502743 ], [ 7.001144886016846, 43.54979568602732 ], [ 7.001143544912338, 43.54979471402714 ], [ 7.001143209636212, 43.54979422802706 ], [ 7.001143209636212, 43.54979374202696 ], [ 7.001142874360086, 43.54979325602686 ], [ 7.001142203807832, 43.549793013026814 ], [ 7.001141533255578, 43.54979277002677 ], [ 7.001132145524026, 43.54979277002677 ], [ 7.001132145524026, 43.54979471402714 ], [ 7.001133151352406, 43.54979544302727 ], [ 7.001133151352406, 43.54979811602766 ], [ 7.00113382190466, 43.549798845027745 ], [ 7.00113382190466, 43.5497993310278 ], [ 7.001134492456914, 43.54979981702784 ], [ 7.00113482773304, 43.549800303027894 ], [ 7.00113482773304, 43.54980078902793 ], [ 7.001135163009168, 43.54980127502797 ], [ 7.00113583356142, 43.549801761028 ], [ 7.001137174665928, 43.54980249002803 ] ] ] ],
      "type" : "MultiPolygon"
    },
    "type" : "Feature",
    "properties" : {
      "zoom" : 20,
      "id" : "3a19ce6a-d24c-4c64-86c9-a8c13b84797e",
      "label" : "MOISISSURE_CLAIR",
      "confidence" : null
    }
  }, {
    "geometry" : {
      "coordinates" : [ [ [ [ 7.001218311488628, 43.55003892857604 ], [ 7.001223005354404, 43.55003892857604 ], [ 7.001223675906658, 43.55003844257792 ], [ 7.001224011182786, 43.55003747058168 ], [ 7.001224011182786, 43.550036255586335 ], [ 7.00122468173504, 43.55003552658913 ], [ 7.001226022839546, 43.55003576958819 ], [ 7.001227699220182, 43.55003601258726 ], [ 7.001228034496308, 43.550037713580735 ], [ 7.001231387257576, 43.550037713580735 ], [ 7.001231387257576, 43.550035040590984 ], [ 7.001230716705322, 43.550034797591906 ], [ 7.001229710876942, 43.550034797591906 ], [ 7.001229710876942, 43.55003406859468 ], [ 7.001230381429196, 43.5500338255956 ], [ 7.00123105198145, 43.5500338255956 ], [ 7.001231722533704, 43.55003358259652 ], [ 7.00123205780983, 43.5500301806093 ], [ 7.001231722533704, 43.550027750618305 ], [ 7.00123105198145, 43.55002677862188 ], [ 7.001230381429196, 43.55002604962455 ], [ 7.00123004615307, 43.55002556362633 ], [ 7.001229375600816, 43.5500250776281 ], [ 7.001227363944054, 43.5500250776281 ], [ 7.0012266933918, 43.55002361963339 ], [ 7.0012266933918, 43.55002289063603 ], [ 7.001226358115674, 43.55002240463778 ], [ 7.001224011182786, 43.55002216163866 ], [ 7.001224346458912, 43.550020946643 ], [ 7.001225017011166, 43.550020946643 ], [ 7.001225017011166, 43.550016815657635 ], [ 7.001224346458912, 43.55001632965934 ], [ 7.00122032314539, 43.55001657265849 ], [ 7.001219652593136, 43.55001730165593 ], [ 7.00121931731701, 43.55001778765423 ], [ 7.001218982040882, 43.55001730165593 ], [ 7.001218311488628, 43.55001657265849 ], [ 7.001218311488628, 43.550016086660186 ], [ 7.001219652593136, 43.55001584366104 ], [ 7.001219652593136, 43.55001389966779 ], [ 7.001216970384122, 43.55001389966779 ], [ 7.001216970384122, 43.55001462866527 ], [ 7.001215294003488, 43.55001487166442 ], [ 7.00121395289898, 43.55001511466357 ], [ 7.001213282346726, 43.55001535766274 ], [ 7.001212276518346, 43.55001560066188 ], [ 7.001212276518346, 43.55001875965079 ], [ 7.001211605966092, 43.55001948864821 ], [ 7.001211605966092, 43.550021432641266 ], [ 7.001212611794472, 43.550021432641266 ], [ 7.001213617622852, 43.55002313363515 ], [ 7.00121395289898, 43.55002556362633 ], [ 7.0012129470706, 43.55002629262366 ], [ 7.001211941242218, 43.55002653562277 ], [ 7.001211941242218, 43.5500301806093 ], [ 7.001213282346726, 43.55003090960657 ], [ 7.001213617622852, 43.55003139560474 ], [ 7.001213282346726, 43.550031881602926 ], [ 7.001211941242218, 43.55003285359927 ], [ 7.001211941242218, 43.550034797591906 ], [ 7.001212276518346, 43.550035283590056 ], [ 7.001214288175106, 43.550035283590056 ], [ 7.001215629279614, 43.55003552658913 ], [ 7.00121596455574, 43.55003819957887 ], [ 7.001216970384122, 43.55003819957887 ], [ 7.001217640936376, 43.55003844257792 ], [ 7.001218311488628, 43.55003892857604 ] ] ] ],
      "type" : "MultiPolygon"
    },
    "type" : "Feature",
    "properties" : {
      "zoom" : 20,
      "id" : "64d4be02-b80d-41ed-848c-2c5ac6b786e9",
      "label" : "MOISISSURE_CLAIR",
      "confidence" : null
    }
  }, {
    "geometry" : {
      "coordinates" : [ [ [ [ 7.001152597367764, 43.54980759302808 ], [ 7.00115628540516, 43.54980759302808 ], [ 7.001157961785794, 43.54980735002808 ], [ 7.001159973442554, 43.549806621028104 ], [ 7.001160643994808, 43.54980613502811 ], [ 7.00116164982319, 43.54980589202811 ], [ 7.001164667308332, 43.54980564902811 ], [ 7.001167684793472, 43.54980564902811 ], [ 7.001167684793472, 43.54980297602806 ], [ 7.001167349517346, 43.54980249002803 ], [ 7.001166678965092, 43.54980200402801 ], [ 7.001163996756078, 43.54980103202794 ], [ 7.001163326203824, 43.54980103202794 ], [ 7.001162320375444, 43.54980054602791 ], [ 7.001161314547062, 43.549800303027894 ], [ 7.001159973442554, 43.54980006002787 ], [ 7.00115829706192, 43.54979981702784 ], [ 7.001155614852906, 43.54979981702784 ], [ 7.001154273748398, 43.549800303027894 ], [ 7.001152262091638, 43.54980054602791 ], [ 7.001150250434876, 43.54980054602791 ], [ 7.00114991515875, 43.549802733028045 ], [ 7.00114991515875, 43.54980516302811 ], [ 7.001150250434876, 43.54980564902811 ], [ 7.001151256263256, 43.549806621028104 ], [ 7.001152597367764, 43.54980759302808 ] ] ] ],
      "type" : "MultiPolygon"
    },
    "type" : "Feature",
    "properties" : {
      "zoom" : 20,
      "id" : "ba136354-f652-41fa-ac37-87465b77c1ca",
      "label" : "MOISISSURE_CLAIR",
      "confidence" : null
    }
  }, {
    "geometry" : {
      "coordinates" : [ [ [ [ 7.001332640647888, 43.550035040590984 ], [ 7.001336328685284, 43.550035040590984 ], [ 7.001337334513664, 43.550034797591906 ], [ 7.001338675618172, 43.550034311593755 ], [ 7.001339346170426, 43.5500338255956 ], [ 7.001339346170426, 43.550031152605655 ], [ 7.001338675618172, 43.55003042360838 ], [ 7.001338675618172, 43.550029451612005 ], [ 7.001337669789792, 43.550028479615605 ], [ 7.001336999237538, 43.550027750618305 ], [ 7.001334317028522, 43.550027750618305 ], [ 7.001333311200142, 43.55002823661651 ], [ 7.001333311200142, 43.55003163860384 ], [ 7.001331299543382, 43.550032124602005 ], [ 7.001329958438874, 43.5500323676011 ], [ 7.001328952610494, 43.5500323676011 ], [ 7.00132828205824, 43.550032610600184 ], [ 7.00132828205824, 43.55003455459283 ], [ 7.001331299543382, 43.55003455459283 ], [ 7.001332640647888, 43.550035040590984 ] ] ] ],
      "type" : "MultiPolygon"
    },
    "type" : "Feature",
    "properties" : {
      "zoom" : 20,
      "id" : "8588a712-99fc-4bf9-8875-010bb255f310",
      "label" : "MOISISSURE_CLAIR",
      "confidence" : null
    }
  }, {
    "geometry" : {
      "coordinates" : [ [ [ [ 7.001176737248898, 43.55000417970062 ], [ 7.00117975473404, 43.550004422699814 ], [ 7.001179419457912, 43.550001020710944 ], [ 7.00118076056242, 43.55000053471252 ], [ 7.001181431114674, 43.54999980571487 ], [ 7.001181431114674, 43.54999786172111 ], [ 7.001181095838548, 43.54999737572266 ], [ 7.00118076056242, 43.549996889724206 ], [ 7.001177743077278, 43.549996889724206 ], [ 7.001177743077278, 43.54999834771955 ], [ 7.001177407801152, 43.549999562715655 ], [ 7.001176737248898, 43.54999980571487 ], [ 7.001176401972772, 43.55000029171331 ], [ 7.001176401972772, 43.5500024787062 ], [ 7.001176737248898, 43.55000417970062 ] ] ] ],
      "type" : "MultiPolygon"
    },
    "type" : "Feature",
    "properties" : {
      "zoom" : 20,
      "id" : "7b2b27a2-8cd5-4bdc-8e25-f99653b1149f",
      "label" : "MOISISSURE_CLAIR",
      "confidence" : null
    }
  }, {
    "geometry" : {
      "coordinates" : [ [ [ [ 7.001178413629532, 43.55001219867364 ], [ 7.0011817663908, 43.55001244167281 ], [ 7.001182772219182, 43.55001195567448 ], [ 7.001182772219182, 43.550009768681925 ], [ 7.001182101666928, 43.550009282683575 ], [ 7.001182101666928, 43.550008310686856 ], [ 7.001181431114674, 43.550007824688485 ], [ 7.001181431114674, 43.5500053946966 ], [ 7.001177407801152, 43.5500053946966 ], [ 7.001177407801152, 43.55000806768768 ], [ 7.001177743077278, 43.5500100116811 ], [ 7.001178078353406, 43.55001171267531 ], [ 7.001178413629532, 43.55001219867364 ] ] ] ],
      "type" : "MultiPolygon"
    },
    "type" : "Feature",
    "properties" : {
      "zoom" : 20,
      "id" : "94ff2e56-9f8b-4829-85ba-7d0f3183d667",
      "label" : "MOISISSURE_CLAIR",
      "confidence" : null
    }
  }, {
    "geometry" : {
      "coordinates" : [ [ [ [ 7.00124278664589, 43.549899203955256 ], [ 7.001245468854904, 43.549899203955256 ], [ 7.001246474683286, 43.549898717956005 ], [ 7.001247480511666, 43.54989847495638 ], [ 7.001249492168428, 43.54989896095563 ], [ 7.001253180205822, 43.549898717956005 ], [ 7.00125351548195, 43.54989823195676 ], [ 7.00125351548195, 43.54989701695862 ], [ 7.001254186034204, 43.54989628795972 ], [ 7.001254186034204, 43.54989410096297 ], [ 7.00125351548195, 43.54989337196404 ], [ 7.001253180205822, 43.549892885964745 ], [ 7.001251168549062, 43.549892885964745 ], [ 7.001250497996808, 43.54989239996545 ], [ 7.001250497996808, 43.54989142796684 ], [ 7.001250833272934, 43.54989094196753 ], [ 7.001252509653568, 43.54989069896788 ], [ 7.001252844929696, 43.549889240969925 ], [ 7.001253180205822, 43.5498880259716 ], [ 7.001253180205822, 43.5498853529752 ], [ 7.001252844929696, 43.5498841379768 ], [ 7.001251503825188, 43.54988316597806 ], [ 7.001251168549062, 43.549882436979 ], [ 7.001251168549062, 43.54988122198053 ], [ 7.001251503825188, 43.54987879198354 ], [ 7.001251168549062, 43.54987757698501 ], [ 7.001250833272934, 43.54987660498615 ], [ 7.001250497996808, 43.549875632987295 ], [ 7.00124815106392, 43.549873931989254 ], [ 7.001247145235538, 43.54987368898953 ], [ 7.001246809959412, 43.54987320299008 ], [ 7.001246809959412, 43.549871258992226 ], [ 7.001245468854904, 43.549869557994064 ], [ 7.001245468854904, 43.54986882899483 ], [ 7.001242451369762, 43.54986882899483 ], [ 7.00124178081751, 43.54986931499432 ], [ 7.001241445541382, 43.5498698009938 ], [ 7.001241445541382, 43.54987052999302 ], [ 7.001241110265256, 43.549871015992494 ], [ 7.001240104436874, 43.549871258992226 ], [ 7.001239433884622, 43.549871501991966 ], [ 7.001239098608494, 43.54987538998758 ], [ 7.001239433884622, 43.54987854898383 ], [ 7.001241110265256, 43.54987976398235 ], [ 7.001242116093636, 43.54988000698205 ], [ 7.00124278664589, 43.54988049298145 ], [ 7.00124278664589, 43.54988195097962 ], [ 7.001241110265256, 43.54988292297838 ], [ 7.001240439713002, 43.54988340897775 ], [ 7.001240439713002, 43.54988851197093 ], [ 7.001241110265256, 43.54988899797026 ], [ 7.00124278664589, 43.54988948396959 ], [ 7.001244463026524, 43.54989069896788 ], [ 7.001245804131032, 43.54989191396615 ], [ 7.001246139407158, 43.54989385796333 ], [ 7.001245804131032, 43.54989458696227 ], [ 7.001245133578778, 43.54989507296155 ], [ 7.001244463026524, 43.54989531596117 ], [ 7.001243457198144, 43.54989555896081 ], [ 7.001242116093636, 43.549896773958984 ], [ 7.001242116093636, 43.54989896095563 ], [ 7.00124278664589, 43.549899203955256 ] ] ] ],
      "type" : "MultiPolygon"
    },
    "type" : "Feature",
    "properties" : {
      "zoom" : 20,
      "id" : "8cefbe1f-7cac-4cb9-a9bb-fe8b01a30bdf",
      "label" : "MOISISSURE_CLAIR",
      "confidence" : null
    }
  }, {
    "geometry" : {
      "coordinates" : [ [ [ [ 7.001156955957414, 43.54995533684184 ], [ 7.001160308718682, 43.54995557984123 ], [ 7.001160979270936, 43.54995509384244 ], [ 7.001161985099316, 43.54995485084305 ], [ 7.00116265565157, 43.54995412184485 ], [ 7.001163326203824, 43.549953635846045 ], [ 7.001163996756078, 43.549953149847234 ], [ 7.001164667308332, 43.54995266384842 ], [ 7.001165002584458, 43.5499519348502 ], [ 7.001165337860584, 43.54995096285255 ], [ 7.001165337860584, 43.54994974785547 ], [ 7.00116701424122, 43.549947560860666 ], [ 7.00116701424122, 43.54994464486747 ], [ 7.001166678965092, 43.54994415886859 ], [ 7.001166008412838, 43.5499436728697 ], [ 7.001165673136712, 43.549942943871365 ], [ 7.001165673136712, 43.549940756876325 ], [ 7.00116701424122, 43.54993905588012 ], [ 7.00116701424122, 43.54993638288598 ], [ 7.001166008412838, 43.549935653887566 ], [ 7.001166008412838, 43.549930793897865 ], [ 7.001166343688966, 43.54993030789887 ], [ 7.001167684793472, 43.549929578900375 ], [ 7.001167684793472, 43.549925447908734 ], [ 7.00116701424122, 43.5499249619097 ], [ 7.001166678965092, 43.549924475910665 ], [ 7.001166343688966, 43.549923503912574 ], [ 7.001166008412838, 43.549922774913995 ], [ 7.001165673136712, 43.549922045915416 ], [ 7.001165337860584, 43.549920344918675 ], [ 7.001165337860584, 43.549917671923716 ], [ 7.001162990927696, 43.54991645692596 ], [ 7.001161314547062, 43.54991524192818 ], [ 7.001160979270936, 43.54991475592907 ], [ 7.001160979270936, 43.54991426992995 ], [ 7.001159638166428, 43.54991305493213 ], [ 7.001158967614174, 43.54991256893299 ], [ 7.001157626509666, 43.54991256893299 ], [ 7.001156620681286, 43.54991208293386 ], [ 7.001154944300652, 43.54991208293386 ], [ 7.001153938472272, 43.54991135393514 ], [ 7.00115293264389, 43.54991038193684 ], [ 7.001153267920018, 43.54990989593769 ], [ 7.001153267920018, 43.54990940993852 ], [ 7.001153938472272, 43.54990868093978 ], [ 7.001154609024526, 43.54990795194102 ], [ 7.001155614852906, 43.54990697994266 ], [ 7.001156620681286, 43.54990649394348 ], [ 7.00115729123354, 43.5499057649447 ], [ 7.00115729123354, 43.54990284894948 ], [ 7.001156620681286, 43.54990236295026 ], [ 7.001153938472272, 43.54990236295026 ], [ 7.001153603196144, 43.54990041895335 ], [ 7.001152597367764, 43.54990017595374 ], [ 7.00115192681551, 43.549899932954126 ], [ 7.001149244606496, 43.549899932954126 ], [ 7.001149244606496, 43.54990211995065 ], [ 7.001149579882622, 43.549902605949875 ], [ 7.001152262091638, 43.54990284894948 ], [ 7.001152262091638, 43.5499038209479 ], [ 7.001151591539384, 43.5499040639475 ], [ 7.00115092098713, 43.5499040639475 ], [ 7.001149579882622, 43.54990479294631 ], [ 7.001149244606496, 43.54990746594184 ], [ 7.001149579882622, 43.54990965293811 ], [ 7.00114991515875, 43.54991159693471 ], [ 7.001150250434876, 43.54991378393082 ], [ 7.001150585711002, 43.5499157279273 ], [ 7.00115092098713, 43.549917914923256 ], [ 7.001151256263256, 43.54992010191914 ], [ 7.001151591539384, 43.549922045915416 ], [ 7.00115192681551, 43.54992423291114 ], [ 7.001152262091638, 43.54992617690728 ], [ 7.001152597367764, 43.54992836390286 ], [ 7.00115293264389, 43.54993030789887 ], [ 7.001153603196144, 43.54993273789378 ], [ 7.001153938472272, 43.54993468188965 ], [ 7.001154273748398, 43.54993686888492 ], [ 7.001154609024526, 43.549938812880654 ], [ 7.001154944300652, 43.54994099987577 ], [ 7.001155279576778, 43.54994318687081 ], [ 7.001155614852906, 43.549945130866355 ], [ 7.001155950129032, 43.54994731786124 ], [ 7.00115628540516, 43.54994926185664 ], [ 7.001156620681286, 43.549951448851374 ], [ 7.001156955957414, 43.549953392846646 ], [ 7.001156955957414, 43.54995533684184 ] ] ] ],
      "type" : "MultiPolygon"
    },
    "type" : "Feature",
    "properties" : {
      "zoom" : 20,
      "id" : "3d2abd97-4821-4d68-a91e-396252ae1e43",
      "label" : "MOISISSURE_CLAIR",
      "confidence" : null
    }
  }, {
    "geometry" : {
      "coordinates" : [ [ [ [ 7.000449523329736, 43.54978791002554 ], [ 7.000452876091004, 43.54978791002554 ], [ 7.000454887747766, 43.54978766702548 ], [ 7.000455558300018, 43.5497874240254 ], [ 7.0004565641284, 43.54978693802526 ], [ 7.00045756995678, 43.54978645202511 ], [ 7.000458240509034, 43.54978548002478 ], [ 7.00045857578516, 43.54978475102454 ], [ 7.000459246337414, 43.54978426502437 ], [ 7.000459581613542, 43.549783536024115 ], [ 7.000461593270302, 43.54978207802357 ], [ 7.000462263822556, 43.549781592023365 ], [ 7.000462599098682, 43.54978037702288 ], [ 7.000463269650936, 43.54977989102268 ], [ 7.000463604927064, 43.54977940502247 ], [ 7.000463604927064, 43.54977867602215 ], [ 7.000464275479318, 43.54977819002194 ], [ 7.00046829879284, 43.54977819002194 ], [ 7.00046930462122, 43.54977867602215 ], [ 7.000470645725728, 43.54977867602215 ], [ 7.000471316277982, 43.54977891902226 ], [ 7.000472322106362, 43.54977940502247 ], [ 7.000475004315376, 43.549781592023365 ], [ 7.000477686524392, 43.54978329302402 ], [ 7.000482380390168, 43.54978305002395 ], [ 7.000482715666294, 43.54978232102366 ], [ 7.000483386218548, 43.549781835023474 ], [ 7.000483386218548, 43.54978134902328 ], [ 7.000483721494676, 43.54978062002298 ], [ 7.000484392046928, 43.54978037702288 ], [ 7.000484727323056, 43.54977989102268 ], [ 7.000485062599182, 43.54977940502247 ], [ 7.00048539787531, 43.54977867602215 ], [ 7.000485733151436, 43.54977673202125 ], [ 7.000486068427564, 43.549774788020294 ], [ 7.000486068427564, 43.5497716290186 ], [ 7.000485733151436, 43.54977041401791 ], [ 7.00048539787531, 43.54976895601704 ], [ 7.000484727323056, 43.549768227016585 ], [ 7.000484727323056, 43.54976628301536 ], [ 7.00048539787531, 43.54976506801455 ], [ 7.00048539787531, 43.54976215201253 ], [ 7.000480704009534, 43.549761909012354 ], [ 7.000471316277982, 43.549761909012354 ], [ 7.000470981001854, 43.54975923601037 ], [ 7.0004703104496, 43.54975826400961 ], [ 7.0004703104496, 43.549755834007655 ], [ 7.000469975173474, 43.54975461900665 ], [ 7.000469639897346, 43.54975340400561 ], [ 7.00046930462122, 43.549752189004536 ], [ 7.000468969345094, 43.54975073100324 ], [ 7.000468634068966, 43.54975000200257 ], [ 7.00046829879284, 43.54974927300189 ], [ 7.000467963516712, 43.54974854400121 ], [ 7.000466957688332, 43.54974732900005 ], [ 7.000466957688332, 43.549746842999575 ], [ 7.000466287136078, 43.549746113998864 ], [ 7.000465616583824, 43.54974562799839 ], [ 7.00046494603157, 43.54974489899766 ], [ 7.000464610755444, 43.54974416999691 ], [ 7.00046394020319, 43.549743683996425 ], [ 7.000463604927064, 43.549742711995414 ], [ 7.00046394020319, 43.54973930999178 ], [ 7.00046394020319, 43.54973663698878 ], [ 7.000463604927064, 43.549735664987665 ], [ 7.00046293437481, 43.549735178987106 ], [ 7.000461593270302, 43.54973493598682 ], [ 7.000460587441922, 43.54973469298653 ], [ 7.000459916889668, 43.54973469298653 ], [ 7.000458911061288, 43.54973444998624 ], [ 7.000458240509034, 43.549733963985666 ], [ 7.000457234680654, 43.54973299198451 ], [ 7.000456228852272, 43.54973274898422 ], [ 7.000454887747766, 43.54973177698303 ], [ 7.000454217195512, 43.54973104798214 ], [ 7.000453881919384, 43.54973031898124 ], [ 7.000453546643258, 43.54972958998032 ], [ 7.00045321136713, 43.54972715997721 ], [ 7.00045321136713, 43.54972667397658 ], [ 7.00044684112072, 43.54972667397658 ], [ 7.000439800322056, 43.54972715997721 ], [ 7.00043309479952, 43.54972740297753 ], [ 7.000430412590504, 43.54972740297753 ], [ 7.000430077314378, 43.54972521597466 ], [ 7.000429406762124, 43.54972472997401 ], [ 7.000429071485996, 43.54972400097302 ], [ 7.000428065657616, 43.549723271972034 ], [ 7.00042773038149, 43.54972254297103 ], [ 7.00042773038149, 43.54972132796935 ], [ 7.000428400933744, 43.54972059896833 ], [ 7.00042873620987, 43.5497198699673 ], [ 7.000429071485996, 43.54971816896485 ], [ 7.000429071485996, 43.549716224962005 ], [ 7.000428400933744, 43.549715495960925 ], [ 7.000428400933744, 43.5497150099602 ], [ 7.000426724553108, 43.549713794958365 ], [ 7.000426724553108, 43.54971306595725 ], [ 7.000426054000854, 43.5497125799565 ], [ 7.000425048172474, 43.5497125799565 ], [ 7.000424042344094, 43.549712336956134 ], [ 7.00042337179184, 43.549711850955376 ], [ 7.00042236596346, 43.549711607955 ], [ 7.000421024858952, 43.549710635953474 ], [ 7.000420019030572, 43.549710635953474 ], [ 7.000419348478318, 43.54971039295309 ], [ 7.00041800737381, 43.54970942095155 ], [ 7.00041700154543, 43.549709177951165 ], [ 7.000415660440922, 43.5497082059496 ], [ 7.000414989888668, 43.549707962949206 ], [ 7.0004116371274, 43.549707962949206 ], [ 7.00041063129902, 43.54970771994881 ], [ 7.000409290194512, 43.54970723394801 ], [ 7.000408619642258, 43.54970674794723 ], [ 7.00040727853775, 43.549706261946426 ], [ 7.000404596328736, 43.549706261946426 ], [ 7.000403925776482, 43.54970528994482 ], [ 7.000403925776482, 43.549704317943196 ], [ 7.000404261052608, 43.54970188793908 ], [ 7.000403925776482, 43.54970091593739 ], [ 7.000403255224228, 43.54970042993655 ], [ 7.000403255224228, 43.54969994393569 ], [ 7.000402919948102, 43.54969945793484 ], [ 7.00040191411972, 43.54969921493442 ], [ 7.000393867492676, 43.54969921493442 ], [ 7.000392526388168, 43.549698971933985 ], [ 7.000391520559788, 43.5496982429327 ], [ 7.000390514731408, 43.5496982429327 ], [ 7.000388838350774, 43.54969799993226 ], [ 7.000387497246266, 43.54969702793052 ], [ 7.000387497246266, 43.54969605592876 ], [ 7.000383473932744, 43.54969605592876 ], [ 7.00038280338049, 43.54969654192964 ], [ 7.000381462275982, 43.54969702793052 ], [ 7.000380456447602, 43.54969727093095 ], [ 7.000379450619222, 43.54969751393139 ], [ 7.000377774238586, 43.54969751393139 ], [ 7.000376097857952, 43.54969799993226 ], [ 7.000375427305698, 43.54969872893356 ], [ 7.000373415648938, 43.549698971933985 ], [ 7.000371403992176, 43.54969921493442 ], [ 7.000363692641258, 43.54969921493442 ], [ 7.000362351536752, 43.54969970093527 ], [ 7.000356651842594, 43.54969970093527 ], [ 7.000355646014214, 43.54969994393569 ], [ 7.000354304909706, 43.54970042993655 ], [ 7.000353634357452, 43.54970091593739 ], [ 7.000352628529072, 43.549701158937815 ], [ 7.000351287424564, 43.54970213093949 ], [ 7.000351622700692, 43.54971282295688 ], [ 7.000353299081326, 43.549713794958365 ], [ 7.000353634357452, 43.549714523959466 ], [ 7.000354640185834, 43.549714523959466 ], [ 7.000355310738088, 43.54971476695984 ], [ 7.00035598129034, 43.54971525296056 ], [ 7.000356651842594, 43.549716224962005 ], [ 7.000357992947102, 43.54971719696344 ], [ 7.000357992947102, 43.5497179259645 ], [ 7.000358663499356, 43.5497184119652 ], [ 7.00035933405161, 43.54971914096626 ], [ 7.000359669327736, 43.54972084196867 ], [ 7.000359669327736, 43.54972400097302 ], [ 7.00036033987999, 43.54972472997401 ], [ 7.00036033987999, 43.549725701975305 ], [ 7.000361010432244, 43.54972667397658 ], [ 7.00036134570837, 43.54972788897816 ], [ 7.000362016260624, 43.54972813197847 ], [ 7.00036469846964, 43.54972813197847 ], [ 7.000365369021894, 43.54972788897816 ], [ 7.000366374850274, 43.54972788897816 ], [ 7.000367045402528, 43.54972813197847 ], [ 7.000367715954782, 43.54972813197847 ], [ 7.000370398163796, 43.5497291039797 ], [ 7.00037106871605, 43.54972958998032 ], [ 7.000371739268304, 43.54972958998032 ], [ 7.00037308037281, 43.54973056198154 ], [ 7.000373415648938, 43.54973104798214 ], [ 7.000373415648938, 43.54973177698303 ], [ 7.000374086201192, 43.54973274898422 ], [ 7.000375092029572, 43.54973347798509 ], [ 7.000375427305698, 43.549733963985666 ], [ 7.000375427305698, 43.54973444998624 ], [ 7.000379785895348, 43.54973444998624 ], [ 7.000380456447602, 43.5497332349848 ], [ 7.000381462275982, 43.549732505983926 ], [ 7.000382468104362, 43.54973177698303 ], [ 7.000382468104362, 43.5497291039797 ], [ 7.00038179755211, 43.54972667397658 ], [ 7.000380456447602, 43.54972618797594 ], [ 7.000378780066968, 43.54972594497561 ], [ 7.00037844479084, 43.54972521597466 ], [ 7.00037743896246, 43.54972472997401 ], [ 7.000377103686334, 43.54972400097302 ], [ 7.000377103686334, 43.5497230289717 ], [ 7.000376768410206, 43.54972205697037 ], [ 7.000376097857952, 43.549721570969695 ], [ 7.000375762581826, 43.549721084969015 ], [ 7.000375762581826, 43.5497198699673 ], [ 7.000375092029572, 43.54971889796591 ], [ 7.000374756753446, 43.54971671096273 ], [ 7.000374756753446, 43.549715495960925 ], [ 7.000375092029572, 43.549714523959466 ], [ 7.000375427305698, 43.549713794958365 ], [ 7.000375762581826, 43.54971330895762 ], [ 7.000376768410206, 43.549712336956134 ], [ 7.00037743896246, 43.549711607955 ], [ 7.000378780066968, 43.54971112195424 ], [ 7.000379450619222, 43.54971112195424 ], [ 7.000381126999856, 43.54971039295309 ], [ 7.00038179755211, 43.54971039295309 ], [ 7.000383138656616, 43.5497101499527 ], [ 7.000384479761124, 43.549709177951165 ], [ 7.000386491417886, 43.54970844894999 ], [ 7.000387497246266, 43.5497082059496 ], [ 7.000391520559788, 43.5497082059496 ], [ 7.000397220253944, 43.5497082059496 ], [ 7.000397555530072, 43.54970747694843 ], [ 7.000398226082326, 43.54970699094763 ], [ 7.00039889663458, 43.54970674794723 ], [ 7.00039990246296, 43.54970674794723 ], [ 7.00040090829134, 43.54970747694843 ], [ 7.000402919948102, 43.54970747694843 ], [ 7.000403255224228, 43.549709177951165 ], [ 7.000404261052608, 43.54970990695231 ], [ 7.00040526688099, 43.54971136495461 ], [ 7.00040526688099, 43.549711850955376 ], [ 7.00040727853775, 43.54971330895762 ], [ 7.000407949090004, 43.549713794958365 ], [ 7.000408954918386, 43.54971476695984 ], [ 7.000408954918386, 43.54971719696344 ], [ 7.000409625470638, 43.5497179259645 ], [ 7.000409625470638, 43.54971889796591 ], [ 7.000409960746766, 43.54971962696696 ], [ 7.000409960746766, 43.549720355967985 ], [ 7.000409960746766, 43.54972084196867 ], [ 7.000408619642258, 43.549721813970024 ], [ 7.000407613813878, 43.5497222999707 ], [ 7.00040627270937, 43.54972254297103 ], [ 7.000404931604862, 43.54972278597137 ], [ 7.000404596328736, 43.54972351497236 ], [ 7.000403925776482, 43.54972400097302 ], [ 7.000403590500356, 43.549725458974976 ], [ 7.000403255224228, 43.54972667397658 ], [ 7.000403255224228, 43.54972983298063 ], [ 7.000403590500356, 43.54973031898124 ], [ 7.000404261052608, 43.54973056198154 ], [ 7.000404931604862, 43.54973056198154 ], [ 7.000405937433244, 43.54973129098244 ], [ 7.00040727853775, 43.54973201998334 ], [ 7.000408284366132, 43.549732505983926 ], [ 7.000408954918386, 43.54973299198451 ], [ 7.000409625470638, 43.54973372098539 ], [ 7.000410296022892, 43.54973469298653 ], [ 7.0004116371274, 43.549735664987665 ], [ 7.000412307679654, 43.549736879989055 ], [ 7.000413313508034, 43.54973760898988 ], [ 7.000413648784162, 43.54973858099097 ], [ 7.000413648784162, 43.54973906699151 ], [ 7.000413648784162, 43.549740038992574 ], [ 7.000412978231908, 43.5497405249931 ], [ 7.000412978231908, 43.549741010993635 ], [ 7.000411972403526, 43.549742225994905 ], [ 7.000411972403526, 43.54974319799591 ], [ 7.000410966575146, 43.54974392699667 ], [ 7.000410296022892, 43.549744655997415 ], [ 7.000410296022892, 43.549745141997896 ], [ 7.000409625470638, 43.54974587099862 ], [ 7.000409290194512, 43.549746599999345 ], [ 7.000409290194512, 43.54974854400121 ], [ 7.000409960746766, 43.54974927300189 ], [ 7.000410296022892, 43.54975000200257 ], [ 7.000410296022892, 43.54975243200476 ], [ 7.00041063129902, 43.54975340400561 ], [ 7.000410966575146, 43.54975389000602 ], [ 7.0004116371274, 43.54975437600644 ], [ 7.000411972403526, 43.54975486200685 ], [ 7.000411972403526, 43.54975777800922 ], [ 7.00041264295578, 43.5497585070098 ], [ 7.000412978231908, 43.5497602080111 ], [ 7.000412978231908, 43.54976166601218 ], [ 7.000413313508034, 43.54976263801288 ], [ 7.000413984060288, 43.54976336701339 ], [ 7.000413984060288, 43.54976385301373 ], [ 7.000414654612542, 43.54976482501439 ], [ 7.000415660440922, 43.54976555401488 ], [ 7.000416330993176, 43.54976579701504 ], [ 7.000417336821556, 43.5497660400152 ], [ 7.000418342649938, 43.54976628301536 ], [ 7.000421695411206, 43.54976628301536 ], [ 7.000422701239586, 43.5497660400152 ], [ 7.00042337179184, 43.54976579701504 ], [ 7.00042337179184, 43.54976506801455 ], [ 7.000423707067966, 43.54976458201423 ], [ 7.00042437762022, 43.5497640960139 ], [ 7.000425048172474, 43.5497640960139 ], [ 7.000425383448602, 43.54976361001356 ], [ 7.000425383448602, 43.54976312401322 ], [ 7.000426724553108, 43.54976215201253 ], [ 7.000427395105362, 43.54976215201253 ], [ 7.00042773038149, 43.54976045101128 ], [ 7.000428400933744, 43.549759965010914 ], [ 7.000429071485996, 43.549759965010914 ], [ 7.000430077314378, 43.54975923601037 ], [ 7.000431083142758, 43.5497585070098 ], [ 7.000431083142758, 43.54975704900865 ], [ 7.000431418418884, 43.54975632000805 ], [ 7.000431753695012, 43.549755834007655 ], [ 7.00043309479952, 43.54975486200685 ], [ 7.0004341006279, 43.54975534800725 ], [ 7.000434771180154, 43.54975534800725 ], [ 7.00043611228466, 43.549755834007655 ], [ 7.000437118113042, 43.54975656300826 ], [ 7.000439129769802, 43.54975753500903 ], [ 7.000439800322056, 43.54975802100942 ], [ 7.000441141426564, 43.54975802100942 ], [ 7.000441811978818, 43.54975826400961 ], [ 7.000442817807198, 43.549758750009985 ], [ 7.000443823635578, 43.54975923601037 ], [ 7.00044482946396, 43.549759965010914 ], [ 7.000445500016212, 43.54976118001182 ], [ 7.000446505844594, 43.549761423012 ], [ 7.000447176396848, 43.549761909012354 ], [ 7.000447511672974, 43.54976312401322 ], [ 7.000447511672974, 43.54976433901406 ], [ 7.0004478469491, 43.54976531101472 ], [ 7.000448182225228, 43.5497660400152 ], [ 7.000448852777482, 43.549767012015835 ], [ 7.000448852777482, 43.54976798401645 ], [ 7.000449523329736, 43.54976871301689 ], [ 7.000449523329736, 43.549769199017184 ], [ 7.000449858605862, 43.549769928017625 ], [ 7.000450529158116, 43.54977090001819 ], [ 7.00045119971037, 43.54977138601846 ], [ 7.00045220553875, 43.54977138601846 ], [ 7.000452876091004, 43.549772358019005 ], [ 7.000452876091004, 43.54977357301966 ], [ 7.000453881919384, 43.54977430202005 ], [ 7.000454887747766, 43.54977454502016 ], [ 7.000455558300018, 43.549775517020656 ], [ 7.000455893576146, 43.54977624602102 ], [ 7.000455893576146, 43.549776975021366 ], [ 7.0004565641284, 43.5497774610216 ], [ 7.000453546643258, 43.549777947021816 ], [ 7.000453546643258, 43.54977867602215 ], [ 7.000452540814878, 43.549779648022565 ], [ 7.00045119971037, 43.54977989102268 ], [ 7.000450529158116, 43.549780134022775 ], [ 7.000449523329736, 43.549780863023074 ], [ 7.000448517501354, 43.54978110602319 ], [ 7.0004478469491, 43.54978207802357 ], [ 7.000447176396848, 43.54978256402375 ], [ 7.00044684112072, 43.54978305002395 ], [ 7.000445500016212, 43.54978329302402 ], [ 7.000445500016212, 43.54978548002478 ], [ 7.00044684112072, 43.54978645202511 ], [ 7.000448852777482, 43.5497874240254 ], [ 7.000449523329736, 43.54978791002554 ] ] ] ],
      "type" : "MultiPolygon"
    },
    "type" : "Feature",
    "properties" : {
      "zoom" : 20,
      "id" : "aa19d2cc-c971-4f12-a5fa-809810c4269f",
      "label" : "MOISISSURE_CLAIR",
      "confidence" : null
    }
  }, {
    "geometry" : {
      "coordinates" : [ [ [ [ 7.000352293252946, 43.5496751578872 ], [ 7.000356987118722, 43.5496751578872 ], [ 7.000356987118722, 43.549674428885616 ], [ 7.000357657670976, 43.54967394288455 ], [ 7.000358328223228, 43.54967272788189 ], [ 7.000358998775482, 43.54967224188083 ], [ 7.00035933405161, 43.54967175587974 ], [ 7.00035933405161, 43.549671269878665 ], [ 7.000360004603864, 43.54967054087704 ], [ 7.00036033987999, 43.549669568874855 ], [ 7.00036033987999, 43.5496654378654 ], [ 7.000359669327736, 43.549664708863695 ], [ 7.000359669327736, 43.549662035857395 ], [ 7.000358663499356, 43.549660577853906 ], [ 7.000357322394848, 43.54965960585156 ], [ 7.000356987118722, 43.54965887684979 ], [ 7.000356651842594, 43.54965814784802 ], [ 7.000356316566468, 43.54965717584564 ], [ 7.00035598129034, 43.549655474841416 ], [ 7.000355310738088, 43.549655231840816 ], [ 7.000351287424564, 43.549655231840816 ], [ 7.000351287424564, 43.549674428885616 ], [ 7.000352293252946, 43.5496751578872 ] ] ] ],
      "type" : "MultiPolygon"
    },
    "type" : "Feature",
    "properties" : {
      "zoom" : 20,
      "id" : "04abb4f9-eae8-45f5-8725-504cd5eb25ea",
      "label" : "MOISISSURE_CLAIR",
      "confidence" : null
    }
  }, {
    "geometry" : {
      "coordinates" : [ [ [ [ 7.000400573015214, 43.54969508392699 ], [ 7.000405602157116, 43.54969484092655 ], [ 7.00040627270937, 43.54969484092655 ], [ 7.000406607985498, 43.549694111925206 ], [ 7.00040727853775, 43.549693625924306 ], [ 7.000408954918386, 43.5496931399234 ], [ 7.000409625470638, 43.549692653922484 ], [ 7.000409625470638, 43.54969216792158 ], [ 7.000410966575146, 43.549691438920206 ], [ 7.000411301851274, 43.549688522914614 ], [ 7.000403590500356, 43.549688765915086 ], [ 7.000398226082326, 43.549688765915086 ], [ 7.000398226082326, 43.549694111925206 ], [ 7.000399231910706, 43.54969435492565 ], [ 7.00039990246296, 43.5496945979261 ], [ 7.000400573015214, 43.54969508392699 ] ] ] ],
      "type" : "MultiPolygon"
    },
    "type" : "Feature",
    "properties" : {
      "zoom" : 20,
      "id" : "946b9f64-0b4b-4c41-811e-cce50e766b1d",
      "label" : "MOISISSURE_CLAIR",
      "confidence" : null
    }
  }, {
    "geometry" : {
      "coordinates" : [ [ [ [ 7.001562304794788, 43.54996772980976 ], [ 7.001567669212818, 43.54996772980976 ], [ 7.001569345593452, 43.5499674868104 ], [ 7.001570016145706, 43.54996724381106 ], [ 7.00157068669796, 43.54996675781236 ], [ 7.001571357250214, 43.54996675781236 ], [ 7.001572363078594, 43.549966514813 ], [ 7.00157403945923, 43.54996554281559 ], [ 7.001574374735356, 43.549963112822006 ], [ 7.00157403945923, 43.54996262682327 ], [ 7.001573704183102, 43.54996214082455 ], [ 7.001573033630848, 43.54996189782517 ], [ 7.001573033630848, 43.54996019682956 ], [ 7.001572698354722, 43.549959710830805 ], [ 7.001568339765072, 43.549959710830805 ], [ 7.001566663384438, 43.54996068282831 ], [ 7.001565657556058, 43.54996141182642 ], [ 7.001565992832184, 43.5499638418201 ], [ 7.001565992832184, 43.549964813817525 ], [ 7.00156532227993, 43.54996529981625 ], [ 7.00156431645155, 43.54996529981625 ], [ 7.001562640070916, 43.54996554281559 ], [ 7.001562304794788, 43.54996772980976 ] ] ] ],
      "type" : "MultiPolygon"
    },
    "type" : "Feature",
    "properties" : {
      "zoom" : 20,
      "id" : "e5c70779-3c51-4568-8bce-39911a0a2c56",
      "label" : "MOISISSURE_CLAIR",
      "confidence" : null
    }
  }, {
    "geometry" : {
      "coordinates" : [ [ [ [ 7.001586109399796, 43.54998012277512 ], [ 7.001589462161064, 43.54998012277512 ], [ 7.001590132713318, 43.54997963677653 ], [ 7.001590467989446, 43.54997866477932 ], [ 7.001590803265572, 43.54997793578141 ], [ 7.001591138541698, 43.549977206783495 ], [ 7.001591138541698, 43.549975262789005 ], [ 7.001591809093952, 43.54997453379105 ], [ 7.00159214437008, 43.54997380479309 ], [ 7.00159214437008, 43.54997307579512 ], [ 7.001592479646206, 43.54997234679714 ], [ 7.00159315019846, 43.54997161779916 ], [ 7.00159315019846, 43.54996943080515 ], [ 7.001592479646206, 43.54996894480647 ], [ 7.001591809093952, 43.5499684588078 ], [ 7.001590803265572, 43.54996772980976 ], [ 7.001590132713318, 43.54996772980976 ], [ 7.001589126884938, 43.5499674868104 ], [ 7.001588456332684, 43.549967000811705 ], [ 7.00158778578043, 43.549966514813 ], [ 7.001587115228176, 43.549965785814955 ], [ 7.001585103571416, 43.54996432781881 ], [ 7.001584097743034, 43.5499638418201 ], [ 7.00158040970564, 43.5499638418201 ], [ 7.001579739153386, 43.54996408481945 ], [ 7.001579068601132, 43.549964570818176 ], [ 7.001578733325006, 43.54996505681689 ], [ 7.001578733325006, 43.549967000811705 ], [ 7.001579403877258, 43.54996772980976 ], [ 7.001579403877258, 43.54997088880116 ], [ 7.001580074429512, 43.54997161779916 ], [ 7.00158040970564, 43.549972589796475 ], [ 7.00158040970564, 43.54997356179377 ], [ 7.001579403877258, 43.54997429079173 ], [ 7.001579068601132, 43.54997477679037 ], [ 7.001579068601132, 43.549977206783495 ], [ 7.00158141553402, 43.5499774497828 ], [ 7.001582756638528, 43.549978421780025 ], [ 7.001582756638528, 43.54997890777863 ], [ 7.001583427190782, 43.54997915077792 ], [ 7.001584097743034, 43.54997915077792 ], [ 7.001585438847542, 43.54997963677653 ], [ 7.001586109399796, 43.54998012277512 ] ] ] ],
      "type" : "MultiPolygon"
    },
    "type" : "Feature",
    "properties" : {
      "zoom" : 20,
      "id" : "d1f52f62-a2c1-4f39-8ca1-5ca770e542f5",
      "label" : "MOISISSURE_CLAIR",
      "confidence" : null
    }
  }, {
    "geometry" : {
      "coordinates" : [ [ [ [ 7.001533471047878, 43.549935896887035 ], [ 7.001537494361402, 43.549935896887035 ], [ 7.001537829637528, 43.54993370989174 ], [ 7.001537494361402, 43.549931765895835 ], [ 7.001536823809148, 43.549930793897865 ], [ 7.00153648853302, 43.54992982189987 ], [ 7.001534812152386, 43.54992884990187 ], [ 7.001531459391118, 43.54992884990187 ], [ 7.001530453562738, 43.549929578900375 ], [ 7.001530453562738, 43.549932008895325 ], [ 7.00153112411499, 43.54993249489429 ], [ 7.001531459391118, 43.549932980893274 ], [ 7.001531459391118, 43.54993395289121 ], [ 7.001532129943372, 43.54993492488913 ], [ 7.001533471047878, 43.549935896887035 ] ] ] ],
      "type" : "MultiPolygon"
    },
    "type" : "Feature",
    "properties" : {
      "zoom" : 20,
      "id" : "b239bb65-bbd0-4705-b043-e76c323d1b19",
      "label" : "MOISISSURE_CLAIR",
      "confidence" : null
    }
  }, {
    "geometry" : {
      "coordinates" : [ [ [ [ 7.001502625644208, 43.54994027087741 ], [ 7.001507990062238, 43.54994027087741 ], [ 7.001508995890618, 43.54994002787795 ], [ 7.001510001718998, 43.5499397848785 ], [ 7.001512683928014, 43.549938812880654 ], [ 7.001513689756394, 43.54993832688173 ], [ 7.001514360308648, 43.549937597883336 ], [ 7.001515030860902, 43.54993711188439 ], [ 7.001515701413156, 43.54993686888492 ], [ 7.001518048346044, 43.54993686888492 ], [ 7.001518718898296, 43.54993662588546 ], [ 7.001519054174424, 43.549934438890176 ], [ 7.00151737779379, 43.54993346689224 ], [ 7.001516707241536, 43.549932980893274 ], [ 7.001517042517662, 43.549930793897865 ], [ 7.001517713069916, 43.54993055089837 ], [ 7.001519724726678, 43.54993055089837 ], [ 7.001519724726678, 43.54992860690236 ], [ 7.001517713069916, 43.54992860690236 ], [ 7.001517042517662, 43.54992812090336 ], [ 7.00151737779379, 43.54992763490434 ], [ 7.001517713069916, 43.54992714890533 ], [ 7.001517713069916, 43.54992617690728 ], [ 7.00151838362217, 43.549925447908734 ], [ 7.001519054174424, 43.549924718910184 ], [ 7.001519724726678, 43.54992423291114 ], [ 7.001520395278932, 43.549923989911626 ], [ 7.001521736383438, 43.549923989911626 ], [ 7.001521736383438, 43.549922774913995 ], [ 7.0015237480402, 43.54992253191447 ], [ 7.001524418592454, 43.549922288914935 ], [ 7.001524418592454, 43.54992107391728 ], [ 7.001525089144708, 43.54992010191914 ], [ 7.001526094973088, 43.54991937292052 ], [ 7.001527771353722, 43.54991840092235 ], [ 7.001528777182102, 43.54991840092235 ], [ 7.001530453562738, 43.54991718592461 ], [ 7.00153112411499, 43.549916942925066 ], [ 7.001531794667244, 43.549916942925066 ], [ 7.001532800495626, 43.54991645692596 ], [ 7.001535147428514, 43.54991645692596 ], [ 7.001535147428514, 43.5499157279273 ], [ 7.001535817980766, 43.54991524192818 ], [ 7.001536823809148, 43.54991524192818 ], [ 7.001537494361402, 43.54991475592907 ], [ 7.001537494361402, 43.549912811932565 ], [ 7.00153648853302, 43.54991256893299 ], [ 7.001534812152386, 43.54991232593343 ], [ 7.001531794667244, 43.54991232593343 ], [ 7.001530453562738, 43.54991183993428 ], [ 7.001528777182102, 43.549910624936416 ], [ 7.00152575969696, 43.549910624936416 ], [ 7.001525089144708, 43.54991111093556 ], [ 7.001523412764072, 43.54991159693471 ], [ 7.00152274221182, 43.54991208293386 ], [ 7.001521736383438, 43.54991232593343 ], [ 7.001521401107312, 43.54991378393082 ], [ 7.001521065831184, 43.54991475592907 ], [ 7.001520060002804, 43.54991548492774 ], [ 7.001518048346044, 43.54991669992552 ], [ 7.001516036689282, 43.54991669992552 ], [ 7.001515366137028, 43.54991645692596 ], [ 7.00151402503252, 43.54991548492774 ], [ 7.00151402503252, 43.54991426992995 ], [ 7.001515030860902, 43.54991354093126 ], [ 7.001515030860902, 43.54991159693471 ], [ 7.001514360308648, 43.549910624936416 ], [ 7.001514360308648, 43.549910138937264 ], [ 7.001515030860902, 43.54990940993852 ], [ 7.001515030860902, 43.54990892393936 ], [ 7.001516036689282, 43.54990770894143 ], [ 7.001516036689282, 43.54990552194511 ], [ 7.001515701413156, 43.549905035945905 ], [ 7.001514695584774, 43.549904306947106 ], [ 7.00151402503252, 43.549904306947106 ], [ 7.00151301920414, 43.54990333494869 ], [ 7.00151201337576, 43.54990284894948 ], [ 7.001511678099632, 43.54990211995065 ], [ 7.001510336995126, 43.54990211995065 ], [ 7.001509331166744, 43.54990139095182 ], [ 7.001508660614492, 43.54990066195297 ], [ 7.001508325338364, 43.54990017595374 ], [ 7.001508325338364, 43.5498996899545 ], [ 7.001510001718998, 43.54989944695488 ], [ 7.001510336995126, 43.549901147952205 ], [ 7.001513689756394, 43.549901147952205 ], [ 7.001515366137028, 43.54990090495257 ], [ 7.001516371965408, 43.54990041895335 ], [ 7.001516707241536, 43.54989944695488 ], [ 7.001517042517662, 43.54989896095563 ], [ 7.001518048346044, 43.54989823195676 ], [ 7.001518718898296, 43.54989823195676 ], [ 7.001520730555058, 43.549896773958984 ], [ 7.001523412764072, 43.549896773958984 ], [ 7.001523412764072, 43.54989580196045 ], [ 7.001524418592454, 43.54989482996191 ], [ 7.001525089144708, 43.54989434396261 ], [ 7.001526765525342, 43.54989385796333 ], [ 7.001527436077596, 43.54989337196404 ], [ 7.001528441905976, 43.54989312896439 ], [ 7.001529447734356, 43.54989239996545 ], [ 7.00153011828661, 43.54989142796684 ], [ 7.00153011828661, 43.54988851197093 ], [ 7.001529783010484, 43.549884380976486 ], [ 7.001529447734356, 43.549882436979 ], [ 7.001528106629848, 43.549881464980224 ], [ 7.001526765525342, 43.54988097898084 ], [ 7.00152475386858, 43.54987952098264 ], [ 7.001524418592454, 43.54987879198354 ], [ 7.001520395278932, 43.54987879198354 ], [ 7.001518718898296, 43.54987757698501 ], [ 7.001518048346044, 43.54987733398529 ], [ 7.00151301920414, 43.54987733398529 ], [ 7.001512348651886, 43.54987709098558 ], [ 7.00151100754738, 43.54987611898672 ], [ 7.00151100754738, 43.54987538998758 ], [ 7.001510001718998, 43.54987466098842 ], [ 7.001509331166744, 43.54987368898953 ], [ 7.001509331166744, 43.54987247399089 ], [ 7.001508660614492, 43.54987174499169 ], [ 7.001508660614492, 43.5498698009938 ], [ 7.001510336995126, 43.549868585995085 ], [ 7.001513354480268, 43.549868585995085 ], [ 7.00151301920414, 43.54986639899734 ], [ 7.00151201337576, 43.54986591299783 ], [ 7.001511678099632, 43.549865183998556 ], [ 7.001511678099632, 43.549863968999745 ], [ 7.001512683928014, 43.549862754000905 ], [ 7.001512683928014, 43.549859838003606 ], [ 7.001510672271252, 43.54985862300469 ], [ 7.001509666442872, 43.54985789400533 ], [ 7.001509331166744, 43.54985740800575 ], [ 7.001509331166744, 43.549856436006586 ], [ 7.001508995890618, 43.54985595000699 ], [ 7.00150765478611, 43.549854978007794 ], [ 7.00150765478611, 43.549854492008194 ], [ 7.00150664895773, 43.54985327700917 ], [ 7.00150664895773, 43.54985206201012 ], [ 7.001506984233856, 43.549849875011766 ], [ 7.001505978405476, 43.5498491460123 ], [ 7.001505978405476, 43.54984525801499 ], [ 7.001504972577096, 43.54984525801499 ], [ 7.001503966748714, 43.54984452901547 ], [ 7.001503296196462, 43.54984428601563 ], [ 7.001500613987446, 43.54984428601563 ], [ 7.001500613987446, 43.549848174013 ], [ 7.00150027871132, 43.549848903012474 ], [ 7.001498937606812, 43.549850604011226 ], [ 7.001498937606812, 43.549851090010876 ], [ 7.001498602330686, 43.54985181901031 ], [ 7.001497261226178, 43.54985279100956 ], [ 7.00149491429329, 43.54985279100956 ], [ 7.001493573188782, 43.54985327700917 ], [ 7.001491561532022, 43.54985327700917 ], [ 7.001490220427514, 43.54985424900839 ], [ 7.00148954987526, 43.54985424900839 ], [ 7.00148954987526, 43.54985862300469 ], [ 7.001489885151386, 43.549861539002045 ], [ 7.001490220427514, 43.549864454999266 ], [ 7.001490890979768, 43.5498676139961 ], [ 7.001491226255894, 43.54987052999302 ], [ 7.001491226255894, 43.54987320299008 ], [ 7.001492902636528, 43.5498734459898 ], [ 7.00149390846491, 43.549873931989254 ], [ 7.001495249569416, 43.549873931989254 ], [ 7.00149592012167, 43.54987441798869 ], [ 7.001498267054558, 43.54987441798869 ], [ 7.001499272882938, 43.54987490398815 ], [ 7.001500949263574, 43.54987490398815 ], [ 7.001501619815826, 43.54987538998758 ], [ 7.001501619815826, 43.54987684798587 ], [ 7.001504302024842, 43.54987684798587 ], [ 7.001505978405476, 43.54987709098558 ], [ 7.001506984233856, 43.54987757698501 ], [ 7.001508325338364, 43.54987854898383 ], [ 7.001505978405476, 43.54988024998175 ], [ 7.001505307853222, 43.54988024998175 ], [ 7.001504637300968, 43.54988486697584 ], [ 7.001504637300968, 43.54988729697259 ], [ 7.001505978405476, 43.54988729697259 ], [ 7.00150664895773, 43.549887782971936 ], [ 7.001506313681602, 43.549888268971266 ], [ 7.001506313681602, 43.54989021296856 ], [ 7.001508660614492, 43.549891670966495 ], [ 7.001509331166744, 43.5498921569658 ], [ 7.001509331166744, 43.54989434396261 ], [ 7.001508995890618, 43.54989507296155 ], [ 7.001508325338364, 43.54989555896081 ], [ 7.001507990062238, 43.549896044960086 ], [ 7.001507990062238, 43.549899203955256 ], [ 7.001504972577096, 43.54989944695488 ], [ 7.001503296196462, 43.54989847495638 ], [ 7.001501619815826, 43.54989725995824 ], [ 7.00150027871132, 43.54989653095935 ], [ 7.001497261226178, 43.54989628795972 ], [ 7.001494243741036, 43.54989628795972 ], [ 7.001494243741036, 43.5498996899545 ], [ 7.001494579017162, 43.54990284894948 ], [ 7.00149491429329, 43.5499057649447 ], [ 7.001495249569416, 43.54990868093978 ], [ 7.001495584845544, 43.54991159693471 ], [ 7.00149592012167, 43.54991451292951 ], [ 7.001496255397798, 43.54991742892416 ], [ 7.001496590673924, 43.549920344918675 ], [ 7.00149692595005, 43.54992326091305 ], [ 7.001497261226178, 43.54992641990679 ], [ 7.001497596502304, 43.54992933590087 ], [ 7.001497931778432, 43.54993225189481 ], [ 7.001498267054558, 43.54993516788861 ], [ 7.001498602330686, 43.54993808388227 ], [ 7.001498937606812, 43.54993856988119 ], [ 7.00150027871132, 43.549939541879034 ], [ 7.001501619815826, 43.54994002787795 ], [ 7.001502625644208, 43.54994027087741 ] ] ] ],
      "type" : "MultiPolygon"
    },
    "type" : "Feature",
    "properties" : {
      "zoom" : 20,
      "id" : "94e4cec0-5fba-425d-9e9a-5dc491655c0a",
      "label" : "MOISISSURE_CLAIR",
      "confidence" : null
    }
  }, {
    "geometry" : {
      "coordinates" : [ [ [ [ 7.00148854404688, 43.549838211019235 ], [ 7.001491561532022, 43.549838211019235 ], [ 7.001492567360402, 43.54983748201962 ], [ 7.001492902636528, 43.54983675302 ], [ 7.001492902636528, 43.549834566021104 ], [ 7.001493573188782, 43.54983310802179 ], [ 7.001493573188782, 43.54982922002344 ], [ 7.001493237912656, 43.54982824802381 ], [ 7.001492902636528, 43.549827033024265 ], [ 7.001491896808148, 43.549825818024686 ], [ 7.001491896808148, 43.54982411702523 ], [ 7.001488879323006, 43.54982387402531 ], [ 7.001488208770752, 43.54982460302508 ], [ 7.001487538218498, 43.54982460302508 ], [ 7.001486867666246, 43.549824846025 ], [ 7.001486532390118, 43.549825332024845 ], [ 7.001486197113992, 43.549825818024686 ], [ 7.001486197113992, 43.54982897702353 ], [ 7.001486867666246, 43.549832136022225 ], [ 7.001487202942372, 43.54983505202087 ], [ 7.001487202942372, 43.54983699601988 ], [ 7.001487873494626, 43.54983748201962 ], [ 7.00148854404688, 43.549838211019235 ] ] ] ],
      "type" : "MultiPolygon"
    },
    "type" : "Feature",
    "properties" : {
      "zoom" : 20,
      "id" : "3ecc8a7a-e86a-4bee-9154-d322b5652f3e",
      "label" : "MOISISSURE_CLAIR",
      "confidence" : null
    }
  }, {
    "geometry" : {
      "coordinates" : [ [ [ [ 7.001596167683602, 43.549930793897865 ], [ 7.001599185168744, 43.549930793897865 ], [ 7.001600526273252, 43.54993055089837 ], [ 7.001601867377758, 43.54993006489936 ], [ 7.00160287320614, 43.549929578900375 ], [ 7.00160387903452, 43.549929092901365 ], [ 7.001604549586774, 43.54992836390286 ], [ 7.001605220139028, 43.549927877903855 ], [ 7.001606225967408, 43.54992763490434 ], [ 7.001606896519662, 43.54992763490434 ], [ 7.001607567071916, 43.54992739190484 ], [ 7.001608908176422, 43.54992641990679 ], [ 7.001609914004804, 43.549925447908734 ], [ 7.001611590385438, 43.549924475910665 ], [ 7.001612260937692, 43.549923989911626 ], [ 7.001612596213818, 43.549923503912574 ], [ 7.001612596213818, 43.54992155991635 ], [ 7.001612260937692, 43.54991961592006 ], [ 7.001611925661564, 43.549917671923716 ], [ 7.001611590385438, 43.54991548492774 ], [ 7.00161125510931, 43.54991354093126 ], [ 7.001610919833184, 43.54991159693471 ], [ 7.001610584557056, 43.54990965293811 ], [ 7.00161024928093, 43.54990746594184 ], [ 7.001609914004804, 43.54990552194511 ], [ 7.001609578728676, 43.5499035779483 ], [ 7.00160924345255, 43.549901633951436 ], [ 7.001608908176422, 43.54989944695488 ], [ 7.001608572900296, 43.54989750295787 ], [ 7.001608237624168, 43.54989555896081 ], [ 7.001607902348042, 43.549893614963686 ], [ 7.001607567071916, 43.54989142796684 ], [ 7.001607231795788, 43.54988948396959 ], [ 7.001606896519662, 43.54988753997226 ], [ 7.001606561243534, 43.54988559597488 ], [ 7.001606225967408, 43.54988340897775 ], [ 7.00160589069128, 43.549881464980224 ], [ 7.001605220139028, 43.54987927798294 ], [ 7.0016048848629, 43.54987733398529 ], [ 7.001604549586774, 43.54987538998758 ], [ 7.001604214310646, 43.54987320299008 ], [ 7.00160387903452, 43.549871258992226 ], [ 7.001603543758392, 43.54986931499432 ], [ 7.001603208482266, 43.549867370996346 ], [ 7.00160287320614, 43.549865183998556 ], [ 7.001602537930012, 43.54986324000045 ], [ 7.001602202653886, 43.54986129600228 ], [ 7.001601867377758, 43.54985935200404 ], [ 7.001601532101632, 43.54985716500596 ], [ 7.001601196825504, 43.54985522100759 ], [ 7.001600861549378, 43.54985327700917 ], [ 7.001600526273252, 43.54985133301068 ], [ 7.001600190997124, 43.5498491460123 ], [ 7.001599855720998, 43.54984720201368 ], [ 7.00159952044487, 43.54984525801499 ], [ 7.001599185168744, 43.54984331401624 ], [ 7.001598849892616, 43.54984112701758 ], [ 7.00159851461649, 43.5498391830187 ], [ 7.001598179340364, 43.549837239019745 ], [ 7.001598179340364, 43.54983553802062 ], [ 7.001595497131348, 43.54983553802062 ], [ 7.001595497131348, 43.549843800015935 ], [ 7.001594826579094, 43.54984598701451 ], [ 7.001595161855222, 43.54984841701282 ], [ 7.001595161855222, 43.549849875011766 ], [ 7.001594826579094, 43.54985084701104 ], [ 7.001593820750714, 43.54985157601049 ], [ 7.001592479646206, 43.54985157601049 ], [ 7.00159214437008, 43.54985352000897 ], [ 7.001591473817826, 43.549853763008784 ], [ 7.00158879160881, 43.549853763008784 ], [ 7.001588456332684, 43.54985424900839 ], [ 7.001588121056558, 43.54985473500799 ], [ 7.001588121056558, 43.54985716500596 ], [ 7.001589126884938, 43.54985765100554 ], [ 7.001589126884938, 43.549858380004906 ], [ 7.001588456332684, 43.54985910900426 ], [ 7.001588456332684, 43.54985959500383 ], [ 7.00158677995205, 43.549860567002945 ], [ 7.001586444675922, 43.54986129600228 ], [ 7.00158577412367, 43.54986178200183 ], [ 7.001584768295288, 43.54986226800137 ], [ 7.001583762466908, 43.54986251100114 ], [ 7.001583091914654, 43.54986299700068 ], [ 7.001581750810146, 43.54986251100114 ], [ 7.001580744981766, 43.54986178200183 ], [ 7.001577727496624, 43.54986178200183 ], [ 7.001578062772752, 43.549864454999266 ], [ 7.001579068601132, 43.54986494099878 ], [ 7.001579403877258, 43.54986542699831 ], [ 7.001579403877258, 43.54986591299783 ], [ 7.001580074429512, 43.54986639899734 ], [ 7.00158141553402, 43.54986639899734 ], [ 7.001583091914654, 43.549867856995846 ], [ 7.001584433019162, 43.549868585995085 ], [ 7.001586109399796, 43.549871015992494 ], [ 7.001586444675922, 43.54987198799142 ], [ 7.001586444675922, 43.54987320299008 ], [ 7.001587115228176, 43.54987417498898 ], [ 7.001587115228176, 43.54987538998758 ], [ 7.001587450504304, 43.54987611898672 ], [ 7.001588121056558, 43.54987660498615 ], [ 7.001588121056558, 43.54987709098558 ], [ 7.00158879160881, 43.549877819984715 ], [ 7.00158879160881, 43.54987854898383 ], [ 7.001587450504304, 43.54988049298145 ], [ 7.001586444675922, 43.54988122198053 ], [ 7.00158577412367, 43.54988219397931 ], [ 7.00158577412367, 43.54988462397617 ], [ 7.001585103571416, 43.5498853529752 ], [ 7.001584768295288, 43.54988729697259 ], [ 7.001584768295288, 43.54989191396615 ], [ 7.001585103571416, 43.549892885964745 ], [ 7.001585438847542, 43.54989337196404 ], [ 7.001586444675922, 43.54989385796333 ], [ 7.00158677995205, 43.54989458696227 ], [ 7.00158677995205, 43.54989531596117 ], [ 7.001587115228176, 43.549896044960086 ], [ 7.001587450504304, 43.54989653095935 ], [ 7.001588121056558, 43.54989701695862 ], [ 7.00158879160881, 43.54989701695862 ], [ 7.001590132713318, 43.54989750295787 ], [ 7.001591138541698, 43.54989823195676 ], [ 7.001591809093952, 43.54989823195676 ], [ 7.001593485474586, 43.54989944695488 ], [ 7.001593820750714, 43.549899932954126 ], [ 7.00159415602684, 43.549901147952205 ], [ 7.00159415602684, 43.54990309194908 ], [ 7.00159415602684, 43.5499038209479 ], [ 7.00159415602684, 43.549904306947106 ], [ 7.001593820750714, 43.5499052789455 ], [ 7.00159315019846, 43.5499060079443 ], [ 7.001593485474586, 43.549908194940606 ], [ 7.001593485474586, 43.54990965293811 ], [ 7.001592814922334, 43.54991038193684 ], [ 7.00159214437008, 43.54991111093556 ], [ 7.001591473817826, 43.54991159693471 ], [ 7.001589797437192, 43.54991256893299 ], [ 7.001589797437192, 43.54991305493213 ], [ 7.001589126884938, 43.54991378393082 ], [ 7.00158879160881, 43.54991451292951 ], [ 7.001588456332684, 43.54991524192818 ], [ 7.001588121056558, 43.54991597092685 ], [ 7.001588121056558, 43.54991742892416 ], [ 7.00158778578043, 43.5499186439219 ], [ 7.001587450504304, 43.54991937292052 ], [ 7.001586444675922, 43.54992010191914 ], [ 7.001586109399796, 43.549925204909215 ], [ 7.001586444675922, 43.549925933907765 ], [ 7.001587450504304, 43.54992739190484 ], [ 7.001589126884938, 43.54992860690236 ], [ 7.001590132713318, 43.549929092901365 ], [ 7.001591138541698, 43.54992933590087 ], [ 7.001592479646206, 43.54992933590087 ], [ 7.00159415602684, 43.549929578900375 ], [ 7.001595497131348, 43.54993055089837 ], [ 7.001595832407476, 43.54993055089837 ], [ 7.001596167683602, 43.549930793897865 ] ] ] ],
      "type" : "MultiPolygon"
    },
    "type" : "Feature",
    "properties" : {
      "zoom" : 20,
      "id" : "a8170a8a-587a-476a-ac7f-20a1110d5e8e",
      "label" : "MOISISSURE_CLAIR",
      "confidence" : null
    }
  }, {
    "geometry" : {
      "coordinates" : [ [ [ [ 7.001503296196462, 43.549817070027 ], [ 7.001505978405476, 43.549817070027 ], [ 7.00150664895773, 43.54981634102714 ], [ 7.001507319509984, 43.54981634102714 ], [ 7.001507990062238, 43.54981585502723 ], [ 7.001508660614492, 43.54981585502723 ], [ 7.001509666442872, 43.54981585502723 ], [ 7.001510672271252, 43.54981609802718 ], [ 7.00151100754738, 43.54981682702705 ], [ 7.001515366137028, 43.54981682702705 ], [ 7.001516371965408, 43.54981634102714 ], [ 7.001517042517662, 43.54981634102714 ], [ 7.00151838362217, 43.54981585502723 ], [ 7.001519724726678, 43.54981488302738 ], [ 7.001520060002804, 43.54981415402749 ], [ 7.001520060002804, 43.54981366802756 ], [ 7.001520395278932, 43.54981269602768 ], [ 7.001521065831184, 43.54981172402779 ], [ 7.001522406935692, 43.549810995027855 ], [ 7.001523077487946, 43.549810995027855 ], [ 7.001524418592454, 43.54980978002796 ], [ 7.001525089144708, 43.54980929402799 ], [ 7.001525424420834, 43.54980807902806 ], [ 7.001525424420834, 43.54980735002808 ], [ 7.001526430249214, 43.54980613502811 ], [ 7.001526765525342, 43.549805406028106 ], [ 7.001526765525342, 43.549804677028106 ], [ 7.001527100801468, 43.5498039480281 ], [ 7.001527771353722, 43.54980346202807 ], [ 7.001527771353722, 43.54980297602806 ], [ 7.001528777182102, 43.54980224702802 ], [ 7.001528777182102, 43.54979835902769 ], [ 7.001527436077596, 43.5497976300276 ], [ 7.001527100801468, 43.549797144027536 ], [ 7.001527100801468, 43.54979641502743 ], [ 7.001526430249214, 43.54979592902735 ], [ 7.001526430249214, 43.54979520002723 ], [ 7.001526094973088, 43.54979471402714 ], [ 7.001520730555058, 43.54979471402714 ], [ 7.001519054174424, 43.54979520002723 ], [ 7.001514695584774, 43.54979520002723 ], [ 7.001514360308648, 43.549794471027106 ], [ 7.001511342823506, 43.549794471027106 ], [ 7.001511342823506, 43.54979641502743 ], [ 7.001513689756394, 43.54979641502743 ], [ 7.001514360308648, 43.549797387027574 ], [ 7.001513689756394, 43.54979811602766 ], [ 7.001513689756394, 43.54980054602791 ], [ 7.001512683928014, 43.54980127502797 ], [ 7.001510336995126, 43.54980127502797 ], [ 7.001509666442872, 43.54980078902793 ], [ 7.001506984233856, 43.54980078902793 ], [ 7.001506984233856, 43.54980127502797 ], [ 7.001506313681602, 43.549801761028 ], [ 7.00150564312935, 43.54980297602806 ], [ 7.001504972577096, 43.54980346202807 ], [ 7.001502960920334, 43.54980516302811 ], [ 7.001501619815826, 43.54980613502811 ], [ 7.0015012845397, 43.549806864028085 ], [ 7.00150027871132, 43.54980759302808 ], [ 7.001499608159066, 43.54980832202804 ], [ 7.001499608159066, 43.54981075202788 ], [ 7.0015012845397, 43.54981172402779 ], [ 7.00150229036808, 43.549812453027705 ], [ 7.001502625644208, 43.549812939027646 ], [ 7.001502960920334, 43.54981366802756 ], [ 7.001503296196462, 43.54981561202725 ], [ 7.001503296196462, 43.549817070027 ] ] ] ],
      "type" : "MultiPolygon"
    },
    "type" : "Feature",
    "properties" : {
      "zoom" : 20,
      "id" : "62e3d4b1-e298-4009-82e2-0e19b436b7c0",
      "label" : "MOISISSURE_CLAIR",
      "confidence" : null
    }
  }, {
    "geometry" : {
      "coordinates" : [ [ [ [ 7.001542523503304, 43.550005151697405 ], [ 7.001546546816826, 43.550005151697405 ], [ 7.001547887921334, 43.550004665699014 ], [ 7.001549899578094, 43.550004665699014 ], [ 7.001551240682602, 43.550004422699814 ], [ 7.001552917063236, 43.55000417970062 ], [ 7.001554593443872, 43.55000345070302 ], [ 7.00155694037676, 43.55000345070302 ], [ 7.00155794620514, 43.55000320770381 ], [ 7.00155895203352, 43.55000296470461 ], [ 7.0015599578619, 43.5500027217054 ], [ 7.001560963690282, 43.5500024787062 ], [ 7.001561969518662, 43.550001992707784 ], [ 7.001562640070916, 43.55000150670937 ], [ 7.00156331062317, 43.55000150670937 ], [ 7.00156431645155, 43.550001020710944 ], [ 7.00156532227993, 43.55000077771174 ], [ 7.001566998660564, 43.55000053471252 ], [ 7.001567669212818, 43.54999980571487 ], [ 7.001569010317326, 43.54999980571487 ], [ 7.001570016145706, 43.55000004871409 ], [ 7.001571357250214, 43.55000053471252 ], [ 7.00157504528761, 43.55000053471252 ], [ 7.00157605111599, 43.55000029171331 ], [ 7.001576721668244, 43.54999980571487 ], [ 7.00157705694437, 43.54999931971644 ], [ 7.001577392220498, 43.54999859071878 ], [ 7.001577392220498, 43.54999543172882 ], [ 7.001576721668244, 43.54999397373339 ], [ 7.001576721668244, 43.549993244735674 ], [ 7.001577727496624, 43.54999202973944 ], [ 7.001577392220498, 43.54998911374839 ], [ 7.001577392220498, 43.54998862774988 ], [ 7.001576721668244, 43.54998838475061 ], [ 7.00157605111599, 43.54998838475061 ], [ 7.001575380563736, 43.54998814175136 ], [ 7.001574374735356, 43.54998741275355 ], [ 7.001573704183102, 43.549986683755755 ], [ 7.001573704183102, 43.549986197757214 ], [ 7.001574374735356, 43.549985711758666 ], [ 7.001574374735356, 43.5499830387666 ], [ 7.001574374735356, 43.549982309768744 ], [ 7.001574374735356, 43.54998182377017 ], [ 7.001574710011482, 43.549980851773 ], [ 7.001575715839864, 43.54997963677653 ], [ 7.001575715839864, 43.549977206783495 ], [ 7.00157504528761, 43.54997647778556 ], [ 7.00157403945923, 43.549975505788325 ], [ 7.001573368906976, 43.54997501978969 ], [ 7.001572027802468, 43.54997501978969 ], [ 7.001571357250214, 43.54997453379105 ], [ 7.001570351421834, 43.54997380479309 ], [ 7.001563981175424, 43.54997380479309 ], [ 7.001562975347042, 43.54997356179377 ], [ 7.001561969518662, 43.54997307579512 ], [ 7.001559287309648, 43.54997307579512 ], [ 7.001558616757394, 43.5499728327958 ], [ 7.00155794620514, 43.54997234679714 ], [ 7.001557275652886, 43.54997210379782 ], [ 7.001556605100632, 43.54997210379782 ], [ 7.001555934548378, 43.549971860798486 ], [ 7.001554928719998, 43.549971374799824 ], [ 7.001553922891618, 43.549970645801835 ], [ 7.001553922891618, 43.54996821580844 ], [ 7.00154822319746, 43.54996821580844 ], [ 7.00154721736908, 43.54996797280909 ], [ 7.001545876264572, 43.5499674868104 ], [ 7.001544535160066, 43.5499674868104 ], [ 7.001543529331684, 43.54996724381106 ], [ 7.001542523503304, 43.549966514813 ], [ 7.00154185295105, 43.549966514813 ], [ 7.001540176570416, 43.549965785814955 ], [ 7.001534812152386, 43.54996554281559 ], [ 7.001531459391118, 43.54996554281559 ], [ 7.001531459391118, 43.54996797280909 ], [ 7.001531794667244, 43.549971131800504 ], [ 7.001532129943372, 43.54997429079173 ], [ 7.001532465219498, 43.5499774497828 ], [ 7.001532800495626, 43.549980851773 ], [ 7.001533135771752, 43.54998401076373 ], [ 7.001533471047878, 43.54998716975429 ], [ 7.001533806324006, 43.54999032874469 ], [ 7.001534141600132, 43.54999348773492 ], [ 7.00153447687626, 43.549996646724985 ], [ 7.001534812152386, 43.54999980571487 ], [ 7.001535147428514, 43.55000296470461 ], [ 7.00153548270464, 43.55000417970062 ], [ 7.001536823809148, 43.550004665699014 ], [ 7.001541517674924, 43.550004665699014 ], [ 7.001542188227178, 43.55000490869821 ], [ 7.001542523503304, 43.550005151697405 ] ] ] ],
      "type" : "MultiPolygon"
    },
    "type" : "Feature",
    "properties" : {
      "zoom" : 20,
      "id" : "9043a241-9ca3-4025-aee2-f34e1abd11a0",
      "label" : "MOISISSURE_CLAIR",
      "confidence" : null
    }
  }, {
    "geometry" : {
      "coordinates" : [ [ [ [ 7.001448310911656, 43.550090687353354 ], [ 7.00145099312067, 43.550090687353354 ], [ 7.001451663672924, 43.55009020135566 ], [ 7.001453340053558, 43.55008971535795 ], [ 7.00145434588194, 43.55008922936023 ], [ 7.001454681158066, 43.55008850036366 ], [ 7.001457698643208, 43.550086313373896 ], [ 7.001457698643208, 43.550085584377285 ], [ 7.001458704471588, 43.55008412638405 ], [ 7.001459375023842, 43.55008364038629 ], [ 7.001459375023842, 43.550081453396345 ], [ 7.001457698643208, 43.550081453396345 ], [ 7.001457028090954, 43.550080481400784 ], [ 7.001458033919334, 43.5500797524041 ], [ 7.001459039747716, 43.550079266406314 ], [ 7.001460380852222, 43.55007902340741 ], [ 7.001461051404476, 43.55007902340741 ], [ 7.001461051404476, 43.55007707941622 ], [ 7.00146071612835, 43.55007659341839 ], [ 7.001460045576096, 43.55007635041949 ], [ 7.001459375023842, 43.55007610742059 ], [ 7.001458704471588, 43.55007610742059 ], [ 7.001457698643208, 43.55007586442167 ], [ 7.001456692814828, 43.55007513542495 ], [ 7.001455686986446, 43.550074892426025 ], [ 7.001455016434194, 43.550074892426025 ], [ 7.00145434588194, 43.550074406428195 ], [ 7.00145434588194, 43.550071490441134 ], [ 7.001453675329686, 43.550071247442204 ], [ 7.001452669501306, 43.550070761444346 ], [ 7.00145099312067, 43.55007027544649 ], [ 7.001450322568418, 43.55006978944862 ], [ 7.001448646187782, 43.55006930345074 ], [ 7.00144797563553, 43.550068817452875 ], [ 7.001446299254894, 43.550068331454995 ], [ 7.001445628702642, 43.550067845457114 ], [ 7.001443952322006, 43.55006735945923 ], [ 7.001443281769754, 43.55006687346133 ], [ 7.001442275941372, 43.55006663046239 ], [ 7.001441605389118, 43.55006614446449 ], [ 7.001439593732358, 43.550065415467635 ], [ 7.001436911523342, 43.550065415467635 ], [ 7.001436911523342, 43.55006760245816 ], [ 7.00143724679947, 43.55006906045181 ], [ 7.001437582075596, 43.55006954644969 ], [ 7.00143825262785, 43.55007003244755 ], [ 7.001438587903976, 43.550070761444346 ], [ 7.001438587903976, 43.5500722194379 ], [ 7.001438923180104, 43.55007367743145 ], [ 7.001439929008484, 43.55007513542495 ], [ 7.00144462287426, 43.55007537842385 ], [ 7.001444958150388, 43.55007586442167 ], [ 7.001446969807148, 43.55007586442167 ], [ 7.001447640359402, 43.55007635041949 ], [ 7.001448310911656, 43.550076836417304 ], [ 7.00144998729229, 43.55007707941622 ], [ 7.00145099312067, 43.55007756541402 ], [ 7.001451663672924, 43.55007756541402 ], [ 7.001452334225178, 43.55007805141182 ], [ 7.001452334225178, 43.55007853740962 ], [ 7.001451663672924, 43.55007902340741 ], [ 7.00145099312067, 43.55007902340741 ], [ 7.001449652016164, 43.55007999540299 ], [ 7.00144898146391, 43.550080481400784 ], [ 7.00144898146391, 43.55008169639523 ], [ 7.001448310911656, 43.55008218239299 ], [ 7.001447305083276, 43.550082425391885 ], [ 7.001447305083276, 43.5500833973874 ], [ 7.001446299254894, 43.55008388338516 ], [ 7.001446299254894, 43.550086313373896 ], [ 7.001446634531022, 43.5500870423705 ], [ 7.001446969807148, 43.550087528368216 ], [ 7.001448310911656, 43.55008850036366 ], [ 7.001448310911656, 43.550090687353354 ] ] ] ],
      "type" : "MultiPolygon"
    },
    "type" : "Feature",
    "properties" : {
      "zoom" : 20,
      "id" : "d50a2317-7bc3-4d94-8295-071bb8af5e63",
      "label" : "MOISISSURE_NOIRCIE",
      "confidence" : null
    }
  }, {
    "geometry" : {
      "coordinates" : [ [ [ [ 7.00159952044487, 43.55019274678401 ], [ 7.001602537930012, 43.55019274678401 ], [ 7.001604214310646, 43.550192503785574 ], [ 7.001605555415154, 43.550192260787135 ], [ 7.001607231795788, 43.55019177479025 ], [ 7.001608572900296, 43.55019153179181 ], [ 7.001609914004804, 43.55019128879337 ], [ 7.00161125510931, 43.55019104579491 ], [ 7.001611925661564, 43.55019104579491 ], [ 7.001612260937692, 43.550190073801126 ], [ 7.001612596213818, 43.550188858808866 ], [ 7.001612931489944, 43.550187157819664 ], [ 7.001612931489944, 43.55018375584111 ], [ 7.001614272594452, 43.55018302684569 ], [ 7.00161460787058, 43.55018132585631 ], [ 7.00161460787058, 43.5501754938924 ], [ 7.001615278422832, 43.55017452189835 ], [ 7.001617290079594, 43.550173306905776 ], [ 7.001617960631848, 43.55017282090875 ], [ 7.001618966460228, 43.55017136291762 ], [ 7.001619301736356, 43.550170390923505 ], [ 7.001619301736356, 43.55016698894401 ], [ 7.00161997228861, 43.55016625994838 ], [ 7.001620307564736, 43.55016480195709 ], [ 7.00161997228861, 43.5501618859744 ], [ 7.00161997228861, 43.55015945598872 ], [ 7.001620307564736, 43.55015872699299 ], [ 7.001620642840862, 43.55015799799727 ], [ 7.001621313393116, 43.55015726900152 ], [ 7.001621648669244, 43.550155811010015 ], [ 7.001621648669244, 43.55015240902969 ], [ 7.001621313393116, 43.55015046504085 ], [ 7.00162097811699, 43.55014973604502 ], [ 7.001620642840862, 43.550149250047795 ], [ 7.00161997228861, 43.550148521051945 ], [ 7.001619301736356, 43.55014827805332 ], [ 7.001617960631848, 43.550148035054704 ], [ 7.00161661952734, 43.550148035054704 ], [ 7.001615278422832, 43.55014779205609 ], [ 7.001613602042198, 43.55014706306023 ], [ 7.001609578728676, 43.55014706306023 ], [ 7.001607902348042, 43.55014779205609 ], [ 7.001605220139028, 43.55014779205609 ], [ 7.001603543758392, 43.550148035054704 ], [ 7.00160287320614, 43.550148521051945 ], [ 7.001601196825504, 43.55014900704918 ], [ 7.00159952044487, 43.55015022204224 ], [ 7.001596502959728, 43.550152652028295 ], [ 7.001595832407476, 43.55015313802549 ], [ 7.001595161855222, 43.55015362402269 ], [ 7.001594491302968, 43.55015459601706 ], [ 7.001594491302968, 43.55015508201425 ], [ 7.00159214437008, 43.550156783004354 ], [ 7.001590467989446, 43.550157512000105 ], [ 7.001589462161064, 43.55015799799727 ], [ 7.00158879160881, 43.55015872699299 ], [ 7.001588121056558, 43.550159212990145 ], [ 7.001587450504304, 43.55015945598872 ], [ 7.00158677995205, 43.55015945598872 ], [ 7.001585438847542, 43.55015994198586 ], [ 7.001584768295288, 43.55016018498442 ], [ 7.001584433019162, 43.550160913980136 ], [ 7.001584433019162, 43.55016407296143 ], [ 7.001584768295288, 43.55016528795419 ], [ 7.001585103571416, 43.55016650294692 ], [ 7.001585438847542, 43.550167960938175 ], [ 7.00158577412367, 43.55016917593085 ], [ 7.001586109399796, 43.550170390923505 ], [ 7.001586444675922, 43.550171848914665 ], [ 7.00158677995205, 43.550173063907266 ], [ 7.001587115228176, 43.55017427889984 ], [ 7.001587450504304, 43.55017573689089 ], [ 7.00158778578043, 43.55017695188342 ], [ 7.001588121056558, 43.55017816687593 ], [ 7.001588456332684, 43.5501793818684 ], [ 7.00158879160881, 43.55018083985934 ], [ 7.001589126884938, 43.55018205485176 ], [ 7.001589462161064, 43.55018326984416 ], [ 7.001589797437192, 43.550184727835 ], [ 7.001590132713318, 43.55018594282734 ], [ 7.001590467989446, 43.550187157819664 ], [ 7.001590803265572, 43.55018861581041 ], [ 7.001591138541698, 43.55018983080268 ], [ 7.001591473817826, 43.55019055979802 ], [ 7.001591809093952, 43.55019128879337 ], [ 7.00159214437008, 43.55019177479025 ], [ 7.001596502959728, 43.550192017788696 ], [ 7.00159750878811, 43.550192017788696 ], [ 7.001598179340364, 43.550192017788696 ], [ 7.001598849892616, 43.550192260787135 ], [ 7.00159952044487, 43.55019274678401 ] ] ] ],
      "type" : "MultiPolygon"
    },
    "type" : "Feature",
    "properties" : {
      "zoom" : 20,
      "id" : "54d54613-1a92-4598-9e71-350b5bd440a2",
      "label" : "MOISISSURE_NOIRCIE",
      "confidence" : null
    }
  }, {
    "geometry" : {
      "coordinates" : [ [ [ [ 7.00144462287426, 43.55008922936023 ], [ 7.001448310911656, 43.55008922936023 ], [ 7.001449652016164, 43.55008850036366 ], [ 7.00144998729229, 43.55008777136708 ], [ 7.001450657844544, 43.55008728536936 ], [ 7.001450657844544, 43.550086313373896 ], [ 7.001451998949052, 43.55008534137841 ], [ 7.001452334225178, 43.550084612381795 ], [ 7.001453340053558, 43.550084369382915 ], [ 7.00145434588194, 43.55008364038629 ], [ 7.00145535171032, 43.55008291138965 ], [ 7.00145535171032, 43.550082425391885 ], [ 7.0014563575387, 43.550081453396345 ], [ 7.001457028090954, 43.55008096739856 ], [ 7.001457698643208, 43.550080481400784 ], [ 7.001459375023842, 43.550079266406314 ], [ 7.001460045576096, 43.550079266406314 ], [ 7.00146071612835, 43.55007878040852 ], [ 7.00146071612835, 43.550076836417304 ], [ 7.00145971029997, 43.55007610742059 ], [ 7.001459039747716, 43.55007586442167 ], [ 7.001457698643208, 43.55007586442167 ], [ 7.001457028090954, 43.550074892426025 ], [ 7.001456692814828, 43.55007246243684 ], [ 7.001455686986446, 43.5500722194379 ], [ 7.001455016434194, 43.550071733440056 ], [ 7.001453340053558, 43.550071247442204 ], [ 7.001452669501306, 43.550070761444346 ], [ 7.00145099312067, 43.55007027544649 ], [ 7.001450322568418, 43.55006978944862 ], [ 7.001448646187782, 43.55006930345074 ], [ 7.00144797563553, 43.550068817452875 ], [ 7.001446299254894, 43.550068331454995 ], [ 7.001445628702642, 43.550067845457114 ], [ 7.001443952322006, 43.55006735945923 ], [ 7.001443281769754, 43.55006687346133 ], [ 7.001441940665246, 43.55006638746344 ], [ 7.00143925845623, 43.55006638746344 ], [ 7.00143925845623, 43.55006857445392 ], [ 7.001440599560738, 43.55006954644969 ], [ 7.001440599560738, 43.550070518445416 ], [ 7.001438923180104, 43.550071733440056 ], [ 7.001438587903976, 43.5500722194379 ], [ 7.001438587903976, 43.55007270543575 ], [ 7.001437917351724, 43.55007343443252 ], [ 7.001437582075596, 43.550074892426025 ], [ 7.00143724679947, 43.55007610742059 ], [ 7.001436911523342, 43.55007707941622 ], [ 7.001436911523342, 43.550079266406314 ], [ 7.00143825262785, 43.55008096739856 ], [ 7.00143825262785, 43.550082425391885 ], [ 7.001438587903976, 43.5500833973874 ], [ 7.00143925845623, 43.55008388338516 ], [ 7.001439593732358, 43.550084369382915 ], [ 7.001439593732358, 43.55008485538066 ], [ 7.001440264284612, 43.550085584377285 ], [ 7.001440264284612, 43.55008607037503 ], [ 7.001440934836864, 43.55008679937163 ], [ 7.001443952322006, 43.55008898636138 ], [ 7.001444287598134, 43.55008898636138 ], [ 7.00144462287426, 43.55008922936023 ] ] ] ],
      "type" : "MultiPolygon"
    },
    "type" : "Feature",
    "properties" : {
      "zoom" : 20,
      "id" : "1e0899be-5d75-491d-bc61-eb771dc0965a",
      "label" : "MOISISSURE_NOIRCIE",
      "confidence" : null
    }
  }, {
    "geometry" : {
      "coordinates" : [ [ [ [ 7.000400237739086, 43.549819257026535 ], [ 7.000404931604862, 43.5498190140266 ], [ 7.00040627270937, 43.5498190140266 ], [ 7.00040627270937, 43.54981682702705 ], [ 7.00040526688099, 43.54981634102714 ], [ 7.000404931604862, 43.54981561202725 ], [ 7.000404596328736, 43.54981221002774 ], [ 7.000404596328736, 43.549807836028066 ], [ 7.000404261052608, 43.54980735002808 ], [ 7.000403590500356, 43.549806864028085 ], [ 7.000402584671974, 43.54980613502811 ], [ 7.000399567186832, 43.5498063780281 ], [ 7.000398226082326, 43.5498063780281 ], [ 7.000397555530072, 43.54980735002808 ], [ 7.000396884977818, 43.549807836028066 ], [ 7.000393867492676, 43.549807836028066 ], [ 7.00039017945528, 43.54980759302808 ], [ 7.000388503074646, 43.54980880802802 ], [ 7.00038816779852, 43.54980978002796 ], [ 7.00038816779852, 43.54981221002774 ], [ 7.000388503074646, 43.54981731302695 ], [ 7.000388838350774, 43.549817799026854 ], [ 7.000389844179154, 43.549818528026705 ], [ 7.000393867492676, 43.54981877102665 ], [ 7.000398561358452, 43.54981877102665 ], [ 7.000400237739086, 43.549819257026535 ] ] ] ],
      "type" : "MultiPolygon"
    },
    "type" : "Feature",
    "properties" : {
      "zoom" : 20,
      "id" : "383cc783-3c12-4fa9-b499-a99f1e755609",
      "label" : "MOISISSURE_NOIRCIE",
      "confidence" : null
    }
  }, {
    "geometry" : {
      "coordinates" : [ [ [ [ 7.000429406762124, 43.54980078902793 ], [ 7.000432088971138, 43.54980078902793 ], [ 7.000432424247266, 43.54980006002787 ], [ 7.000432759523392, 43.54979957402782 ], [ 7.00043309479952, 43.549798845027745 ], [ 7.00043309479952, 43.54979835902769 ], [ 7.000433765351772, 43.54979787302763 ], [ 7.000433765351772, 43.54979568602732 ], [ 7.000432088971138, 43.54979544302727 ], [ 7.000429406762124, 43.54979544302727 ], [ 7.000428065657616, 43.54979641502743 ], [ 7.000428065657616, 43.549798845027745 ], [ 7.00042873620987, 43.54979981702784 ], [ 7.000429406762124, 43.549800303027894 ], [ 7.000429406762124, 43.54980078902793 ] ] ] ],
      "type" : "MultiPolygon"
    },
    "type" : "Feature",
    "properties" : {
      "zoom" : 20,
      "id" : "e572e76b-df1d-4a87-9404-0c0e75f86e91",
      "label" : "MOISISSURE_NOIRCIE",
      "confidence" : null
    }
  }, {
    "geometry" : {
      "coordinates" : [ [ [ [ 7.000391185283662, 43.54982022902631 ], [ 7.000397220253944, 43.54982022902631 ], [ 7.000404596328736, 43.54981998602637 ], [ 7.000404931604862, 43.549817070027 ], [ 7.000404596328736, 43.54981658402709 ], [ 7.000403925776482, 43.54981609802718 ], [ 7.000403590500356, 43.54981536902731 ], [ 7.000403590500356, 43.54981488302738 ], [ 7.000403925776482, 43.54981148102781 ], [ 7.00040090829134, 43.54981148102781 ], [ 7.000398561358452, 43.54981196702776 ], [ 7.000396884977818, 43.54981221002774 ], [ 7.00039353221655, 43.54981196702776 ], [ 7.000391520559788, 43.54981221002774 ], [ 7.000391185283662, 43.54981488302738 ], [ 7.000391855835916, 43.54981512602735 ], [ 7.000391520559788, 43.54981731302695 ], [ 7.000390514731408, 43.54981755602691 ], [ 7.000389844179154, 43.549817799026854 ], [ 7.000389844179154, 43.54981998602637 ], [ 7.000391185283662, 43.54982022902631 ] ] ] ],
      "type" : "MultiPolygon"
    },
    "type" : "Feature",
    "properties" : {
      "zoom" : 20,
      "id" : "6d8bee17-8175-444d-a6ce-462a92deec80",
      "label" : "MOISISSURE_NOIRCIE",
      "confidence" : null
    }
  }, {
    "geometry" : {
      "coordinates" : [ [ [ [ 7.001487202942372, 43.54970844894999 ], [ 7.001490220427514, 43.54970844894999 ], [ 7.001491561532022, 43.549707962949206 ], [ 7.001492232084274, 43.54970747694843 ], [ 7.001492232084274, 43.549705532945225 ], [ 7.001491896808148, 43.54970480394402 ], [ 7.001491561532022, 43.549704317943196 ], [ 7.00149055570364, 43.54970383194238 ], [ 7.001487873494626, 43.54970383194238 ], [ 7.001487538218498, 43.549704317943196 ], [ 7.001487202942372, 43.54970480394402 ], [ 7.001486867666246, 43.549705532945225 ], [ 7.001487202942372, 43.549707962949206 ], [ 7.001487202942372, 43.54970844894999 ] ] ] ],
      "type" : "MultiPolygon"
    },
    "type" : "Feature",
    "properties" : {
      "zoom" : 20,
      "id" : "53c47cbb-fb05-4d47-af07-30f504b069d7",
      "label" : "MOISISSURE_NOIRCIE",
      "confidence" : null
    }
  }, {
    "geometry" : {
      "coordinates" : [ [ [ [ 7.001494579017162, 43.5496853639084 ], [ 7.001497596502304, 43.54968512090792 ], [ 7.001498267054558, 43.54968512090792 ], [ 7.001498267054558, 43.54968269090302 ], [ 7.00149692595005, 43.54968171890103 ], [ 7.001494243741036, 43.54968171890103 ], [ 7.001494579017162, 43.549684148905975 ], [ 7.001494579017162, 43.5496853639084 ] ] ] ],
      "type" : "MultiPolygon"
    },
    "type" : "Feature",
    "properties" : {
      "zoom" : 20,
      "id" : "405161e5-c403-4df8-b6a7-477423b124f0",
      "label" : "MOISISSURE_NOIRCIE",
      "confidence" : null
    }
  }, {
    "geometry" : {
      "coordinates" : [ [ [ [ 7.001513689756394, 43.54979204102661 ], [ 7.00153011828661, 43.54979204102661 ], [ 7.00153011828661, 43.54979106902639 ], [ 7.001530788838864, 43.54979009702615 ], [ 7.001530788838864, 43.54978791002554 ], [ 7.001530453562738, 43.54978718102533 ], [ 7.00153011828661, 43.54978669502518 ], [ 7.00152911245823, 43.54978596602495 ], [ 7.00152911245823, 43.549784994024634 ], [ 7.001529447734356, 43.54978426502437 ], [ 7.00153011828661, 43.54978329302402 ], [ 7.001530453562738, 43.54978110602319 ], [ 7.001530453562738, 43.54977721802148 ], [ 7.001529783010484, 43.549776975021366 ], [ 7.001529783010484, 43.54977624602102 ], [ 7.001531459391118, 43.549776489021134 ], [ 7.001531794667244, 43.54977770402171 ], [ 7.001532129943372, 43.54977819002194 ], [ 7.001533471047878, 43.54977843302204 ], [ 7.001534141600132, 43.54977867602215 ], [ 7.001535817980766, 43.54977989102268 ], [ 7.001536153256894, 43.54978037702288 ], [ 7.001536153256894, 43.54978110602319 ], [ 7.001536823809148, 43.54978207802357 ], [ 7.001538500189782, 43.54978329302402 ], [ 7.001538500189782, 43.54978426502437 ], [ 7.001537494361402, 43.54978548002478 ], [ 7.001537494361402, 43.54978620902503 ], [ 7.00153648853302, 43.5497874240254 ], [ 7.001536153256894, 43.54978839602569 ], [ 7.00153648853302, 43.549790826026324 ], [ 7.001537494361402, 43.54979131202645 ], [ 7.001537494361402, 43.54979204102661 ], [ 7.001590467989446, 43.54979204102661 ], [ 7.001590467989446, 43.549789368025955 ], [ 7.001590132713318, 43.5497874240254 ], [ 7.001589797437192, 43.54978548002478 ], [ 7.001589462161064, 43.54978329302402 ], [ 7.001589126884938, 43.54978134902328 ], [ 7.001588456332684, 43.54977916202236 ], [ 7.001588121056558, 43.54977721802148 ], [ 7.00158778578043, 43.54977527402053 ], [ 7.001587450504304, 43.5497730870194 ], [ 7.001587115228176, 43.549771143018326 ], [ 7.00158677995205, 43.549769199017184 ], [ 7.00158677995205, 43.54976749801614 ], [ 7.001583762466908, 43.54976749801614 ], [ 7.001583427190782, 43.549768470016744 ], [ 7.001582756638528, 43.549769199017184 ], [ 7.001580744981766, 43.54977065701805 ], [ 7.00158040970564, 43.54977138601846 ], [ 7.00158040970564, 43.54977576002078 ], [ 7.001580744981766, 43.549776489021134 ], [ 7.001581080257894, 43.549776975021366 ], [ 7.001582086086274, 43.54977770402171 ], [ 7.0015824213624, 43.54977843302204 ], [ 7.001582756638528, 43.54977891902226 ], [ 7.001584433019162, 43.549780134022775 ], [ 7.001584768295288, 43.54978062002298 ], [ 7.001584433019162, 43.54978207802357 ], [ 7.001584097743034, 43.549783536024115 ], [ 7.001583091914654, 43.54978450802446 ], [ 7.001581750810146, 43.549784994024634 ], [ 7.001579068601132, 43.549784994024634 ], [ 7.00157705694437, 43.54978548002478 ], [ 7.001575715839864, 43.54978548002478 ], [ 7.001574710011482, 43.54978523702471 ], [ 7.001573368906976, 43.549784994024634 ], [ 7.001572363078594, 43.54978475102454 ], [ 7.001571357250214, 43.54978450802446 ], [ 7.001570351421834, 43.54978426502437 ], [ 7.00156968086958, 43.54978402202428 ], [ 7.001568339765072, 43.54978305002395 ], [ 7.001567669212818, 43.54978256402375 ], [ 7.001566998660564, 43.54978207802357 ], [ 7.001566328108312, 43.549781835023474 ], [ 7.001565657556058, 43.549781835023474 ], [ 7.001564651727676, 43.54978134902328 ], [ 7.001563981175424, 43.54978134902328 ], [ 7.001562640070916, 43.54978037702288 ], [ 7.001562304794788, 43.549779648022565 ], [ 7.001562304794788, 43.54977843302204 ], [ 7.001562640070916, 43.54977770402171 ], [ 7.00156331062317, 43.54977673202125 ], [ 7.001563981175424, 43.54977624602102 ], [ 7.001564651727676, 43.54977527402053 ], [ 7.001564651727676, 43.549774788020294 ], [ 7.001565657556058, 43.54977357301966 ], [ 7.001565992832184, 43.54977138601846 ], [ 7.001565992832184, 43.54976531101472 ], [ 7.001566663384438, 43.54976433901406 ], [ 7.001566663384438, 43.54976312401322 ], [ 7.001566998660564, 43.54976263801288 ], [ 7.001568339765072, 43.54976166601218 ], [ 7.001569010317326, 43.549761423012 ], [ 7.001570016145706, 43.549761423012 ], [ 7.001573704183102, 43.54976166601218 ], [ 7.00157605111599, 43.549761909012354 ], [ 7.001577392220498, 43.54976215201253 ], [ 7.001578398048878, 43.549762395012706 ], [ 7.001580074429512, 43.54976312401322 ], [ 7.001580744981766, 43.54976312401322 ], [ 7.00158141553402, 43.54976336701339 ], [ 7.001582756638528, 43.54976458201423 ], [ 7.00158577412367, 43.54976482501439 ], [ 7.00158577412367, 43.549761423012 ], [ 7.001585438847542, 43.549759479010554 ], [ 7.001585103571416, 43.54975753500903 ], [ 7.001584768295288, 43.54975534800725 ], [ 7.001584433019162, 43.54975340400561 ], [ 7.001584097743034, 43.54975146000389 ], [ 7.001583427190782, 43.54974927300189 ], [ 7.001583091914654, 43.549747085999805 ], [ 7.001582756638528, 43.549745141997896 ], [ 7.0015824213624, 43.54974319799591 ], [ 7.001582086086274, 43.54974125399388 ], [ 7.001581750810146, 43.54973930999178 ], [ 7.001581750810146, 43.54973736598962 ], [ 7.00158040970564, 43.549737122989335 ], [ 7.001579403877258, 43.549736879989055 ], [ 7.001578398048878, 43.549736150988224 ], [ 7.001578062772752, 43.549735664987665 ], [ 7.001577727496624, 43.54973493598682 ], [ 7.001577727496624, 43.54973444998624 ], [ 7.00157705694437, 43.54973372098539 ], [ 7.00157705694437, 43.5497332349848 ], [ 7.001577727496624, 43.549732262983625 ], [ 7.001579068601132, 43.54973129098244 ], [ 7.001579068601132, 43.5497288609794 ], [ 7.001578398048878, 43.5497288609794 ], [ 7.001576721668244, 43.54972764597784 ], [ 7.001575715839864, 43.54972740297753 ], [ 7.00157504528761, 43.54972740297753 ], [ 7.001573368906976, 43.54972643097626 ], [ 7.001572363078594, 43.549725701975305 ], [ 7.001572698354722, 43.549721570969695 ], [ 7.001573368906976, 43.549721084969015 ], [ 7.001573704183102, 43.549720355967985 ], [ 7.001574710011482, 43.54971962696696 ], [ 7.001575380563736, 43.5497198699673 ], [ 7.001578398048878, 43.5497198699673 ], [ 7.001578398048878, 43.54971743996379 ], [ 7.001578062772752, 43.549715495960925 ], [ 7.001577727496624, 43.54971355195799 ], [ 7.001577392220498, 43.54971136495461 ], [ 7.00157705694437, 43.54970942095155 ], [ 7.001576721668244, 43.54970747694843 ], [ 7.001576386392118, 43.549705532945225 ], [ 7.00157605111599, 43.54970358894197 ], [ 7.001575715839864, 43.54970140193824 ], [ 7.001575380563736, 43.54969945793484 ], [ 7.00157504528761, 43.54969751393139 ], [ 7.001574710011482, 43.54969556992788 ], [ 7.001574374735356, 43.54969338292385 ], [ 7.00157403945923, 43.549691438920206 ], [ 7.001573704183102, 43.549689494916485 ], [ 7.001573368906976, 43.549687550912715 ], [ 7.001572698354722, 43.5496853639084 ], [ 7.001572363078594, 43.54968317690401 ], [ 7.001572027802468, 43.54968123290002 ], [ 7.00157169252634, 43.54967928889599 ], [ 7.001571357250214, 43.54967734489189 ], [ 7.001571021974088, 43.5496751578872 ], [ 7.00157068669796, 43.54967321388297 ], [ 7.001570351421834, 43.549671269878665 ], [ 7.001570016145706, 43.549669325874305 ], [ 7.00156968086958, 43.549667381869874 ], [ 7.001569345593452, 43.54966519486483 ], [ 7.001569010317326, 43.54966325086028 ], [ 7.0015686750412, 43.549661306855654 ], [ 7.001568339765072, 43.54965936285097 ], [ 7.001568004488946, 43.54965717584564 ], [ 7.001567669212818, 43.549655231840816 ], [ 7.001567669212818, 43.54965353083655 ], [ 7.001567333936692, 43.54965304483533 ], [ 7.00156331062317, 43.54965328783594 ], [ 7.001560628414154, 43.54965328783594 ], [ 7.001559287309648, 43.54965280183471 ], [ 7.001558281481266, 43.549652072832856 ], [ 7.00155794620514, 43.54965158683162 ], [ 7.00155794620514, 43.54965110083038 ], [ 7.001557610929012, 43.54965061482913 ], [ 7.00155694037676, 43.54965012882788 ], [ 7.001556269824506, 43.549649399825995 ], [ 7.001555934548378, 43.549648913824726 ], [ 7.001555599272252, 43.54964818482283 ], [ 7.001555263996124, 43.54964745582093 ], [ 7.001555263996124, 43.549645025814506 ], [ 7.00154721736908, 43.54964526881514 ], [ 7.001546882092954, 43.549645754816446 ], [ 7.001546882092954, 43.54964696981965 ], [ 7.0015462115407, 43.54964745582093 ], [ 7.001545205712318, 43.54964769882156 ], [ 7.001543864607812, 43.54964769882156 ], [ 7.001542523503304, 43.54964818482283 ], [ 7.00154084712267, 43.54964842782347 ], [ 7.001539170742036, 43.54964842782347 ], [ 7.001537494361402, 43.549648670824105 ], [ 7.001536823809148, 43.54964915682537 ], [ 7.001534812152386, 43.549649399825995 ], [ 7.001532129943372, 43.549649399825995 ], [ 7.00153112411499, 43.54964964282663 ], [ 7.00153011828661, 43.54965012882788 ], [ 7.001529447734356, 43.54965012882788 ], [ 7.001528106629848, 43.54965110083038 ], [ 7.001526094973088, 43.54965182983223 ], [ 7.001525089144708, 43.549652072832856 ], [ 7.001522071659566, 43.549652072832856 ], [ 7.001521401107312, 43.54965231583348 ], [ 7.001520730555058, 43.54965280183471 ], [ 7.001519724726678, 43.54965353083655 ], [ 7.00151938945055, 43.549654259838384 ], [ 7.001519054174424, 43.54965498884021 ], [ 7.00151938945055, 43.54965741884623 ], [ 7.00151938945055, 43.54965887684979 ], [ 7.001518718898296, 43.54965984885215 ], [ 7.00151737779379, 43.54966033485332 ], [ 7.001511678099632, 43.54966033485332 ], [ 7.001511342823506, 43.54966276485913 ], [ 7.001511678099632, 43.549664708863695 ], [ 7.00151201337576, 43.54966568086596 ], [ 7.001512348651886, 43.549666409867655 ], [ 7.00151301920414, 43.54966713886933 ], [ 7.001513689756394, 43.54966762487044 ], [ 7.001513689756394, 43.54966811087155 ], [ 7.00151402503252, 43.549668839873206 ], [ 7.001514695584774, 43.5496698118754 ], [ 7.001517042517662, 43.54967151287921 ], [ 7.00151737779379, 43.54967224188083 ], [ 7.001518718898296, 43.54967345688349 ], [ 7.001520060002804, 43.549674428885616 ], [ 7.001519724726678, 43.5496751578872 ], [ 7.001519054174424, 43.54967564388824 ], [ 7.001518048346044, 43.54967588688877 ], [ 7.001517713069916, 43.54967661589033 ], [ 7.001516371965408, 43.54967831689394 ], [ 7.001516371965408, 43.54968074689902 ], [ 7.001517042517662, 43.54968171890103 ], [ 7.001517042517662, 43.549683419904504 ], [ 7.001516707241536, 43.54968512090792 ], [ 7.001516371965408, 43.54968657891081 ], [ 7.001516036689282, 43.549687064911765 ], [ 7.001515030860902, 43.5496877939132 ], [ 7.001515030860902, 43.5496902239179 ], [ 7.001514695584774, 43.54969070991882 ], [ 7.00151402503252, 43.54969119591974 ], [ 7.001512683928014, 43.54969119591974 ], [ 7.001511678099632, 43.54969192492112 ], [ 7.00151100754738, 43.54969168192066 ], [ 7.001507319509984, 43.54969168192066 ], [ 7.001505978405476, 43.54969216792158 ], [ 7.001504302024842, 43.54969338292385 ], [ 7.001503631472588, 43.549694111925206 ], [ 7.001503631472588, 43.5496982429327 ], [ 7.001503966748714, 43.54969872893356 ], [ 7.001504637300968, 43.54969945793484 ], [ 7.001509666442872, 43.54969945793484 ], [ 7.001511678099632, 43.54969970093527 ], [ 7.00151301920414, 43.54969994393569 ], [ 7.00151402503252, 43.54970018693612 ], [ 7.001515030860902, 43.54970091593739 ], [ 7.001515701413156, 43.549701158937815 ], [ 7.001517042517662, 43.54970140193824 ], [ 7.00151737779379, 43.54970188793908 ], [ 7.00151737779379, 43.54970261694031 ], [ 7.001517042517662, 43.549704317943196 ], [ 7.001513689756394, 43.54970456094361 ], [ 7.001509666442872, 43.549704317943196 ], [ 7.001508325338364, 43.54970480394402 ], [ 7.00150564312935, 43.54970674794723 ], [ 7.001504972577096, 43.54970771994881 ], [ 7.001504637300968, 43.549710635953474 ], [ 7.001504637300968, 43.5497125799565 ], [ 7.00150564312935, 43.54971403795873 ], [ 7.00150664895773, 43.54971476695984 ], [ 7.001506984233856, 43.54971525296056 ], [ 7.001506984233856, 43.549716224962005 ], [ 7.00150765478611, 43.549716953963085 ], [ 7.00150765478611, 43.54971768296415 ], [ 7.001507990062238, 43.54971816896485 ], [ 7.001511342823506, 43.5497184119652 ], [ 7.001512348651886, 43.54971816896485 ], [ 7.001513354480268, 43.54971768296415 ], [ 7.001514360308648, 43.54971743996379 ], [ 7.001515366137028, 43.54971719696344 ], [ 7.001516036689282, 43.54971719696344 ], [ 7.001516036689282, 43.54971573896128 ], [ 7.001516707241536, 43.54971525296056 ], [ 7.00151838362217, 43.549715495960925 ], [ 7.001518718898296, 43.54971598196165 ], [ 7.001518718898296, 43.54971889796591 ], [ 7.00151838362217, 43.54972375797269 ], [ 7.001520730555058, 43.54972375797269 ], [ 7.00152274221182, 43.54972448697368 ], [ 7.001523412764072, 43.549724972974325 ], [ 7.0015237480402, 43.549725458974976 ], [ 7.0015237480402, 43.54972594497561 ], [ 7.001523412764072, 43.54972643097626 ], [ 7.00152274221182, 43.549726916976894 ], [ 7.001523077487946, 43.54972958998032 ], [ 7.001524418592454, 43.54973007598094 ], [ 7.00152575969696, 43.54973031898124 ], [ 7.001526430249214, 43.54973031898124 ], [ 7.001527100801468, 43.54973056198154 ], [ 7.001527771353722, 43.54973104798214 ], [ 7.001528106629848, 43.54973153398274 ], [ 7.001528106629848, 43.54973201998334 ], [ 7.001527771353722, 43.54973274898422 ], [ 7.001527436077596, 43.54973347798509 ], [ 7.001526765525342, 43.54973420698596 ], [ 7.001526765525342, 43.549735907987944 ], [ 7.001526430249214, 43.549736879989055 ], [ 7.001526094973088, 43.54973760898988 ], [ 7.001525424420834, 43.54973858099097 ], [ 7.001525424420834, 43.54973955299204 ], [ 7.00152475386858, 43.54974028199284 ], [ 7.0015237480402, 43.549741010993635 ], [ 7.001523077487946, 43.54974149699414 ], [ 7.001522406935692, 43.549741982994654 ], [ 7.001521736383438, 43.54974173999439 ], [ 7.001520730555058, 43.54974149699414 ], [ 7.00151938945055, 43.5497405249931 ], [ 7.001519054174424, 43.549740038992574 ], [ 7.001518718898296, 43.549737122989335 ], [ 7.001518718898296, 43.549736150988224 ], [ 7.001519054174424, 43.549735178987106 ], [ 7.001519724726678, 43.549733963985666 ], [ 7.001519724726678, 43.5497291039797 ], [ 7.001519054174424, 43.54972813197847 ], [ 7.00151838362217, 43.54972764597784 ], [ 7.001518048346044, 43.549726916976894 ], [ 7.001518048346044, 43.54972521597466 ], [ 7.001515030860902, 43.54972521597466 ], [ 7.00151402503252, 43.549724972974325 ], [ 7.001513689756394, 43.54972448697368 ], [ 7.001512683928014, 43.54972424397335 ], [ 7.001512348651886, 43.54972254297103 ], [ 7.001511342823506, 43.5497222999707 ], [ 7.001510336995126, 43.549721813970024 ], [ 7.001508325338364, 43.549721813970024 ], [ 7.00150765478611, 43.549721570969695 ], [ 7.001506984233856, 43.549721084969015 ], [ 7.00150229036808, 43.549721084969015 ], [ 7.001501955091954, 43.549720355967985 ], [ 7.001501619815826, 43.5497198699673 ], [ 7.001499943435192, 43.54971889796591 ], [ 7.001499608159066, 43.54971816896485 ], [ 7.001498937606812, 43.54971768296415 ], [ 7.001498267054558, 43.54971768296415 ], [ 7.001497596502304, 43.54971719696344 ], [ 7.001496255397798, 43.54971671096273 ], [ 7.001495584845544, 43.54971671096273 ], [ 7.00149491429329, 43.54971646796237 ], [ 7.001494243741036, 43.54971598196165 ], [ 7.001491226255894, 43.54971598196165 ], [ 7.001490220427514, 43.54971671096273 ], [ 7.001488879323006, 43.54971671096273 ], [ 7.001488208770752, 43.54971573896128 ], [ 7.001487202942372, 43.54971525296056 ], [ 7.001486532390118, 43.5497150099602 ], [ 7.001486197113992, 43.5497142809591 ], [ 7.001484856009484, 43.5497142809591 ], [ 7.001483850181104, 43.549713794958365 ], [ 7.001482844352722, 43.54971306595725 ], [ 7.001482173800468, 43.54971209395574 ], [ 7.001481838524342, 43.54971136495461 ], [ 7.001481838524342, 43.54970942095155 ], [ 7.001482173800468, 43.54970674794723 ], [ 7.001481838524342, 43.549706261946426 ], [ 7.001480497419834, 43.54970577594563 ], [ 7.0014788210392, 43.54970456094361 ], [ 7.001478485763074, 43.549704074942795 ], [ 7.001478485763074, 43.54970334594156 ], [ 7.00147781521082, 43.54970285994074 ], [ 7.00147680938244, 43.549702373939915 ], [ 7.001474797725678, 43.54970213093949 ], [ 7.001472115516664, 43.54970213093949 ], [ 7.001472115516664, 43.54970528994482 ], [ 7.00147245079279, 43.5497082059496 ], [ 7.001472786068916, 43.54971112195424 ], [ 7.001473121345044, 43.5497142809591 ], [ 7.00147345662117, 43.54971719696344 ], [ 7.001473791897298, 43.54972011296765 ], [ 7.001474127173424, 43.5497230289717 ], [ 7.001474462449552, 43.54972594497561 ], [ 7.001474797725678, 43.5497288609794 ], [ 7.001475133001804, 43.54973177698303 ], [ 7.001475468277932, 43.54973469298653 ], [ 7.001476138830186, 43.549737851990166 ], [ 7.001476474106312, 43.549741010993635 ], [ 7.00147680938244, 43.54974392699667 ], [ 7.001477144658566, 43.549746842999575 ], [ 7.001477479934692, 43.549749759002346 ], [ 7.00147781521082, 43.549752675004974 ], [ 7.001478150486946, 43.54975559100746 ], [ 7.001478485763074, 43.5497585070098 ], [ 7.0014788210392, 43.549761423012 ], [ 7.001479156315328, 43.54976433901406 ], [ 7.001479491591454, 43.54976749801614 ], [ 7.001479491591454, 43.54977017101776 ], [ 7.00148317962885, 43.54977065701805 ], [ 7.001487202942372, 43.54977065701805 ], [ 7.001488879323006, 43.54977041401791 ], [ 7.00148954987526, 43.54977017101776 ], [ 7.00149055570364, 43.54976968501747 ], [ 7.00149055570364, 43.549767255015986 ], [ 7.001491226255894, 43.54976652601552 ], [ 7.001491226255894, 43.5497660400152 ], [ 7.001492232084274, 43.54976579701504 ], [ 7.001492232084274, 43.54976506801455 ], [ 7.001492902636528, 43.54976458201423 ], [ 7.001492902636528, 43.54976531101472 ], [ 7.001492902636528, 43.549767255015986 ], [ 7.001492232084274, 43.549768470016744 ], [ 7.001492232084274, 43.54977065701805 ], [ 7.001492902636528, 43.54977138601846 ], [ 7.001492567360402, 43.5497730870194 ], [ 7.001491896808148, 43.54977333001953 ], [ 7.001490890979768, 43.54977357301966 ], [ 7.001489214599134, 43.54977357301966 ], [ 7.00148854404688, 43.54977405901992 ], [ 7.00148854404688, 43.549776003020895 ], [ 7.001489214599134, 43.549776489021134 ], [ 7.001489214599134, 43.54977721802148 ], [ 7.00149055570364, 43.54977891902226 ], [ 7.00149055570364, 43.549779648022565 ], [ 7.001490890979768, 43.54978037702288 ], [ 7.001491561532022, 43.54978134902328 ], [ 7.001493237912656, 43.54978256402375 ], [ 7.001497261226178, 43.54978402202428 ], [ 7.001501955091954, 43.5497837790242 ], [ 7.001503631472588, 43.5497837790242 ], [ 7.001510001718998, 43.54978402202428 ], [ 7.001511342823506, 43.549783536024115 ], [ 7.001512348651886, 43.54978329302402 ], [ 7.00151301920414, 43.54978329302402 ], [ 7.001513689756394, 43.549783536024115 ], [ 7.001514695584774, 43.54978426502437 ], [ 7.001514360308648, 43.549785723024875 ], [ 7.00151301920414, 43.54978645202511 ], [ 7.00151301920414, 43.549789368025955 ], [ 7.001513689756394, 43.54979106902639 ], [ 7.001513689756394, 43.54979204102661 ] ] ] ],
      "type" : "MultiPolygon"
    },
    "type" : "Feature",
    "properties" : {
      "zoom" : 20,
      "id" : "12438aba-e4bf-47bc-981c-141616962c25",
      "label" : "MOISISSURE_NOIRCIE",
      "confidence" : null
    }
  }, {
    "geometry" : {
      "coordinates" : [ [ [ [ 7.001488879323006, 43.54979204102661 ], [ 7.00149390846491, 43.54979204102661 ], [ 7.00149390846491, 43.549790340026206 ], [ 7.001494579017162, 43.54978985402609 ], [ 7.001494579017162, 43.54978791002554 ], [ 7.001493573188782, 43.54978766702548 ], [ 7.001492902636528, 43.5497874240254 ], [ 7.001491896808148, 43.54978693802526 ], [ 7.001491226255894, 43.54978645202511 ], [ 7.001490890979768, 43.54978548002478 ], [ 7.001490890979768, 43.54978426502437 ], [ 7.001487202942372, 43.54978402202428 ], [ 7.001486532390118, 43.54978450802446 ], [ 7.001486197113992, 43.549784994024634 ], [ 7.001485861837864, 43.54978693802526 ], [ 7.001485861837864, 43.549789368025955 ], [ 7.001487538218498, 43.549790340026206 ], [ 7.001488879323006, 43.54979131202645 ], [ 7.001488879323006, 43.54979204102661 ] ] ] ],
      "type" : "MultiPolygon"
    },
    "type" : "Feature",
    "properties" : {
      "zoom" : 20,
      "id" : "7e8f3a9a-d97d-4b22-9a3a-562005a13c46",
      "label" : "MOISISSURE_NOIRCIE",
      "confidence" : null
    }
  }, {
    "geometry" : {
      "coordinates" : [ [ [ [ 7.001482844352722, 43.54969945793484 ], [ 7.001489214599134, 43.54969945793484 ], [ 7.001490220427514, 43.54969921493442 ], [ 7.001490890979768, 43.54969872893356 ], [ 7.001491226255894, 43.54969799993226 ], [ 7.001491561532022, 43.54969581292832 ], [ 7.001491561532022, 43.54969192492112 ], [ 7.001493573188782, 43.54969168192066 ], [ 7.001494243741036, 43.549691438920206 ], [ 7.001494579017162, 43.54968803691367 ], [ 7.001491896808148, 43.54968803691367 ], [ 7.001491561532022, 43.549688522914614 ], [ 7.001491561532022, 43.54968900891556 ], [ 7.001490890979768, 43.54968973791696 ], [ 7.001490890979768, 43.54969168192066 ], [ 7.00148854404688, 43.54969192492112 ], [ 7.001486867666246, 43.549692653922484 ], [ 7.001486197113992, 43.549692653922484 ], [ 7.00148519128561, 43.54969289692294 ], [ 7.001483850181104, 43.54969338292385 ], [ 7.001481838524342, 43.54969484092655 ], [ 7.001481838524342, 43.549695326927434 ], [ 7.001481503248216, 43.54969581292832 ], [ 7.001480832695962, 43.549696298929206 ], [ 7.001480832695962, 43.5496982429327 ], [ 7.001481167972088, 43.54969872893356 ], [ 7.001482173800468, 43.54969921493442 ], [ 7.001482509076596, 43.54969921493442 ], [ 7.001482844352722, 43.54969945793484 ] ] ] ],
      "type" : "MultiPolygon"
    },
    "type" : "Feature",
    "properties" : {
      "zoom" : 20,
      "id" : "e5d9f5b4-f946-475f-83bb-fe3ab8ada4f1",
      "label" : "MOISISSURE_NOIRCIE",
      "confidence" : null
    }
  }, {
    "geometry" : {
      "coordinates" : [ [ [ [ 7.001532800495626, 43.54963238977954 ], [ 7.00153648853302, 43.54963238977954 ], [ 7.001541182398796, 43.54963214677884 ], [ 7.0015462115407, 43.54963190377814 ], [ 7.00154721736908, 43.54963166077745 ], [ 7.00154822319746, 43.549631417776745 ], [ 7.001549229025842, 43.54963117477604 ], [ 7.001550905406476, 43.549630688774634 ], [ 7.00155157595873, 43.549630688774634 ], [ 7.001552246510984, 43.54963020277322 ], [ 7.001552917063236, 43.549629473771105 ], [ 7.001553252339364, 43.54962874476897 ], [ 7.00155358761549, 43.549627043763955 ], [ 7.001553922891618, 43.54962558575962 ], [ 7.001553922891618, 43.54962364175378 ], [ 7.001550570130348, 43.54962364175378 ], [ 7.00154822319746, 43.54962388475452 ], [ 7.0015462115407, 43.54962412775525 ], [ 7.001543864607812, 43.54962437075598 ], [ 7.00154185295105, 43.54962461375671 ], [ 7.001539506018162, 43.54962485675744 ], [ 7.001537159085274, 43.549625342758894 ], [ 7.001534812152386, 43.54962558575962 ], [ 7.001532800495626, 43.549625828760355 ], [ 7.001530453562738, 43.549626071761075 ], [ 7.001528441905976, 43.549626314761795 ], [ 7.001526094973088, 43.549626557762515 ], [ 7.001524418592454, 43.549626557762515 ], [ 7.0015237480402, 43.549626800763235 ], [ 7.0015237480402, 43.54962874476897 ], [ 7.00152475386858, 43.549629473771105 ], [ 7.001526094973088, 43.54963020277322 ], [ 7.001526765525342, 43.54963020277322 ], [ 7.001528106629848, 43.549630688774634 ], [ 7.00152911245823, 43.549631417776745 ], [ 7.001529783010484, 43.54963166077745 ], [ 7.001530788838864, 43.54963190377814 ], [ 7.001531794667244, 43.54963214677884 ], [ 7.001532800495626, 43.54963238977954 ] ] ] ],
      "type" : "MultiPolygon"
    },
    "type" : "Feature",
    "properties" : {
      "zoom" : 20,
      "id" : "84fd281f-ebc9-4efe-b0cb-50e31da81ae1",
      "label" : "MOISISSURE_NOIRCIE",
      "confidence" : null
    }
  }, {
    "geometry" : {
      "coordinates" : [ [ [ [ 7.00146809220314, 43.549670054875946 ], [ 7.001470774412156, 43.549670054875946 ], [ 7.001472115516664, 43.549669568874855 ], [ 7.001472786068916, 43.54966908287376 ], [ 7.001472786068916, 43.54966665286821 ], [ 7.001474127173424, 43.54966568086596 ], [ 7.001475468277932, 43.54966519486483 ], [ 7.001480832695962, 43.54966519486483 ], [ 7.001481167972088, 43.54965984885215 ], [ 7.001480497419834, 43.54965911985038 ], [ 7.00147982686758, 43.549658633849205 ], [ 7.001479491591454, 43.54965814784802 ], [ 7.001479491591454, 43.54965766184683 ], [ 7.001479156315328, 43.54965717584564 ], [ 7.00147680938244, 43.549655474841416 ], [ 7.001475803554058, 43.549655231840816 ], [ 7.001475133001804, 43.5496547458396 ], [ 7.001471780240536, 43.54965328783594 ], [ 7.001471109688282, 43.54965280183471 ], [ 7.001470103859902, 43.54965231583348 ], [ 7.001469433307648, 43.549652072832856 ], [ 7.001466415822506, 43.549652072832856 ], [ 7.001466415822506, 43.549655231840816 ], [ 7.001466751098634, 43.54965814784802 ], [ 7.001467421650888, 43.54966154985624 ], [ 7.001467756927014, 43.54966446586313 ], [ 7.00146809220314, 43.549667381869874 ], [ 7.00146809220314, 43.549670054875946 ] ] ] ],
      "type" : "MultiPolygon"
    },
    "type" : "Feature",
    "properties" : {
      "zoom" : 20,
      "id" : "6755279b-9e4a-4dc8-b038-5c12abef9ca9",
      "label" : "MOISISSURE_NOIRCIE",
      "confidence" : null
    }
  }, {
    "geometry" : {
      "coordinates" : [ [ [ [ 7.001484520733356, 43.54979204102661 ], [ 7.001492232084274, 43.54979179802656 ], [ 7.001492902636528, 43.54979106902639 ], [ 7.001492902636528, 43.549790583026265 ], [ 7.001493237912656, 43.54978985402609 ], [ 7.00149390846491, 43.549789125025896 ], [ 7.001495249569416, 43.54978791002554 ], [ 7.00149592012167, 43.5497874240254 ], [ 7.001496590673924, 43.54978718102533 ], [ 7.001497596502304, 43.54978693802526 ], [ 7.001498602330686, 43.54978693802526 ], [ 7.001502960920334, 43.54978669502518 ], [ 7.001504302024842, 43.54978693802526 ], [ 7.00150765478611, 43.54978693802526 ], [ 7.001508660614492, 43.54978596602495 ], [ 7.001509331166744, 43.54978596602495 ], [ 7.001510672271252, 43.54978645202511 ], [ 7.001510001718998, 43.54978766702548 ], [ 7.001510001718998, 43.54978961102602 ], [ 7.00151100754738, 43.549790340026206 ], [ 7.00151100754738, 43.5497915550265 ], [ 7.001511678099632, 43.54979204102661 ], [ 7.001590467989446, 43.54979204102661 ], [ 7.001590467989446, 43.549789368025955 ], [ 7.001590132713318, 43.5497874240254 ], [ 7.001589797437192, 43.54978548002478 ], [ 7.001589462161064, 43.54978329302402 ], [ 7.001589126884938, 43.54978134902328 ], [ 7.00158879160881, 43.54977940502247 ], [ 7.001588456332684, 43.5497774610216 ], [ 7.001588121056558, 43.549775517020656 ], [ 7.00158778578043, 43.54977333001953 ], [ 7.001587450504304, 43.54977138601846 ], [ 7.001587115228176, 43.549769442017336 ], [ 7.00158677995205, 43.54976749801614 ], [ 7.001586444675922, 43.54976531101472 ], [ 7.001586109399796, 43.54976336701339 ], [ 7.00158577412367, 43.549761423012 ], [ 7.001585438847542, 43.549759479010554 ], [ 7.001585103571416, 43.54975753500903 ], [ 7.001584768295288, 43.54975534800725 ], [ 7.001584433019162, 43.54975340400561 ], [ 7.001584097743034, 43.54975146000389 ], [ 7.001583762466908, 43.54974951600211 ], [ 7.001583427190782, 43.54974732900005 ], [ 7.001583091914654, 43.54974538499815 ], [ 7.001582756638528, 43.549743440996174 ], [ 7.0015824213624, 43.54974149699414 ], [ 7.001582086086274, 43.54973955299204 ], [ 7.001581750810146, 43.54973736598962 ], [ 7.00158141553402, 43.54973542198738 ], [ 7.001581080257894, 43.54973347798509 ], [ 7.001580744981766, 43.54973153398274 ], [ 7.00158040970564, 43.549729346980016 ], [ 7.001580074429512, 43.54972740297753 ], [ 7.001579739153386, 43.549725458974976 ], [ 7.001579403877258, 43.54972351497236 ], [ 7.001579068601132, 43.549721570969695 ], [ 7.001578733325006, 43.54971938396661 ], [ 7.001578062772752, 43.54971719696344 ], [ 7.001577727496624, 43.54971525296056 ], [ 7.001577392220498, 43.54971330895762 ], [ 7.00157705694437, 43.54971112195424 ], [ 7.001576721668244, 43.549709177951165 ], [ 7.001576386392118, 43.54970723394801 ], [ 7.00157605111599, 43.54970528994482 ], [ 7.001575715839864, 43.54970334594156 ], [ 7.001575380563736, 43.549701158937815 ], [ 7.00157504528761, 43.54969921493442 ], [ 7.001574710011482, 43.54969727093095 ], [ 7.001574374735356, 43.549695326927434 ], [ 7.00157403945923, 43.5496931399234 ], [ 7.001573704183102, 43.54969119591974 ], [ 7.001573368906976, 43.549689251916035 ], [ 7.001573033630848, 43.54968730791224 ], [ 7.001572698354722, 43.5496853639084 ], [ 7.001572363078594, 43.54968317690401 ], [ 7.001572027802468, 43.54968123290002 ], [ 7.00157169252634, 43.54967928889599 ], [ 7.001571357250214, 43.54967734489189 ], [ 7.001571021974088, 43.5496751578872 ], [ 7.00157068669796, 43.54967321388297 ], [ 7.001570351421834, 43.549671269878665 ], [ 7.001570016145706, 43.549669325874305 ], [ 7.00156968086958, 43.549667381869874 ], [ 7.001569345593452, 43.54966519486483 ], [ 7.001569010317326, 43.54966325086028 ], [ 7.0015686750412, 43.549661306855654 ], [ 7.001568339765072, 43.54965936285097 ], [ 7.001568004488946, 43.54965717584564 ], [ 7.001567669212818, 43.549655231840816 ], [ 7.001567333936692, 43.54965328783594 ], [ 7.001566998660564, 43.549651343830995 ], [ 7.001566663384438, 43.549649399825995 ], [ 7.001566328108312, 43.5496472128203 ], [ 7.001565992832184, 43.54964526881514 ], [ 7.001565992832184, 43.54964429681256 ], [ 7.001562975347042, 43.54964429681256 ], [ 7.001556269824506, 43.54964453981321 ], [ 7.001553922891618, 43.549645025814506 ], [ 7.001548893749714, 43.549645025814506 ], [ 7.00154822319746, 43.5496455118158 ], [ 7.001547552645206, 43.549645754816446 ], [ 7.001538164913654, 43.549645754816446 ], [ 7.001537159085274, 43.54964599781709 ], [ 7.001535817980766, 43.54964624081774 ], [ 7.001534141600132, 43.54964696981965 ], [ 7.001533135771752, 43.5496472128203 ], [ 7.00153112411499, 43.5496472128203 ], [ 7.001529783010484, 43.54964745582093 ], [ 7.001528106629848, 43.5496479418222 ], [ 7.001526430249214, 43.5496479418222 ], [ 7.00152475386858, 43.54964818482283 ], [ 7.001524083316326, 43.54964842782347 ], [ 7.001523412764072, 43.549648913824726 ], [ 7.00152274221182, 43.549648913824726 ], [ 7.001522071659566, 43.54964915682537 ], [ 7.001521401107312, 43.54964964282663 ], [ 7.001521401107312, 43.54965061482913 ], [ 7.00151938945055, 43.549652072832856 ], [ 7.001518048346044, 43.54965304483533 ], [ 7.00151737779379, 43.549654259838384 ], [ 7.001516707241536, 43.5496547458396 ], [ 7.001515701413156, 43.5496547458396 ], [ 7.00151402503252, 43.549654259838384 ], [ 7.00151100754738, 43.549654259838384 ], [ 7.001510001718998, 43.54965377383717 ], [ 7.001509331166744, 43.54965377383717 ], [ 7.001507990062238, 43.54965328783594 ], [ 7.001507319509984, 43.54965280183471 ], [ 7.00150664895773, 43.54965255883409 ], [ 7.00150564312935, 43.54965231583348 ], [ 7.001504637300968, 43.549652072832856 ], [ 7.001503631472588, 43.54965182983223 ], [ 7.001499272882938, 43.54965158683162 ], [ 7.001494579017162, 43.54965182983223 ], [ 7.00149390846491, 43.54965182983223 ], [ 7.001492902636528, 43.54965158683162 ], [ 7.001491896808148, 43.54965110083038 ], [ 7.00148854404688, 43.54965110083038 ], [ 7.001486867666246, 43.549651343830995 ], [ 7.00148519128561, 43.54965158683162 ], [ 7.00148418545723, 43.54965182983223 ], [ 7.001480832695962, 43.549654259838384 ], [ 7.001480162143708, 43.54965450283899 ], [ 7.00147781521082, 43.54965450283899 ], [ 7.001476138830186, 43.54965353083655 ], [ 7.001475468277932, 43.54965304483533 ], [ 7.001474462449552, 43.54965280183471 ], [ 7.001473791897298, 43.54965280183471 ], [ 7.001472786068916, 43.54965231583348 ], [ 7.001471780240536, 43.549652072832856 ], [ 7.001469768583776, 43.54965182983223 ], [ 7.001466415822506, 43.54965182983223 ], [ 7.001466415822506, 43.549655231840816 ], [ 7.001466751098634, 43.54965814784802 ], [ 7.00146708637476, 43.549661306855654 ], [ 7.001467421650888, 43.54966422286256 ], [ 7.001467756927014, 43.54966713886933 ], [ 7.00146809220314, 43.549670054875946 ], [ 7.001468427479268, 43.549672970882426 ], [ 7.001468762755394, 43.54967588688877 ], [ 7.001469098031522, 43.54967880289497 ], [ 7.001469433307648, 43.54968171890103 ], [ 7.001469768583776, 43.549684634906946 ], [ 7.001470103859902, 43.5496877939132 ], [ 7.001470439136028, 43.54969070991882 ], [ 7.001470774412156, 43.549693625924306 ], [ 7.001471109688282, 43.54969654192964 ], [ 7.00147144496441, 43.54969945793484 ], [ 7.001471780240536, 43.549702373939915 ], [ 7.001472115516664, 43.54970528994482 ], [ 7.00147245079279, 43.5497082059496 ], [ 7.001472786068916, 43.54971112195424 ], [ 7.001473121345044, 43.5497142809591 ], [ 7.00147345662117, 43.54971719696344 ], [ 7.001473791897298, 43.54972011296765 ], [ 7.001474462449552, 43.549723271972034 ], [ 7.001474462449552, 43.54972594497561 ], [ 7.001474797725678, 43.5497288609794 ], [ 7.001475133001804, 43.54973177698303 ], [ 7.001475468277932, 43.54973469298653 ], [ 7.001475803554058, 43.54973760898988 ], [ 7.001476474106312, 43.549741010993635 ], [ 7.00147680938244, 43.54974392699667 ], [ 7.001477144658566, 43.549746842999575 ], [ 7.001477479934692, 43.549749759002346 ], [ 7.001477479934692, 43.54975243200476 ], [ 7.00147781521082, 43.54975534800725 ], [ 7.001478150486946, 43.54975826400961 ], [ 7.001478485763074, 43.54976118001182 ], [ 7.0014788210392, 43.5497640960139 ], [ 7.001479491591454, 43.54976749801614 ], [ 7.00147982686758, 43.54977041401791 ], [ 7.001480162143708, 43.54977333001953 ], [ 7.001480497419834, 43.54977624602102 ], [ 7.001480497419834, 43.54977891902226 ], [ 7.001480832695962, 43.549781835023474 ], [ 7.001481167972088, 43.54978475102454 ], [ 7.001481503248216, 43.54978766702548 ], [ 7.001481838524342, 43.549790583026265 ], [ 7.001482509076596, 43.54979106902639 ], [ 7.001483850181104, 43.54979179802656 ], [ 7.00148418545723, 43.54979179802656 ], [ 7.001484520733356, 43.54979204102661 ] ] ] ],
      "type" : "MultiPolygon"
    },
    "type" : "Feature",
    "properties" : {
      "zoom" : 20,
      "id" : "f5729ed7-2481-4ca7-bc76-1fd6a4a05c6f",
      "label" : "MOISISSURE_NOIRCIE",
      "confidence" : null
    }
  }, {
    "geometry" : {
      "coordinates" : [ [ [ [ 7.001551911234856, 43.54963481978647 ], [ 7.001554928719998, 43.54963481978647 ], [ 7.001557275652886, 43.54963384778371 ], [ 7.001559622585774, 43.54963384778371 ], [ 7.001560628414154, 43.54963360478302 ], [ 7.001561298966408, 43.54963336178233 ], [ 7.001561298966408, 43.549627529765395 ], [ 7.001560963690282, 43.54962339875305 ], [ 7.001560628414154, 43.54962291275157 ], [ 7.00155694037676, 43.54962291275157 ], [ 7.001554928719998, 43.549623155752315 ], [ 7.00155258178711, 43.54962339875305 ], [ 7.001550570130348, 43.54962364175378 ], [ 7.00154822319746, 43.54962388475452 ], [ 7.0015462115407, 43.54962412775525 ], [ 7.001543864607812, 43.54962437075598 ], [ 7.00154185295105, 43.54962461375671 ], [ 7.001539506018162, 43.54962485675744 ], [ 7.001537159085274, 43.549625342758894 ], [ 7.001534812152386, 43.54962558575962 ], [ 7.001532800495626, 43.549625828760355 ], [ 7.001530453562738, 43.549626071761075 ], [ 7.001528441905976, 43.549626314761795 ], [ 7.001526094973088, 43.549626557762515 ], [ 7.001524083316326, 43.549626800763235 ], [ 7.001521736383438, 43.549627043763955 ], [ 7.001519724726678, 43.549627286764675 ], [ 7.00151737779379, 43.549627529765395 ], [ 7.001516707241536, 43.549627529765395 ], [ 7.001516707241536, 43.549629473771105 ], [ 7.001518048346044, 43.54963044577393 ], [ 7.001519054174424, 43.549630688774634 ], [ 7.001520395278932, 43.54963166077745 ], [ 7.001521065831184, 43.54963166077745 ], [ 7.00152274221182, 43.54963238977954 ], [ 7.001526430249214, 43.549632632780245 ], [ 7.001529447734356, 43.549632632780245 ], [ 7.001530788838864, 43.54963214677884 ], [ 7.001532129943372, 43.54963214677884 ], [ 7.001538835465908, 43.54963238977954 ], [ 7.001542188227178, 43.54963214677884 ], [ 7.001544199883938, 43.54963190377814 ], [ 7.001546546816826, 43.54963287578093 ], [ 7.001547887921334, 43.54963360478302 ], [ 7.001549564301968, 43.54963360478302 ], [ 7.001550234854222, 43.5496340907844 ], [ 7.001550905406476, 43.54963433378509 ], [ 7.00155157595873, 43.54963433378509 ], [ 7.001551911234856, 43.54963481978647 ] ] ] ],
      "type" : "MultiPolygon"
    },
    "type" : "Feature",
    "properties" : {
      "zoom" : 20,
      "id" : "05abecf9-1ebd-4433-a27e-27dd3d28c71e",
      "label" : "MOISISSURE_NOIRCIE",
      "confidence" : null
    }
  }, {
    "geometry" : {
      "coordinates" : [ [ [ [ 7.001336663961412, 43.5501618859744 ], [ 7.001339346170426, 43.5501618859744 ], [ 7.001340351998806, 43.55016164297584 ], [ 7.001341357827188, 43.55016139997727 ], [ 7.001341693103314, 43.550160913980136 ], [ 7.00134202837944, 43.550160427983 ], [ 7.001342363655568, 43.550156783004354 ], [ 7.001342363655568, 43.55015386702128 ], [ 7.001341693103314, 43.5501528950269 ], [ 7.001341693103314, 43.55015119403667 ], [ 7.001341357827188, 43.55015022204224 ], [ 7.00134102255106, 43.550149250047795 ], [ 7.001340687274934, 43.55014827805332 ], [ 7.001340351998806, 43.55014779205609 ], [ 7.001339681446552, 43.55014730605885 ], [ 7.001335993409158, 43.55014730605885 ], [ 7.001335322856904, 43.55014779205609 ], [ 7.001333981752396, 43.55014900704918 ], [ 7.00133364647627, 43.55014973604502 ], [ 7.001332305371762, 43.55015046504085 ], [ 7.001331299543382, 43.55015119403667 ], [ 7.001330293715, 43.55015216603109 ], [ 7.001329958438874, 43.5501528950269 ], [ 7.00132928788662, 43.55015338102409 ], [ 7.00132928788662, 43.55015726900152 ], [ 7.001330293715, 43.55015799799727 ], [ 7.001331299543382, 43.55015824099584 ], [ 7.001331970095634, 43.55015872699299 ], [ 7.001332640647888, 43.55015872699299 ], [ 7.001333311200142, 43.55015896999157 ], [ 7.001333981752396, 43.55015945598872 ], [ 7.001334987580776, 43.55016067098157 ], [ 7.001336663961412, 43.5501618859744 ] ] ] ],
      "type" : "MultiPolygon"
    },
    "type" : "Feature",
    "properties" : {
      "zoom" : 20,
      "id" : "0ca975fd-8d7b-47be-9410-786be6369ed7",
      "label" : "MOISISSURE_NOIRCIE",
      "confidence" : null
    }
  }, {
    "geometry" : {
      "coordinates" : [ [ [ [ 7.001225017011166, 43.55010623927775 ], [ 7.001247480511666, 43.55010623927775 ], [ 7.001247145235538, 43.55010405228863 ], [ 7.001247145235538, 43.55010259429584 ], [ 7.001247145235538, 43.55009870631489 ], [ 7.001247145235538, 43.55009749132078 ], [ 7.001247815787792, 43.55009651932548 ], [ 7.00124815106392, 43.550094575334825 ], [ 7.00124815106392, 43.55009214534643 ], [ 7.001247815787792, 43.55008971535795 ], [ 7.001247145235538, 43.55008728536936 ], [ 7.001247145235538, 43.550084612381795 ], [ 7.001246474683286, 43.550082425391885 ], [ 7.001246474683286, 43.55008096739856 ], [ 7.001246809959412, 43.55007780841292 ], [ 7.001246139407158, 43.55007562142276 ], [ 7.001246139407158, 43.55006978944862 ], [ 7.001246809959412, 43.550068817452875 ], [ 7.001246809959412, 43.55005691050371 ], [ 7.001246474683286, 43.55005569550877 ], [ 7.001245804131032, 43.55005423751481 ], [ 7.001245804131032, 43.550053022519805 ], [ 7.001245133578778, 43.55005205052379 ], [ 7.001245133578778, 43.55005132152677 ], [ 7.001242116093636, 43.55005132152677 ], [ 7.001240439713002, 43.5500525365218 ], [ 7.001239769160748, 43.55005326551882 ], [ 7.001239433884622, 43.55005399451581 ], [ 7.001238092780114, 43.550054966511794 ], [ 7.00123742222786, 43.55005545250978 ], [ 7.00123641639948, 43.55005618150675 ], [ 7.001236081123352, 43.55005691050371 ], [ 7.001235410571098, 43.55005739650169 ], [ 7.001235075294972, 43.55005788249966 ], [ 7.001235075294972, 43.5500586114966 ], [ 7.001234740018846, 43.55005934049353 ], [ 7.001234069466592, 43.55006031248942 ], [ 7.001232728362084, 43.55006128448531 ], [ 7.001232393085958, 43.55006201348221 ], [ 7.001231387257576, 43.550062742479106 ], [ 7.001231387257576, 43.550065658466586 ], [ 7.001231722533704, 43.55006614446449 ], [ 7.001232393085958, 43.55006663046239 ], [ 7.001234069466592, 43.55006663046239 ], [ 7.001235410571098, 43.550067845457114 ], [ 7.001236081123352, 43.550068331454995 ], [ 7.001236751675606, 43.55006857445392 ], [ 7.001237757503986, 43.550068817452875 ], [ 7.00123842805624, 43.550068817452875 ], [ 7.001239098608494, 43.55006930345074 ], [ 7.001239098608494, 43.55007197643899 ], [ 7.001241445541382, 43.5500722194379 ], [ 7.001242116093636, 43.55007246243684 ], [ 7.00124278664589, 43.55007294843468 ], [ 7.00124278664589, 43.55007367743145 ], [ 7.001242451369762, 43.55007416342928 ], [ 7.00124178081751, 43.550074892426025 ], [ 7.001240104436874, 43.55007610742059 ], [ 7.001239769160748, 43.55007659341839 ], [ 7.001239769160748, 43.55007707941622 ], [ 7.001239433884622, 43.55007756541402 ], [ 7.001238763332368, 43.55007805141182 ], [ 7.00123842805624, 43.55007853740962 ], [ 7.001238092780114, 43.550079266406314 ], [ 7.001238092780114, 43.55008072439967 ], [ 7.001237757503986, 43.55008121039745 ], [ 7.00123641639948, 43.55008218239299 ], [ 7.00123105198145, 43.550082425391885 ], [ 7.001230381429196, 43.55008315438853 ], [ 7.001228705048562, 43.55008315438853 ], [ 7.001228369772434, 43.55008364038629 ], [ 7.001228369772434, 43.55008412638405 ], [ 7.001227699220182, 43.550084612381795 ], [ 7.001227699220182, 43.5500870423705 ], [ 7.001228369772434, 43.55008777136708 ], [ 7.001229040324688, 43.550088257364806 ], [ 7.001229040324688, 43.55008874336253 ], [ 7.001228705048562, 43.5500899583568 ], [ 7.001228034496308, 43.5500909303522 ], [ 7.001228369772434, 43.55009360333948 ], [ 7.001228369772434, 43.55009579032899 ], [ 7.001227699220182, 43.5500967623243 ], [ 7.001228034496308, 43.55009992130895 ], [ 7.001228034496308, 43.550101136303006 ], [ 7.001228705048562, 43.55010137930181 ], [ 7.001228705048562, 43.550102108298226 ], [ 7.001228369772434, 43.550102837294645 ], [ 7.001227699220182, 43.55010332329224 ], [ 7.001226358115674, 43.55010332329224 ], [ 7.00122568756342, 43.550103566291035 ], [ 7.001225017011166, 43.55010405228863 ], [ 7.001225017011166, 43.55010623927775 ] ] ] ],
      "type" : "MultiPolygon"
    },
    "type" : "Feature",
    "properties" : {
      "zoom" : 20,
      "id" : "f6d6725a-8956-4bea-9ae8-27d806121cb0",
      "label" : "MOISISSURE_NOIRCIE",
      "confidence" : null
    }
  }, {
    "geometry" : {
      "coordinates" : [ [ [ [ 7.001194842159748, 43.55010623927775 ], [ 7.00120959430933, 43.55010623927775 ], [ 7.00120959430933, 43.550104295287426 ], [ 7.001208253204824, 43.550104295287426 ], [ 7.00120758265257, 43.55010405228863 ], [ 7.001206576824188, 43.550103566291035 ], [ 7.001205570995808, 43.550102837294645 ], [ 7.001205235719682, 43.55010040730657 ], [ 7.001204565167428, 43.55010016430777 ], [ 7.00120322406292, 43.55010016430777 ], [ 7.00120221823454, 43.55009943531133 ], [ 7.001201882958412, 43.55009870631489 ], [ 7.001201882958412, 43.55009797731842 ], [ 7.001201212406158, 43.55009724832195 ], [ 7.001200877130032, 43.55009651932548 ], [ 7.00119785964489, 43.55009651932548 ], [ 7.001197189092636, 43.55009700532313 ], [ 7.001197189092636, 43.55009749132078 ], [ 7.00119584798813, 43.55009919231251 ], [ 7.001195512712002, 43.55010016430777 ], [ 7.001195512712002, 43.5501008933042 ], [ 7.001194842159748, 43.55010137930181 ], [ 7.001194171607494, 43.55010137930181 ], [ 7.001194171607494, 43.55010332329224 ], [ 7.001194842159748, 43.55010551028139 ], [ 7.001194842159748, 43.55010623927775 ] ] ] ],
      "type" : "MultiPolygon"
    },
    "type" : "Feature",
    "properties" : {
      "zoom" : 20,
      "id" : "478bfc9a-7648-46a6-9cd6-b48a4b1deb1b",
      "label" : "MOISISSURE_NOIRCIE",
      "confidence" : null
    }
  }, {
    "geometry" : {
      "coordinates" : [ [ [ [ 7.001130469143392, 43.54978961102602 ], [ 7.001133151352406, 43.54978961102602 ], [ 7.00113382190466, 43.549789125025896 ], [ 7.00113382190466, 43.54978863902575 ], [ 7.00113482773304, 43.54978791002554 ], [ 7.00113583356142, 43.54978766702548 ], [ 7.001136504113674, 43.54978718102533 ], [ 7.001137509942056, 43.54978620902503 ], [ 7.001138851046562, 43.549785723024875 ], [ 7.001139856874944, 43.54978548002478 ], [ 7.001140862703324, 43.54978523702471 ], [ 7.001142874360086, 43.54978523702471 ], [ 7.001145891845226, 43.54978548002478 ], [ 7.001146227121354, 43.54978426502437 ], [ 7.001147232949734, 43.5497837790242 ], [ 7.001147903501988, 43.54978256402375 ], [ 7.001148909330368, 43.549781592023365 ], [ 7.001150585711002, 43.54978134902328 ], [ 7.001150585711002, 43.54978062002298 ], [ 7.00115192681551, 43.549780134022775 ], [ 7.001152262091638, 43.549779648022565 ], [ 7.001152262091638, 43.54977867602215 ], [ 7.001153267920018, 43.54977819002194 ], [ 7.001153938472272, 43.54977770402171 ], [ 7.001154609024526, 43.549776489021134 ], [ 7.001155279576778, 43.549776003020895 ], [ 7.00115729123354, 43.54977527402053 ], [ 7.001159302890302, 43.54977527402053 ], [ 7.001159302890302, 43.54977430202005 ], [ 7.001159638166428, 43.54977357301966 ], [ 7.001160643994808, 43.549772844019266 ], [ 7.001160308718682, 43.54977017101776 ], [ 7.001160308718682, 43.54976968501747 ], [ 7.001160643994808, 43.54976676901567 ], [ 7.001160979270936, 43.54976628301536 ], [ 7.001161985099316, 43.54976555401488 ], [ 7.00116265565157, 43.54976531101472 ], [ 7.00116366147995, 43.54976506801455 ], [ 7.001165673136712, 43.54976506801455 ], [ 7.00116701424122, 43.54976458201423 ], [ 7.001167684793472, 43.54976385301373 ], [ 7.00116902589798, 43.54976433901406 ], [ 7.001172378659248, 43.54976458201423 ], [ 7.001172378659248, 43.54976166601218 ], [ 7.001169361174108, 43.549759479010554 ], [ 7.001168690621854, 43.549758750009985 ], [ 7.001168355345726, 43.54975826400961 ], [ 7.0011680200696, 43.549757292008834 ], [ 7.001167684793472, 43.549756077007864 ], [ 7.001167684793472, 43.54975461900665 ], [ 7.00116701424122, 43.54975340400561 ], [ 7.00116701424122, 43.549752189004536 ], [ 7.001166678965092, 43.54975170300411 ], [ 7.001166008412838, 43.549751217003674 ], [ 7.001164667308332, 43.54975073100324 ], [ 7.00116164982319, 43.54975073100324 ], [ 7.001160979270936, 43.5497502450028 ], [ 7.001159973442554, 43.54974854400121 ], [ 7.001158632338048, 43.549747572000285 ], [ 7.00115829706192, 43.549746842999575 ], [ 7.001157626509666, 43.5497463569991 ], [ 7.001157626509666, 43.54974538499815 ], [ 7.001156955957414, 43.54974489899766 ], [ 7.001156620681286, 43.54974441299717 ], [ 7.001156620681286, 43.549742711995414 ], [ 7.001156955957414, 43.54974125399388 ], [ 7.001157961785794, 43.5497405249931 ], [ 7.001157961785794, 43.54973809499044 ], [ 7.001157626509666, 43.54973760898988 ], [ 7.001156955957414, 43.549737122989335 ], [ 7.001156955957414, 43.54973493598682 ], [ 7.00115729123354, 43.54973420698596 ], [ 7.001157961785794, 43.54973347798509 ], [ 7.00115829706192, 43.549732505983926 ], [ 7.001158632338048, 43.54973080498184 ], [ 7.001158632338048, 43.549728617979085 ], [ 7.00115628540516, 43.54972715997721 ], [ 7.001155279576778, 43.54972643097626 ], [ 7.001154944300652, 43.54972594497561 ], [ 7.001154944300652, 43.54972472997401 ], [ 7.001153603196144, 43.54972375797269 ], [ 7.001153267920018, 43.549723271972034 ], [ 7.001153267920018, 43.54972254297103 ], [ 7.001152597367764, 43.549721813970024 ], [ 7.001152597367764, 43.54971962696696 ], [ 7.00115192681551, 43.54971889796591 ], [ 7.00115192681551, 43.54971719696344 ], [ 7.001148909330368, 43.549716953963085 ], [ 7.00115192681551, 43.54971671096273 ], [ 7.001152262091638, 43.54971573896128 ], [ 7.001152262091638, 43.54971355195799 ], [ 7.00115092098713, 43.54971355195799 ], [ 7.00114991515875, 43.54971306595725 ], [ 7.001145221292974, 43.54971306595725 ], [ 7.001144215464592, 43.549712336956134 ], [ 7.001143209636212, 43.549711850955376 ], [ 7.001141868531704, 43.549711607955 ], [ 7.001136839389802, 43.549711607955 ], [ 7.001136168837548, 43.54971112195424 ], [ 7.001136168837548, 43.549710635953474 ], [ 7.00113482773304, 43.549710635953474 ], [ 7.001134157180786, 43.5497101499527 ], [ 7.001136839389802, 43.54970990695231 ], [ 7.001138851046562, 43.54970844894999 ], [ 7.00114019215107, 43.549707962949206 ], [ 7.001140862703324, 43.549707962949206 ], [ 7.001141533255578, 43.54970771994881 ], [ 7.001143544912338, 43.549706261946426 ], [ 7.001143544912338, 43.54970577594563 ], [ 7.001144215464592, 43.54970528994482 ], [ 7.001146227121354, 43.54970504694442 ], [ 7.001148574054242, 43.54970504694442 ], [ 7.001152262091638, 43.54970504694442 ], [ 7.001153603196144, 43.54970577594563 ], [ 7.00115628540516, 43.54970577594563 ], [ 7.001156955957414, 43.549706261946426 ], [ 7.001156955957414, 43.54970771994881 ], [ 7.00116366147995, 43.549707962949206 ], [ 7.001164332032204, 43.5497082059496 ], [ 7.001165673136712, 43.54970893495078 ], [ 7.00116701424122, 43.54970990695231 ], [ 7.001167684793472, 43.5497101499527 ], [ 7.001168355345726, 43.5497101499527 ], [ 7.001169361174108, 43.54971087895385 ], [ 7.001171372830868, 43.549711607955 ], [ 7.001172043383122, 43.549711607955 ], [ 7.001173049211502, 43.549711850955376 ], [ 7.001173719763756, 43.54971209395574 ], [ 7.001174725592136, 43.54971282295688 ], [ 7.001175731420518, 43.54971306595725 ], [ 7.00117975473404, 43.54971306595725 ], [ 7.001181095838548, 43.54971282295688 ], [ 7.001182101666928, 43.5497125799565 ], [ 7.001182772219182, 43.54971209395574 ], [ 7.001183442771436, 43.549712336956134 ], [ 7.00118411332369, 43.5497125799565 ], [ 7.001184448599816, 43.54971355195799 ], [ 7.00118411332369, 43.54971573896128 ], [ 7.001187466084958, 43.54971598196165 ], [ 7.001187801361084, 43.54971525296056 ], [ 7.001188471913338, 43.5497142809591 ], [ 7.001188471913338, 43.54971282295688 ], [ 7.001188807189466, 43.549712336956134 ], [ 7.001189813017846, 43.549711607955 ], [ 7.001190818846226, 43.54971112195424 ], [ 7.001191824674606, 43.54971112195424 ], [ 7.001192830502988, 43.549711607955 ], [ 7.001193501055242, 43.549711607955 ], [ 7.001194171607494, 43.549711850955376 ], [ 7.001195512712002, 43.54971282295688 ], [ 7.00119584798813, 43.54971330895762 ], [ 7.00119584798813, 43.549713794958365 ], [ 7.001196183264256, 43.5497142809591 ], [ 7.001198194921018, 43.54971573896128 ], [ 7.001199200749398, 43.54971598196165 ], [ 7.001200206577778, 43.549716224962005 ], [ 7.001200877130032, 43.549716224962005 ], [ 7.001201882958412, 43.54971646796237 ], [ 7.001202553510666, 43.549716953963085 ], [ 7.001204565167428, 43.54971719696344 ], [ 7.001208253204824, 43.54971719696344 ], [ 7.001208923757076, 43.54971671096273 ], [ 7.001210264861584, 43.549716224962005 ], [ 7.001210600137712, 43.54971476695984 ], [ 7.001210935413838, 43.549713794958365 ], [ 7.001211270689964, 43.54971330895762 ], [ 7.001211941242218, 43.54971282295688 ], [ 7.00121596455574, 43.54971282295688 ], [ 7.001217305660248, 43.54971306595725 ], [ 7.001217305660248, 43.54971573896128 ], [ 7.001217976212502, 43.549716224962005 ], [ 7.001219652593136, 43.54971646796237 ], [ 7.001223005354404, 43.549716224962005 ], [ 7.001223340630532, 43.54971573896128 ], [ 7.001223675906658, 43.54971112195424 ], [ 7.001223675906658, 43.549707962949206 ], [ 7.001222670078278, 43.54970674794723 ], [ 7.001222334802152, 43.54970601894603 ], [ 7.001221999526024, 43.54970528994482 ], [ 7.001221999526024, 43.549704317943196 ], [ 7.001218982040882, 43.549704317943196 ], [ 7.001218311488628, 43.54970358894197 ], [ 7.001217640936376, 43.549703102941145 ], [ 7.001216635107994, 43.549703102941145 ], [ 7.00121596455574, 43.54970285994074 ], [ 7.00121395289898, 43.54970164493865 ], [ 7.0012129470706, 43.54970091593739 ], [ 7.0012129470706, 43.54970042993655 ], [ 7.001212611794472, 43.54969994393569 ], [ 7.001210264861584, 43.5496982429327 ], [ 7.001208923757076, 43.54969702793052 ], [ 7.00120858848095, 43.54969654192964 ], [ 7.001208253204824, 43.54969556992788 ], [ 7.001208253204824, 43.54969435492565 ], [ 7.00120858848095, 43.549692653922484 ], [ 7.001208923757076, 43.54969070991882 ], [ 7.001209259033204, 43.549689980917435 ], [ 7.00120959430933, 43.549689494916485 ], [ 7.001210935413838, 43.549688522914614 ], [ 7.001211941242218, 43.54968803691367 ], [ 7.001212611794472, 43.5496877939132 ], [ 7.001215629279614, 43.5496877939132 ], [ 7.001216635107994, 43.54968730791224 ], [ 7.001216970384122, 43.549686092909845 ], [ 7.001217976212502, 43.5496853639084 ], [ 7.001217976212502, 43.54968171890103 ], [ 7.001217305660248, 43.54968123290002 ], [ 7.001216970384122, 43.54968050389852 ], [ 7.001216635107994, 43.54967977489701 ], [ 7.001216635107994, 43.54967928889599 ], [ 7.001215629279614, 43.54967904589548 ], [ 7.00121395289898, 43.54967904589548 ], [ 7.001213282346726, 43.54967855989445 ], [ 7.001212276518346, 43.549678073893425 ], [ 7.001211270689964, 43.549677830892925 ], [ 7.001209929585458, 43.5496775878924 ], [ 7.001206576824188, 43.5496775878924 ], [ 7.00120221823454, 43.549677830892925 ], [ 7.001200877130032, 43.54967831689394 ], [ 7.001200206577778, 43.54967880289497 ], [ 7.001199200749398, 43.54967928889599 ], [ 7.001197524368764, 43.549679531896494 ], [ 7.001196518540382, 43.549679531896494 ], [ 7.001195512712002, 43.54967977489701 ], [ 7.001194506883622, 43.5496800178975 ], [ 7.001193501055242, 43.54968050389852 ], [ 7.00119249522686, 43.54968050389852 ], [ 7.00119148939848, 43.54968123290002 ], [ 7.0011904835701, 43.54968147590053 ], [ 7.001189477741718, 43.54968220490201 ], [ 7.001188807189466, 43.54968171890103 ], [ 7.001188807189466, 43.54968123290002 ], [ 7.001183442771436, 43.54968123290002 ], [ 7.001182436943054, 43.549681961901534 ], [ 7.0011817663908, 43.549681961901534 ], [ 7.001181095838548, 43.54968244790252 ], [ 7.00117975473404, 43.54968293390351 ], [ 7.001179084181786, 43.54968293390351 ], [ 7.001178078353406, 43.549683419904504 ], [ 7.001177072525024, 43.54968366290499 ], [ 7.00117439031601, 43.54968366290499 ], [ 7.001174055039884, 43.549681961901534 ], [ 7.001171037554742, 43.54968171890103 ], [ 7.001171037554742, 43.54968220490201 ], [ 7.001169361174108, 43.54968244790252 ], [ 7.001169361174108, 43.549684148905975 ], [ 7.001167349517346, 43.54968439190645 ], [ 7.001165673136712, 43.549684148905975 ], [ 7.001164332032204, 43.54968366290499 ], [ 7.001162990927696, 43.549683419904504 ], [ 7.001159302890302, 43.54968366290499 ], [ 7.00115829706192, 43.54968512090792 ], [ 7.00115829706192, 43.549686092909845 ], [ 7.001157626509666, 43.54968657891081 ], [ 7.00115293264389, 43.54968657891081 ], [ 7.00115192681551, 43.54968730791224 ], [ 7.00115092098713, 43.54968730791224 ], [ 7.001150250434876, 43.54968803691367 ], [ 7.001149579882622, 43.549688522914614 ], [ 7.001146897673608, 43.549688765915086 ], [ 7.001146227121354, 43.54968803691367 ], [ 7.001146897673608, 43.54968657891081 ], [ 7.001146897673608, 43.549684634906946 ], [ 7.001144215464592, 43.549684634906946 ], [ 7.001142539083958, 43.549683419904504 ], [ 7.00114119797945, 43.54968293390351 ], [ 7.00114019215107, 43.54968220490201 ], [ 7.001139856874944, 43.54968171890103 ], [ 7.001139856874944, 43.54968123290002 ], [ 7.00113918632269, 43.54968074689902 ], [ 7.001138515770436, 43.54968050389852 ], [ 7.001134492456914, 43.54968074689902 ], [ 7.001134157180786, 43.54968123290002 ], [ 7.00113382190466, 43.549681961901534 ], [ 7.00113382190466, 43.54968244790252 ], [ 7.00113281607628, 43.54968366290499 ], [ 7.00113281607628, 43.54968439190645 ], [ 7.001132480800152, 43.5496853639084 ], [ 7.001132145524026, 43.549686092909845 ], [ 7.001130804419518, 43.549687064911765 ], [ 7.001130133867264, 43.549686821911294 ], [ 7.001122757792474, 43.549686821911294 ], [ 7.001121751964092, 43.54968657891081 ], [ 7.001120746135712, 43.549686092909845 ], [ 7.001119405031204, 43.54968512090792 ], [ 7.001118399202824, 43.549684877907424 ], [ 7.001114040613174, 43.549684877907424 ], [ 7.001114040613174, 43.549688765915086 ], [ 7.001114375889302, 43.54969070991882 ], [ 7.001114711165428, 43.54969289692294 ], [ 7.001115046441556, 43.54969508392699 ], [ 7.001115381717682, 43.54969702793052 ], [ 7.00111571699381, 43.54969921493442 ], [ 7.001116052269936, 43.549701158937815 ], [ 7.001116387546062, 43.54970334594156 ], [ 7.00111672282219, 43.549705532945225 ], [ 7.001117058098316, 43.54970747694843 ], [ 7.001117393374444, 43.54970966395194 ], [ 7.00111772865057, 43.549711607955 ], [ 7.001118063926698, 43.549713794958365 ], [ 7.001118399202824, 43.54971598196165 ], [ 7.001118734478952, 43.5497179259645 ], [ 7.001119069755078, 43.54972011296765 ], [ 7.001119405031204, 43.54972205697037 ], [ 7.001119740307332, 43.54972424397335 ], [ 7.001120075583458, 43.54972643097626 ], [ 7.001120410859586, 43.54972837497878 ], [ 7.001120746135712, 43.54973056198154 ], [ 7.00112108141184, 43.549732505983926 ], [ 7.001121416687966, 43.54973469298653 ], [ 7.001121751964092, 43.549736879989055 ], [ 7.001122422516346, 43.54973906699151 ], [ 7.001122757792474, 43.54974125399388 ], [ 7.0011230930686, 43.54974319799591 ], [ 7.001123428344728, 43.54974538499815 ], [ 7.001123763620854, 43.549747572000285 ], [ 7.00112409889698, 43.54974951600211 ], [ 7.001124434173108, 43.54975170300411 ], [ 7.001124769449234, 43.54975364700581 ], [ 7.001125104725362, 43.549755834007655 ], [ 7.001125440001488, 43.54975802100942 ], [ 7.001125775277616, 43.549759965010914 ], [ 7.001126110553742, 43.54976215201253 ], [ 7.001126445829868, 43.5497640960139 ], [ 7.001126781105996, 43.54976628301536 ], [ 7.001127116382122, 43.549768470016744 ], [ 7.00112745165825, 43.54977041401791 ], [ 7.001127786934376, 43.54977260101914 ], [ 7.001128122210504, 43.54977454502016 ], [ 7.00112845748663, 43.54977673202125 ], [ 7.001128792762756, 43.54977891902226 ], [ 7.001129128038884, 43.549780863023074 ], [ 7.00112946331501, 43.54978305002395 ], [ 7.001129798591138, 43.549784994024634 ], [ 7.001130133867264, 43.54978718102533 ], [ 7.001130133867264, 43.549789125025896 ], [ 7.001130469143392, 43.54978961102602 ] ] ] ],
      "type" : "MultiPolygon"
    },
    "type" : "Feature",
    "properties" : {
      "zoom" : 20,
      "id" : "fe7990d6-b57f-4491-a308-d92e9a5e0f6e",
      "label" : "MOISISSURE_NOIRCIE",
      "confidence" : null
    }
  }, {
    "geometry" : {
      "coordinates" : [ [ [ [ 7.00111236423254, 43.54967831689394 ], [ 7.001116052269936, 43.54967831689394 ], [ 7.00111772865057, 43.549677830892925 ], [ 7.001121416687966, 43.5496775878924 ], [ 7.001121751964092, 43.549676858890855 ], [ 7.001122422516346, 43.54967637288981 ], [ 7.0011230930686, 43.54967637288981 ], [ 7.001123428344728, 43.549673699884025 ], [ 7.0011230930686, 43.549671998880285 ], [ 7.001122757792474, 43.54967102687812 ], [ 7.001122422516346, 43.54967054087704 ], [ 7.001121751964092, 43.549670054875946 ], [ 7.001121416687966, 43.54966908287376 ], [ 7.001118734478952, 43.54966908287376 ], [ 7.001118734478952, 43.549669568874855 ], [ 7.001117058098316, 43.5496698118754 ], [ 7.001117058098316, 43.54967029787649 ], [ 7.001116052269936, 43.54967102687812 ], [ 7.001115046441556, 43.54967054087704 ], [ 7.001114040613174, 43.549669568874855 ], [ 7.00111135840416, 43.549669568874855 ], [ 7.00111135840416, 43.549671998880285 ], [ 7.001112028956414, 43.549674428885616 ], [ 7.00111236423254, 43.54967637288981 ], [ 7.00111236423254, 43.54967831689394 ] ] ] ],
      "type" : "MultiPolygon"
    },
    "type" : "Feature",
    "properties" : {
      "zoom" : 20,
      "id" : "9fa5e1d4-39ce-4722-b4ed-dfa58ff27801",
      "label" : "MOISISSURE_NOIRCIE",
      "confidence" : null
    }
  }, {
    "geometry" : {
      "coordinates" : [ [ [ [ 7.00117338448763, 43.549698971933985 ], [ 7.001189813017846, 43.549698971933985 ], [ 7.00119249522686, 43.54969848593313 ], [ 7.001194506883622, 43.54969848593313 ], [ 7.001200541853906, 43.54969872893356 ], [ 7.00120322406292, 43.54969848593313 ], [ 7.0012042298913, 43.5496982429327 ], [ 7.001205570995808, 43.54969799993226 ], [ 7.001206576824188, 43.54969775693183 ], [ 7.00120758265257, 43.54969751393139 ], [ 7.00120858848095, 43.54969702793052 ], [ 7.00120959430933, 43.54969702793052 ], [ 7.001210264861584, 43.549696298929206 ], [ 7.001210600137712, 43.54969556992788 ], [ 7.001211270689964, 43.54969484092655 ], [ 7.001212611794472, 43.54969386892475 ], [ 7.001213617622852, 43.549693625924306 ], [ 7.001218646764756, 43.549689980917435 ], [ 7.00121931731701, 43.549689494916485 ], [ 7.001219987869264, 43.54968900891556 ], [ 7.00122032314539, 43.54968827991414 ], [ 7.00122032314539, 43.5496877939132 ], [ 7.001220993697644, 43.549687064911765 ], [ 7.00122132897377, 43.54968584990937 ], [ 7.00122132897377, 43.54968366290499 ], [ 7.001220658421516, 43.54968220490201 ], [ 7.001220658421516, 43.5496800178975 ], [ 7.00122032314539, 43.54967904589548 ], [ 7.001219987869264, 43.54967831689394 ], [ 7.001219652593136, 43.54967734489189 ], [ 7.001218982040882, 43.54967661589033 ], [ 7.001217640936376, 43.54967564388824 ], [ 7.001214623451234, 43.54967540088773 ], [ 7.001211605966092, 43.54967540088773 ], [ 7.001210600137712, 43.54967588688877 ], [ 7.00120959430933, 43.5496761298893 ], [ 7.00120858848095, 43.5496761298893 ], [ 7.00120758265257, 43.54967661589033 ], [ 7.001205906271936, 43.54967661589033 ], [ 7.001204565167428, 43.5496761298893 ], [ 7.001201547682286, 43.5496761298893 ], [ 7.001200206577778, 43.54967661589033 ], [ 7.001199200749398, 43.5496775878924 ], [ 7.001198194921018, 43.549677830892925 ], [ 7.001197189092636, 43.549677830892925 ], [ 7.001196518540382, 43.549678073893425 ], [ 7.00119584798813, 43.54967855989445 ], [ 7.001195177435876, 43.54967880289497 ], [ 7.001193836331368, 43.54967880289497 ], [ 7.00119249522686, 43.54967928889599 ], [ 7.001189477741718, 43.54967928889599 ], [ 7.001188471913338, 43.54967977489701 ], [ 7.00118713080883, 43.54967977489701 ], [ 7.001186460256578, 43.5496800178975 ], [ 7.001185789704324, 43.54968050389852 ], [ 7.00118511915207, 43.54968098989952 ], [ 7.001182772219182, 43.54968269090302 ], [ 7.001181095838548, 43.54968317690401 ], [ 7.001180090010166, 43.54968366290499 ], [ 7.001179419457912, 43.549684148905975 ], [ 7.001178078353406, 43.5496853639084 ], [ 7.001177072525024, 43.54968560690889 ], [ 7.00117539614439, 43.54968584990937 ], [ 7.001173719763756, 43.549686092909845 ], [ 7.001172043383122, 43.54968633591034 ], [ 7.001169696450234, 43.54968633591034 ], [ 7.001168355345726, 43.54968657891081 ], [ 7.001167349517346, 43.549687064911765 ], [ 7.001166343688966, 43.54968730791224 ], [ 7.001165337860584, 43.54968730791224 ], [ 7.001164332032204, 43.549687550912715 ], [ 7.00116366147995, 43.5496877939132 ], [ 7.00116265565157, 43.549688522914614 ], [ 7.001162320375444, 43.54968900891556 ], [ 7.001161985099316, 43.5496902239179 ], [ 7.00116164982319, 43.549691438920206 ], [ 7.00116164982319, 43.54969508392699 ], [ 7.001162990927696, 43.54969508392699 ], [ 7.001164667308332, 43.54969581292832 ], [ 7.001165337860584, 43.54969581292832 ], [ 7.001166343688966, 43.549696298929206 ], [ 7.00116701424122, 43.549696298929206 ], [ 7.001167684793472, 43.549696784930084 ], [ 7.001170702278614, 43.54969775693183 ], [ 7.001171372830868, 43.5496982429327 ], [ 7.001172378659248, 43.54969872893356 ], [ 7.00117338448763, 43.549698971933985 ] ] ] ],
      "type" : "MultiPolygon"
    },
    "type" : "Feature",
    "properties" : {
      "zoom" : 20,
      "id" : "c247830e-ddbe-40e5-9791-30a0cb6b0906",
      "label" : "MOISISSURE_NOIRCIE",
      "confidence" : null
    }
  }, {
    "geometry" : {
      "coordinates" : [ [ [ [ 7.001177407801152, 43.54998401076373 ], [ 7.00118076056242, 43.54998401076373 ], [ 7.001181431114674, 43.549983767764445 ], [ 7.001182101666928, 43.54998352476517 ], [ 7.001182101666928, 43.54998255276803 ], [ 7.00118411332369, 43.5499810947723 ], [ 7.00118511915207, 43.549980851773 ], [ 7.001185789704324, 43.549980851773 ], [ 7.001186795532704, 43.54998036577442 ], [ 7.001189142465592, 43.54998036577442 ], [ 7.001189142465592, 43.54997963677653 ], [ 7.001189813017846, 43.54997890777863 ], [ 7.001189813017846, 43.54997647778556 ], [ 7.00118713080883, 43.54997647778556 ], [ 7.001186460256578, 43.54997696378419 ], [ 7.001185789704324, 43.549977206783495 ], [ 7.001184783875942, 43.5499774497828 ], [ 7.001183778047562, 43.54997769278211 ], [ 7.001179419457912, 43.54997769278211 ], [ 7.00117874890566, 43.54997817878073 ], [ 7.001178078353406, 43.54997817878073 ], [ 7.001177407801152, 43.549978421780025 ], [ 7.001177407801152, 43.5499810947723 ], [ 7.001177407801152, 43.54998182377017 ], [ 7.001177407801152, 43.54998401076373 ] ] ] ],
      "type" : "MultiPolygon"
    },
    "type" : "Feature",
    "properties" : {
      "zoom" : 20,
      "id" : "48a341e1-8a8b-41ed-bcbb-4c48d3bde4cc",
      "label" : "MOISISSURE_NOIRCIE",
      "confidence" : null
    }
  }, {
    "geometry" : {
      "coordinates" : [ [ [ [ 7.001246139407158, 43.54986226800137 ], [ 7.001249492168428, 43.54986226800137 ], [ 7.001249492168428, 43.54985959500383 ], [ 7.0012491568923, 43.549858380004906 ], [ 7.001248821616174, 43.54985789400533 ], [ 7.00124815106392, 43.54985740800575 ], [ 7.001247815787792, 43.54985667900637 ], [ 7.001247815787792, 43.54985570700719 ], [ 7.001248486340046, 43.54985473500799 ], [ 7.001248486340046, 43.54985133301068 ], [ 7.001247815787792, 43.54985084701104 ], [ 7.001247480511666, 43.5498503610114 ], [ 7.001247480511666, 43.549849875011766 ], [ 7.001247815787792, 43.549845744014675 ], [ 7.001247480511666, 43.54984452901547 ], [ 7.001247145235538, 43.54984307101639 ], [ 7.001246809959412, 43.5498425850167 ], [ 7.001246139407158, 43.549842099017 ], [ 7.001243121922016, 43.549842099017 ], [ 7.001241110265256, 43.549842342016845 ], [ 7.001239433884622, 43.5498425850167 ], [ 7.001238092780114, 43.54984307101639 ], [ 7.001236751675606, 43.54984307101639 ], [ 7.001235745847226, 43.549842342016845 ], [ 7.001235410571098, 43.549841613017286 ], [ 7.001235075294972, 43.549839426018565 ], [ 7.001235075294972, 43.549837239019745 ], [ 7.001234404742718, 43.54983602402038 ], [ 7.001234069466592, 43.549834566021104 ], [ 7.001234069466592, 43.5498328650219 ], [ 7.001233734190464, 43.549832136022225 ], [ 7.00123306363821, 43.54983092102275 ], [ 7.001232728362084, 43.549830192023045 ], [ 7.001232728362084, 43.549828005023905 ], [ 7.001232393085958, 43.54982679002434 ], [ 7.001229375600816, 43.54982654702443 ], [ 7.001229040324688, 43.549827276024175 ], [ 7.001228369772434, 43.549827762024 ], [ 7.00122468173504, 43.549827762024 ], [ 7.00122032314539, 43.549827519024085 ], [ 7.00121931731701, 43.549827033024265 ], [ 7.00121495872736, 43.549827033024265 ], [ 7.001214288175106, 43.549827276024175 ], [ 7.001213282346726, 43.549827762024 ], [ 7.0012129470706, 43.54982824802381 ], [ 7.001212611794472, 43.54982873402363 ], [ 7.001212276518346, 43.54982946302334 ], [ 7.001212276518346, 43.54983165002243 ], [ 7.001213282346726, 43.549832379022114 ], [ 7.001213617622852, 43.54983310802179 ], [ 7.00121395289898, 43.54983480902098 ], [ 7.00121395289898, 43.54983772501949 ], [ 7.00121495872736, 43.54983772501949 ], [ 7.001215629279614, 43.549838211019235 ], [ 7.00121596455574, 43.54984088401772 ], [ 7.001216970384122, 43.54984112701758 ], [ 7.001217305660248, 43.54984331401624 ], [ 7.001216970384122, 43.549843800015935 ], [ 7.001216299831868, 43.54984428601563 ], [ 7.001213282346726, 43.54984428601563 ], [ 7.001213282346726, 43.54984744501351 ], [ 7.001214288175106, 43.549848174013 ], [ 7.001214623451234, 43.54984866001265 ], [ 7.001214623451234, 43.54984963201195 ], [ 7.001215294003488, 43.54985011801159 ], [ 7.00121495872736, 43.54985303400936 ], [ 7.001216299831868, 43.54985327700917 ], [ 7.001217305660248, 43.549853763008784 ], [ 7.001218311488628, 43.54985400600859 ], [ 7.001218982040882, 43.549854978007794 ], [ 7.001220658421516, 43.549854978007794 ], [ 7.001221664249898, 43.54985570700719 ], [ 7.001226358115674, 43.54985570700719 ], [ 7.001226358115674, 43.54985522100759 ], [ 7.001227699220182, 43.54985424900839 ], [ 7.001228034496308, 43.549853763008784 ], [ 7.001228034496308, 43.54985327700917 ], [ 7.00123004615307, 43.54985181901031 ], [ 7.001230716705322, 43.54985230500993 ], [ 7.001232728362084, 43.54985230500993 ], [ 7.00123306363821, 43.54985400600859 ], [ 7.001234069466592, 43.54985400600859 ], [ 7.001234740018846, 43.549854492008194 ], [ 7.001235410571098, 43.54985570700719 ], [ 7.001240439713002, 43.54985595000699 ], [ 7.001241445541382, 43.54985667900637 ], [ 7.001241445541382, 43.549858380004906 ], [ 7.00124178081751, 43.54985910900426 ], [ 7.001242451369762, 43.549859838003606 ], [ 7.001244463026524, 43.54986129600228 ], [ 7.001245804131032, 43.549862025001595 ], [ 7.001246139407158, 43.54986226800137 ] ] ] ],
      "type" : "MultiPolygon"
    },
    "type" : "Feature",
    "properties" : {
      "zoom" : 20,
      "id" : "6c7c7694-1f89-4392-af48-9f671efbcf00",
      "label" : "MOISISSURE_NOIRCIE",
      "confidence" : null
    }
  }, {
    "geometry" : {
      "coordinates" : [ [ [ [ 7.001246474683286, 43.54987417498898 ], [ 7.001249492168428, 43.54987441798869 ], [ 7.001250833272934, 43.5498734459898 ], [ 7.001250833272934, 43.5498698009938 ], [ 7.001247480511666, 43.549869557994064 ], [ 7.001246809959412, 43.5498698009938 ], [ 7.001246139407158, 43.54987028699327 ], [ 7.001246139407158, 43.54987368898953 ], [ 7.001246474683286, 43.54987417498898 ] ] ] ],
      "type" : "MultiPolygon"
    },
    "type" : "Feature",
    "properties" : {
      "zoom" : 20,
      "id" : "07b60060-d771-45d2-bba1-eb41842369a1",
      "label" : "MOISISSURE_NOIRCIE",
      "confidence" : null
    }
  }, {
    "geometry" : {
      "coordinates" : [ [ [ [ 7.001156955957414, 43.54982946302334 ], [ 7.001159638166428, 43.54982946302334 ], [ 7.001159973442554, 43.549827276024175 ], [ 7.001159302890302, 43.54982679002434 ], [ 7.001156620681286, 43.54982679002434 ], [ 7.001156620681286, 43.54982897702353 ], [ 7.001156955957414, 43.54982946302334 ] ] ] ],
      "type" : "MultiPolygon"
    },
    "type" : "Feature",
    "properties" : {
      "zoom" : 20,
      "id" : "aad22c53-435f-4964-b1ee-af177c8a54b9",
      "label" : "MOISISSURE_NOIRCIE",
      "confidence" : null
    }
  }, {
    "geometry" : {
      "coordinates" : [ [ [ [ 7.001136839389802, 43.549830192023045 ], [ 7.001139521598816, 43.549830192023045 ], [ 7.001140527427198, 43.54982970602324 ], [ 7.00114119797945, 43.54982922002344 ], [ 7.001142874360086, 43.54982873402363 ], [ 7.001144215464592, 43.549827762024 ], [ 7.001144215464592, 43.54982508902492 ], [ 7.001143209636212, 43.54982436002515 ], [ 7.001142874360086, 43.54982387402531 ], [ 7.001142874360086, 43.5498229020256 ], [ 7.001143209636212, 43.54981950002649 ], [ 7.001142539083958, 43.549819257026535 ], [ 7.001135498285294, 43.549819257026535 ], [ 7.001135498285294, 43.54982241602573 ], [ 7.00113583356142, 43.54982436002515 ], [ 7.001136504113674, 43.54982679002434 ], [ 7.001136839389802, 43.54982873402363 ], [ 7.001136839389802, 43.549830192023045 ] ] ] ],
      "type" : "MultiPolygon"
    },
    "type" : "Feature",
    "properties" : {
      "zoom" : 20,
      "id" : "841f53a8-ee7c-45fc-a1cc-ff7105f8713a",
      "label" : "MOISISSURE_NOIRCIE",
      "confidence" : null
    }
  }, {
    "geometry" : {
      "coordinates" : [ [ [ [ 7.001157626509666, 43.54995825283452 ], [ 7.001160308718682, 43.54995825283452 ], [ 7.00116164982319, 43.54995728083698 ], [ 7.00116265565157, 43.549956794838195 ], [ 7.001163326203824, 43.5499565518388 ], [ 7.001163996756078, 43.5499565518388 ], [ 7.001164667308332, 43.54995630883941 ], [ 7.001166678965092, 43.54995460784364 ], [ 7.001167684793472, 43.549953392846646 ], [ 7.001170367002488, 43.549951448851374 ], [ 7.001171037554742, 43.54995120585197 ], [ 7.001172043383122, 43.54995096285255 ], [ 7.001173049211502, 43.54995071985314 ], [ 7.001174055039884, 43.54995047685372 ], [ 7.001175060868264, 43.54995047685372 ], [ 7.001175060868264, 43.54994950485606 ], [ 7.00117539614439, 43.54994901885721 ], [ 7.001176066696644, 43.549948532858366 ], [ 7.001176401972772, 43.54994780386009 ], [ 7.001176401972772, 43.549946831862385 ], [ 7.001176737248898, 43.54994610286409 ], [ 7.001178078353406, 43.549945130866355 ], [ 7.001178078353406, 43.549942943871365 ], [ 7.001176066696644, 43.549942943871365 ], [ 7.00117539614439, 43.54994245787248 ], [ 7.001175060868264, 43.54994197187359 ], [ 7.001175060868264, 43.549940756876325 ], [ 7.001173719763756, 43.54994051387687 ], [ 7.001173049211502, 43.54994002787795 ], [ 7.001172378659248, 43.54994002787795 ], [ 7.001171708106996, 43.549939541879034 ], [ 7.001171372830868, 43.54993856988119 ], [ 7.001171372830868, 43.549937597883336 ], [ 7.001171708106996, 43.54993711188439 ], [ 7.001172378659248, 43.54993686888492 ], [ 7.001172713935376, 43.54993638288598 ], [ 7.001173719763756, 43.54993613988651 ], [ 7.001180090010166, 43.54993613988651 ], [ 7.00118076056242, 43.549935653887566 ], [ 7.0011817663908, 43.549935410888075 ], [ 7.001183107495308, 43.549934438890176 ], [ 7.001184783875942, 43.54993346689224 ], [ 7.001185454428196, 43.54993322389276 ], [ 7.00118612498045, 43.54993322389276 ], [ 7.001186795532704, 43.549932980893274 ], [ 7.001186795532704, 43.54993006489936 ], [ 7.001185789704324, 43.549929578900375 ], [ 7.00118511915207, 43.54992933590087 ], [ 7.001184448599816, 43.54992933590087 ], [ 7.001183778047562, 43.54992884990187 ], [ 7.001183778047562, 43.54992836390286 ], [ 7.001183107495308, 43.549927877903855 ], [ 7.001183107495308, 43.54992739190484 ], [ 7.001182436943054, 43.54992666290631 ], [ 7.001182436943054, 43.549925447908734 ], [ 7.001182772219182, 43.5499186439219 ], [ 7.001182101666928, 43.54991742892416 ], [ 7.0011817663908, 43.54991669992552 ], [ 7.0011817663908, 43.54991548492774 ], [ 7.001182101666928, 43.54991256893299 ], [ 7.00118076056242, 43.54991232593343 ], [ 7.001180090010166, 43.54991183993428 ], [ 7.00117975473404, 43.549910624936416 ], [ 7.001180090010166, 43.54990795194102 ], [ 7.00117874890566, 43.54990795194102 ], [ 7.001178078353406, 43.54990746594184 ], [ 7.001178078353406, 43.54990697994266 ], [ 7.001176066696644, 43.54990552194511 ], [ 7.001174725592136, 43.549904306947106 ], [ 7.00117338448763, 43.5499040639475 ], [ 7.001169696450234, 43.5499040639475 ], [ 7.001168690621854, 43.5499045499467 ], [ 7.00116701424122, 43.5499045499467 ], [ 7.001166343688966, 43.5499052789455 ], [ 7.001165673136712, 43.5499057649447 ], [ 7.001165002584458, 43.5499057649447 ], [ 7.001164332032204, 43.5499060079443 ], [ 7.001164332032204, 43.54990795194102 ], [ 7.001165002584458, 43.54990843794019 ], [ 7.001165002584458, 43.54990892393936 ], [ 7.001167349517346, 43.54990892393936 ], [ 7.0011680200696, 43.54990940993852 ], [ 7.001167684793472, 43.549910138937264 ], [ 7.001166343688966, 43.54991135393514 ], [ 7.001165673136712, 43.54991183993428 ], [ 7.001165002584458, 43.54991208293386 ], [ 7.001163996756078, 43.54991232593343 ], [ 7.00116265565157, 43.54991232593343 ], [ 7.001161985099316, 43.54991208293386 ], [ 7.001160643994808, 43.54991111093556 ], [ 7.00116164982319, 43.54990940993852 ], [ 7.00116164982319, 43.54990868093978 ], [ 7.001162320375444, 43.549908194940606 ], [ 7.00116366147995, 43.54990795194102 ], [ 7.00116366147995, 43.5499060079443 ], [ 7.001162990927696, 43.5499060079443 ], [ 7.001161985099316, 43.5499057649447 ], [ 7.001160979270936, 43.549905035945905 ], [ 7.001160643994808, 43.5499045499467 ], [ 7.001160643994808, 43.5499035779483 ], [ 7.001159973442554, 43.549902605949875 ], [ 7.001159638166428, 43.549901147952205 ], [ 7.001159302890302, 43.549899203955256 ], [ 7.001159302890302, 43.54989725995824 ], [ 7.001158632338048, 43.54989580196045 ], [ 7.00115829706192, 43.54989482996191 ], [ 7.00115829706192, 43.54989337196404 ], [ 7.001159302890302, 43.549892642965105 ], [ 7.001159973442554, 43.5498921569658 ], [ 7.001160979270936, 43.54989191396615 ], [ 7.00116164982319, 43.54989191396615 ], [ 7.001164332032204, 43.54989094196753 ], [ 7.001165673136712, 43.54989021296856 ], [ 7.001166343688966, 43.54988948396959 ], [ 7.00116701424122, 43.54988899797026 ], [ 7.00117003172636, 43.54988753997226 ], [ 7.00117003172636, 43.54988705397292 ], [ 7.001171708106996, 43.54988608197422 ], [ 7.001172378659248, 43.54988559597488 ], [ 7.001172378659248, 43.549881707979914 ], [ 7.001172043383122, 43.54987709098558 ], [ 7.001172713935376, 43.54987636198645 ], [ 7.00117338448763, 43.54987587598701 ], [ 7.00117338448763, 43.54987320299008 ], [ 7.001174055039884, 43.54987223099115 ], [ 7.001174055039884, 43.54987174499169 ], [ 7.001178078353406, 43.549871501991966 ], [ 7.001179084181786, 43.549870772992755 ], [ 7.0011817663908, 43.549868585995085 ], [ 7.0011817663908, 43.54986639899734 ], [ 7.001181431114674, 43.54986591299783 ], [ 7.001180090010166, 43.54986591299783 ], [ 7.001178078353406, 43.549865183998556 ], [ 7.001177407801152, 43.54986178200183 ], [ 7.001176401972772, 43.54986129600228 ], [ 7.00117338448763, 43.54986129600228 ], [ 7.001171037554742, 43.5498610530025 ], [ 7.001170367002488, 43.549860567002945 ], [ 7.001169696450234, 43.54986032400316 ], [ 7.00116902589798, 43.54986032400316 ], [ 7.001168355345726, 43.549859838003606 ], [ 7.0011680200696, 43.54985935200404 ], [ 7.0011680200696, 43.54985765100554 ], [ 7.001167349517346, 43.54985716500596 ], [ 7.001167349517346, 43.549856436006586 ], [ 7.001166678965092, 43.54985546400739 ], [ 7.001165002584458, 43.54985424900839 ], [ 7.001165002584458, 43.54985230500993 ], [ 7.001165337860584, 43.54985181901031 ], [ 7.001166343688966, 43.54985157601049 ], [ 7.00116701424122, 43.54985133301068 ], [ 7.001167684793472, 43.54985084701104 ], [ 7.0011680200696, 43.54984768801334 ], [ 7.00116902589798, 43.54984744501351 ], [ 7.00117003172636, 43.54984744501351 ], [ 7.001173049211502, 43.54984744501351 ], [ 7.00117338448763, 43.549848174013 ], [ 7.001172713935376, 43.54984866001265 ], [ 7.001172378659248, 43.54984938901212 ], [ 7.001172043383122, 43.54985011801159 ], [ 7.001172043383122, 43.54985327700917 ], [ 7.001172378659248, 43.54985424900839 ], [ 7.001172713935376, 43.54985522100759 ], [ 7.001173719763756, 43.54985595000699 ], [ 7.001174055039884, 43.54985667900637 ], [ 7.001174725592136, 43.54985740800575 ], [ 7.00117539614439, 43.54985765100554 ], [ 7.001176401972772, 43.54985789400533 ], [ 7.001179419457912, 43.54985789400533 ], [ 7.00118076056242, 43.54985692200616 ], [ 7.001181095838548, 43.54985619300678 ], [ 7.001181095838548, 43.54985522100759 ], [ 7.001182772219182, 43.549854978007794 ], [ 7.001183107495308, 43.549854492008194 ], [ 7.001183442771436, 43.549853763008784 ], [ 7.001183778047562, 43.54985303400936 ], [ 7.00118411332369, 43.54985230500993 ], [ 7.00118411332369, 43.549851090010876 ], [ 7.001185454428196, 43.5498503610114 ], [ 7.001185789704324, 43.54984963201195 ], [ 7.001185789704324, 43.54984623001434 ], [ 7.001184783875942, 43.54984598701451 ], [ 7.001183442771436, 43.54984550101484 ], [ 7.0011817663908, 43.54984428601563 ], [ 7.001179084181786, 43.54984428601563 ], [ 7.001179084181786, 43.54984525801499 ], [ 7.001178413629532, 43.549845744014675 ], [ 7.001177407801152, 43.54984598701451 ], [ 7.001176737248898, 43.54984671601401 ], [ 7.001176066696644, 43.54984720201368 ], [ 7.00117539614439, 43.54984744501351 ], [ 7.00117338448763, 43.54984744501351 ], [ 7.001173049211502, 43.549844772015305 ], [ 7.00117338448763, 43.549843800015935 ], [ 7.001176066696644, 43.54984355701609 ], [ 7.001178078353406, 43.54984355701609 ], [ 7.001178078353406, 43.549841613017286 ], [ 7.001176737248898, 43.54984064101786 ], [ 7.00117338448763, 43.54984064101786 ], [ 7.001171037554742, 43.549841613017286 ], [ 7.00116701424122, 43.549841613017286 ], [ 7.001165673136712, 43.54984064101786 ], [ 7.001161985099316, 43.549840398018 ], [ 7.001158967614174, 43.549840398018 ], [ 7.00115729123354, 43.549841613017286 ], [ 7.00115628540516, 43.549841613017286 ], [ 7.001155614852906, 43.549841856017146 ], [ 7.001153603196144, 43.54984088401772 ], [ 7.001150250434876, 43.54984112701758 ], [ 7.00114991515875, 43.549841613017286 ], [ 7.001149579882622, 43.549842828016544 ], [ 7.001149579882622, 43.54984428601563 ], [ 7.001148909330368, 43.549844772015305 ], [ 7.001148574054242, 43.54984525801499 ], [ 7.001148574054242, 43.54984720201368 ], [ 7.001145891845226, 43.54984744501351 ], [ 7.001144886016846, 43.54984793101316 ], [ 7.001144215464592, 43.549848174013 ], [ 7.001144215464592, 43.549848903012474 ], [ 7.001143880188466, 43.54984938901212 ], [ 7.001143209636212, 43.549849875011766 ], [ 7.001142539083958, 43.54985011801159 ], [ 7.001140527427198, 43.54985011801159 ], [ 7.001140527427198, 43.54985352000897 ], [ 7.00114119797945, 43.54985570700719 ], [ 7.001141533255578, 43.54985789400533 ], [ 7.001141533255578, 43.54985910900426 ], [ 7.001147568225862, 43.54985886600448 ], [ 7.001148909330368, 43.54985886600448 ], [ 7.00115092098713, 43.54985959500383 ], [ 7.001151591539384, 43.54986008100338 ], [ 7.001151591539384, 43.54986129600228 ], [ 7.001149579882622, 43.549862754000905 ], [ 7.001148909330368, 43.54986251100114 ], [ 7.001146227121354, 43.54986251100114 ], [ 7.001145221292974, 43.549862025001595 ], [ 7.001142203807832, 43.549862025001595 ], [ 7.001142203807832, 43.549863968999745 ], [ 7.001142539083958, 43.54986591299783 ], [ 7.001142874360086, 43.54986809999559 ], [ 7.001143209636212, 43.54987004399354 ], [ 7.001143544912338, 43.54987223099115 ], [ 7.001143880188466, 43.54987417498898 ], [ 7.001144215464592, 43.54987636198645 ], [ 7.00114455074072, 43.54987830598412 ], [ 7.001144886016846, 43.54988049298145 ], [ 7.001145221292974, 43.54988267997868 ], [ 7.0011455565691, 43.54988462397617 ], [ 7.001145891845226, 43.54988681097325 ], [ 7.001146227121354, 43.5498887549706 ], [ 7.00114656239748, 43.54989094196753 ], [ 7.001146897673608, 43.549892885964745 ], [ 7.001147232949734, 43.54989507296155 ], [ 7.001147568225862, 43.54989701695862 ], [ 7.001147903501988, 43.549899203955256 ], [ 7.001148238778114, 43.54990139095182 ], [ 7.001148574054242, 43.54990333494869 ], [ 7.001148909330368, 43.54990552194511 ], [ 7.001149244606496, 43.54990746594184 ], [ 7.001149579882622, 43.54990965293811 ], [ 7.001150250434876, 43.54991183993428 ], [ 7.001150585711002, 43.54991402693038 ], [ 7.00115092098713, 43.54991597092685 ], [ 7.001151256263256, 43.5499181579228 ], [ 7.001151591539384, 43.549920344918675 ], [ 7.00115192681551, 43.549922288914935 ], [ 7.001152262091638, 43.549924475910665 ], [ 7.001152597367764, 43.54992641990679 ], [ 7.00115293264389, 43.54992860690236 ], [ 7.001153267920018, 43.54993055089837 ], [ 7.001153603196144, 43.54993273789378 ], [ 7.001153938472272, 43.54993468188965 ], [ 7.001154273748398, 43.54993686888492 ], [ 7.001154609024526, 43.549938812880654 ], [ 7.001154944300652, 43.54994099987577 ], [ 7.001155279576778, 43.54994318687081 ], [ 7.001155614852906, 43.549945130866355 ], [ 7.001155950129032, 43.54994731786124 ], [ 7.00115628540516, 43.54994926185664 ], [ 7.001156620681286, 43.549951448851374 ], [ 7.001156955957414, 43.549953392846646 ], [ 7.00115729123354, 43.54995557984123 ], [ 7.001157626509666, 43.54995752383636 ], [ 7.001157626509666, 43.54995825283452 ] ] ] ],
      "type" : "MultiPolygon"
    },
    "type" : "Feature",
    "properties" : {
      "zoom" : 20,
      "id" : "75b0dea4-a15a-45ff-8aec-e4a22b26a249",
      "label" : "MOISISSURE_NOIRCIE",
      "confidence" : null
    }
  }, {
    "geometry" : {
      "coordinates" : [ [ [ [ 7.001249827444554, 43.54989385796333 ], [ 7.001253850758076, 43.54989410096297 ], [ 7.001254186034204, 43.54989142796684 ], [ 7.00125351548195, 43.54989069896788 ], [ 7.001253180205822, 43.5498899699689 ], [ 7.001253850758076, 43.54988899797026 ], [ 7.001253850758076, 43.54988608197422 ], [ 7.001250833272934, 43.549885838974554 ], [ 7.00125016272068, 43.54988656797359 ], [ 7.001249827444554, 43.5498880259716 ], [ 7.0012491568923, 43.54988851197093 ], [ 7.0012491568923, 43.549892885964745 ], [ 7.001249827444554, 43.54989385796333 ] ] ] ],
      "type" : "MultiPolygon"
    },
    "type" : "Feature",
    "properties" : {
      "zoom" : 20,
      "id" : "581b5353-24cc-46ec-9f46-99f0c891b4e1",
      "label" : "MOISISSURE_NOIRCIE",
      "confidence" : null
    }
  }, {
    "geometry" : {
      "coordinates" : [ [ [ [ 7.00125887989998, 43.54993711188439 ], [ 7.001262232661248, 43.54993686888492 ], [ 7.001262567937374, 43.54993638288598 ], [ 7.001262567937374, 43.549932008895325 ], [ 7.001262232661248, 43.549930793897865 ], [ 7.001261562108994, 43.549929578900375 ], [ 7.001261562108994, 43.54992617690728 ], [ 7.001261226832868, 43.549925204909215 ], [ 7.00126089155674, 43.549923989911626 ], [ 7.001260556280614, 43.54992326091305 ], [ 7.00125988572836, 43.54992253191447 ], [ 7.00125988572836, 43.549922045915416 ], [ 7.001259215176106, 43.54992155991635 ], [ 7.001256532967092, 43.54992155991635 ], [ 7.001256197690964, 43.549922045915416 ], [ 7.00125552713871, 43.54992326091305 ], [ 7.001254186034204, 43.54992423291114 ], [ 7.00125452131033, 43.54992812090336 ], [ 7.001254186034204, 43.549930793897865 ], [ 7.00125452131033, 43.549931279896846 ], [ 7.001255862414838, 43.54993225189481 ], [ 7.001256532967092, 43.54993322389276 ], [ 7.001256532967092, 43.549934195890685 ], [ 7.001256868243218, 43.54993492488913 ], [ 7.001257203519344, 43.549935896887035 ], [ 7.00125887989998, 43.54993711188439 ] ] ] ],
      "type" : "MultiPolygon"
    },
    "type" : "Feature",
    "properties" : {
      "zoom" : 20,
      "id" : "374ad027-435c-4be6-8768-5394fbffa346",
      "label" : "MOISISSURE_NOIRCIE",
      "confidence" : null
    }
  }, {
    "geometry" : {
      "coordinates" : [ [ [ [ 7.001152597367764, 43.54980807902806 ], [ 7.001155950129032, 43.54980807902806 ], [ 7.001156620681286, 43.54980759302808 ], [ 7.001160643994808, 43.549805406028106 ], [ 7.00116164982319, 43.549805406028106 ], [ 7.00116265565157, 43.54980492002811 ], [ 7.001164667308332, 43.54980492002811 ], [ 7.001166008412838, 43.549804434028104 ], [ 7.001167349517346, 43.549804434028104 ], [ 7.001167349517346, 43.54980200402801 ], [ 7.001166678965092, 43.549801761028 ], [ 7.001165673136712, 43.549801518027984 ], [ 7.001163996756078, 43.549801518027984 ], [ 7.001162990927696, 43.54980103202794 ], [ 7.001161985099316, 43.54980054602791 ], [ 7.001161314547062, 43.54980006002787 ], [ 7.001160308718682, 43.54979981702784 ], [ 7.001158967614174, 43.549798845027745 ], [ 7.001158632338048, 43.54979835902769 ], [ 7.001158632338048, 43.54979787302763 ], [ 7.001155614852906, 43.5497976300276 ], [ 7.001154944300652, 43.54979811602766 ], [ 7.00115293264389, 43.549798845027745 ], [ 7.001151591539384, 43.549798845027745 ], [ 7.001150250434876, 43.54979835902769 ], [ 7.001149579882622, 43.54979787302763 ], [ 7.001148909330368, 43.5497976300276 ], [ 7.001148238778114, 43.5497976300276 ], [ 7.001146897673608, 43.549797144027536 ], [ 7.001146227121354, 43.54979665802746 ], [ 7.001145891845226, 43.54979592902735 ], [ 7.001145221292974, 43.54979520002723 ], [ 7.001144215464592, 43.54979495702719 ], [ 7.001143544912338, 43.54979471402714 ], [ 7.001142874360086, 43.54979422802706 ], [ 7.001137845218182, 43.549794471027106 ], [ 7.001136504113674, 43.549794471027106 ], [ 7.001136168837548, 43.54979568602732 ], [ 7.00113382190466, 43.549797144027536 ], [ 7.00113382190466, 43.5497993310278 ], [ 7.001134492456914, 43.54980006002787 ], [ 7.001134492456914, 43.549801518027984 ], [ 7.001135163009168, 43.549802733028045 ], [ 7.001136839389802, 43.54980370502809 ], [ 7.001137509942056, 43.5498039480281 ], [ 7.001140862703324, 43.5498039480281 ], [ 7.001144215464592, 43.54980370502809 ], [ 7.00114455074072, 43.549802733028045 ], [ 7.001145891845226, 43.549801761028 ], [ 7.00114656239748, 43.549801761028 ], [ 7.001147903501988, 43.54980127502797 ], [ 7.001148909330368, 43.54980127502797 ], [ 7.001149579882622, 43.54980127502797 ], [ 7.00114991515875, 43.54980249002803 ], [ 7.001149244606496, 43.54980321902807 ], [ 7.001149244606496, 43.54980564902811 ], [ 7.00114991515875, 43.54980613502811 ], [ 7.00115092098713, 43.549807107028094 ], [ 7.001151591539384, 43.54980759302808 ], [ 7.001152597367764, 43.54980807902806 ] ] ] ],
      "type" : "MultiPolygon"
    },
    "type" : "Feature",
    "properties" : {
      "zoom" : 20,
      "id" : "266c7841-3ccb-44d6-8b05-7ae78614c87a",
      "label" : "MOISISSURE_NOIRCIE",
      "confidence" : null
    }
  }, {
    "geometry" : {
      "coordinates" : [ [ [ [ 7.001259550452232, 43.54993686888492 ], [ 7.001262903213502, 43.54993686888492 ], [ 7.001263573765756, 43.54993662588546 ], [ 7.001263909041882, 43.54993613988651 ], [ 7.001263909041882, 43.54993395289121 ], [ 7.001263573765756, 43.549932980893274 ], [ 7.001263238489628, 43.549932008895325 ], [ 7.001262903213502, 43.54993152289634 ], [ 7.001262232661248, 43.549931036897355 ], [ 7.001261562108994, 43.54993006489936 ], [ 7.001261226832868, 43.54992933590087 ], [ 7.001261226832868, 43.549925447908734 ], [ 7.00126089155674, 43.54992253191447 ], [ 7.001260556280614, 43.549921802915875 ], [ 7.00125988572836, 43.54992107391728 ], [ 7.001257203519344, 43.54992107391728 ], [ 7.001256868243218, 43.549921802915875 ], [ 7.001256532967092, 43.549923989911626 ], [ 7.001256197690964, 43.54992666290631 ], [ 7.001255862414838, 43.54992933590087 ], [ 7.001255862414838, 43.54993152289634 ], [ 7.001256532967092, 43.54993225189481 ], [ 7.001256868243218, 43.549932980893274 ], [ 7.001256868243218, 43.549934195890685 ], [ 7.001257203519344, 43.54993492488913 ], [ 7.001257874071598, 43.549935896887035 ], [ 7.001258544623852, 43.54993638288598 ], [ 7.001259550452232, 43.54993686888492 ] ] ] ],
      "type" : "MultiPolygon"
    },
    "type" : "Feature",
    "properties" : {
      "zoom" : 20,
      "id" : "fd545363-31e1-4a65-9ee2-c7d3315cb575",
      "label" : "MOISISSURE_NOIRCIE",
      "confidence" : null
    }
  }, {
    "geometry" : {
      "coordinates" : [ [ [ [ 7.001377232372762, 43.55003358259652 ], [ 7.001380249857904, 43.55003358259652 ], [ 7.001380249857904, 43.55003090960657 ], [ 7.001379914581776, 43.55002872261471 ], [ 7.001379244029522, 43.55002653562277 ], [ 7.001378908753396, 43.55002434863074 ], [ 7.001378573477268, 43.55002240463778 ], [ 7.001378573477268, 43.55002070364388 ], [ 7.001372203230858, 43.55002070364388 ], [ 7.001371532678604, 43.55002118964214 ], [ 7.001371197402478, 43.550021675640394 ], [ 7.001371197402478, 43.55002459162987 ], [ 7.001371532678604, 43.55002532062721 ], [ 7.001371867954732, 43.55002629262366 ], [ 7.001373209059238, 43.55002726462009 ], [ 7.001373879611492, 43.550027750618305 ], [ 7.001375220716, 43.55002872261471 ], [ 7.001375891268254, 43.550029451612005 ], [ 7.00137622654438, 43.55003042360838 ], [ 7.001376561820508, 43.550033339597434 ], [ 7.001376897096634, 43.550033339597434 ], [ 7.001377232372762, 43.55003358259652 ] ] ] ],
      "type" : "MultiPolygon"
    },
    "type" : "Feature",
    "properties" : {
      "zoom" : 20,
      "id" : "dca24bc0-e7cb-4cb6-97d9-7bf3757b1d28",
      "label" : "MOISISSURE_NOIRCIE",
      "confidence" : null
    }
  }, {
    "geometry" : {
      "coordinates" : [ [ [ [ 7.001253850758076, 43.549893614963686 ], [ 7.001256868243218, 43.54989385796333 ], [ 7.001257538795472, 43.54989337196404 ], [ 7.001257538795472, 43.54989069896788 ], [ 7.001257203519344, 43.54988753997226 ], [ 7.001257538795472, 43.54988389497712 ], [ 7.001254856586456, 43.54988389497712 ], [ 7.00125452131033, 43.54988486697584 ], [ 7.00125452131033, 43.5498853529752 ], [ 7.001254186034204, 43.54988608197422 ], [ 7.00125351548195, 43.549886324973905 ], [ 7.00125351548195, 43.5498880259716 ], [ 7.001252844929696, 43.54988948396959 ], [ 7.001252844929696, 43.549892642965105 ], [ 7.00125351548195, 43.54989312896439 ], [ 7.001253850758076, 43.549893614963686 ] ] ] ],
      "type" : "MultiPolygon"
    },
    "type" : "Feature",
    "properties" : {
      "zoom" : 20,
      "id" : "dc8f78bf-3ec0-44db-b838-b8fdfae42e69",
      "label" : "MOISISSURE_NOIRCIE",
      "confidence" : null
    }
  }, {
    "geometry" : {
      "coordinates" : [ [ [ [ 7.001166343688966, 43.549935653887566 ], [ 7.001169361174108, 43.549935896887035 ], [ 7.001169361174108, 43.549935410888075 ], [ 7.001172043383122, 43.54993346689224 ], [ 7.00117338448763, 43.549932980893274 ], [ 7.001178078353406, 43.549932980893274 ], [ 7.00117874890566, 43.54993249489429 ], [ 7.00117874890566, 43.54993030789887 ], [ 7.001177743077278, 43.54992982189987 ], [ 7.001176401972772, 43.54992933590087 ], [ 7.001173719763756, 43.54992933590087 ], [ 7.001171037554742, 43.54992739190484 ], [ 7.001168355345726, 43.54992739190484 ], [ 7.001168355345726, 43.54992933590087 ], [ 7.001167349517346, 43.54992982189987 ], [ 7.001166678965092, 43.54993030789887 ], [ 7.001166343688966, 43.549930793897865 ], [ 7.001166343688966, 43.549935653887566 ] ] ] ],
      "type" : "MultiPolygon"
    },
    "type" : "Feature",
    "properties" : {
      "zoom" : 20,
      "id" : "ddbc84ca-3b23-499a-b2ac-0e54ac4ce2a4",
      "label" : "MOISISSURE_NOIRCIE",
      "confidence" : null
    }
  }, {
    "geometry" : {
      "coordinates" : [ [ [ [ 7.001249827444554, 43.54987441798869 ], [ 7.001252509653568, 43.54987441798869 ], [ 7.001252844929696, 43.549871501991966 ], [ 7.001252174377442, 43.5498698009938 ], [ 7.001251839101316, 43.54986639899734 ], [ 7.001251839101316, 43.5498610530025 ], [ 7.001251503825188, 43.54985716500596 ], [ 7.00125016272068, 43.549856436006586 ], [ 7.001249492168428, 43.54985595000699 ], [ 7.00124815106392, 43.54985473500799 ], [ 7.001244463026524, 43.54985473500799 ], [ 7.001244127750398, 43.54985570700719 ], [ 7.001244127750398, 43.54985619300678 ], [ 7.001243457198144, 43.54985692200616 ], [ 7.001243457198144, 43.549859838003606 ], [ 7.00124379247427, 43.54986032400316 ], [ 7.001244463026524, 43.54986081000272 ], [ 7.00124479830265, 43.54986129600228 ], [ 7.00124479830265, 43.54986178200183 ], [ 7.001245468854904, 43.54986226800137 ], [ 7.001246809959412, 43.54986299700068 ], [ 7.001246809959412, 43.54986348300021 ], [ 7.001246809959412, 43.549864211999505 ], [ 7.001246139407158, 43.549865183998556 ], [ 7.00124479830265, 43.54986566999807 ], [ 7.001244463026524, 43.54986615599758 ], [ 7.001244463026524, 43.54986809999559 ], [ 7.001245804131032, 43.54986882899483 ], [ 7.001245804131032, 43.549869557994064 ], [ 7.001247145235538, 43.549871258992226 ], [ 7.001247145235538, 43.54987320299008 ], [ 7.001247480511666, 43.54987368898953 ], [ 7.001248486340046, 43.549873931989254 ], [ 7.001249492168428, 43.54987417498898 ], [ 7.001249827444554, 43.54987441798869 ] ] ] ],
      "type" : "MultiPolygon"
    },
    "type" : "Feature",
    "properties" : {
      "zoom" : 20,
      "id" : "22f263d9-55ff-4afe-b61e-f753484a2bc0",
      "label" : "MOISISSURE_NOIRCIE",
      "confidence" : null
    }
  }, {
    "geometry" : {
      "coordinates" : [ [ [ [ 7.000351287424564, 43.5497288609794 ], [ 7.000355646014214, 43.5497291039797 ], [ 7.000356987118722, 43.549728617979085 ], [ 7.000357657670976, 43.54972813197847 ], [ 7.00035933405161, 43.54972764597784 ], [ 7.000360004603864, 43.54972740297753 ], [ 7.000360004603864, 43.54972472997401 ], [ 7.00035933405161, 43.54972400097302 ], [ 7.00035933405161, 43.54972084196867 ], [ 7.000358998775482, 43.54971914096626 ], [ 7.000358328223228, 43.5497184119652 ], [ 7.000357657670976, 43.5497179259645 ], [ 7.000357657670976, 43.54971719696344 ], [ 7.000356316566468, 43.549716224962005 ], [ 7.000355646014214, 43.549715495960925 ], [ 7.000354640185834, 43.54971476695984 ], [ 7.000351287424564, 43.54971476695984 ], [ 7.000351287424564, 43.5497288609794 ] ] ] ],
      "type" : "MultiPolygon"
    },
    "type" : "Feature",
    "properties" : {
      "zoom" : 20,
      "id" : "da374975-bac5-4205-bbb2-8ddb1870683f",
      "label" : "MOISISSURE_NOIRCIE",
      "confidence" : null
    }
  }, {
    "geometry" : {
      "coordinates" : [ [ [ [ 7.00159851461649, 43.54999737572266 ], [ 7.001601196825504, 43.54999737572266 ], [ 7.001601532101632, 43.54999518872958 ], [ 7.00160287320614, 43.549994216732635 ], [ 7.001603208482266, 43.54999300173643 ], [ 7.001603208482266, 43.54999032874469 ], [ 7.001602537930012, 43.54998984274618 ], [ 7.001597844064236, 43.54999008574542 ], [ 7.001597173511982, 43.54999057174393 ], [ 7.001596502959728, 43.549991057742446 ], [ 7.001595832407476, 43.549991300741695 ], [ 7.001595161855222, 43.54999032874469 ], [ 7.001591473817826, 43.54999032874469 ], [ 7.001591473817826, 43.549992758737176 ], [ 7.001592479646206, 43.54999300173643 ], [ 7.00159315019846, 43.54999373073415 ], [ 7.001593820750714, 43.54999373073415 ], [ 7.001594491302968, 43.549994216732635 ], [ 7.00159415602684, 43.54999640372575 ], [ 7.001595161855222, 43.54999713272343 ], [ 7.00159851461649, 43.54999737572266 ] ] ] ],
      "type" : "MultiPolygon"
    },
    "type" : "Feature",
    "properties" : {
      "zoom" : 20,
      "id" : "91878810-35ad-44bf-9116-60f28bd8e13c",
      "label" : "MOISISSURE_NOIRCIE",
      "confidence" : null
    }
  }, {
    "geometry" : {
      "coordinates" : [ [ [ [ 7.001543529331684, 43.55000588069498 ], [ 7.001547887921334, 43.55000588069498 ], [ 7.001550905406476, 43.55000563769579 ], [ 7.001551911234856, 43.550005151697405 ], [ 7.00155358761549, 43.550005151697405 ], [ 7.001554593443872, 43.550004665699014 ], [ 7.001555599272252, 43.550004422699814 ], [ 7.001557610929012, 43.550004422699814 ], [ 7.001558616757394, 43.550003936701415 ], [ 7.001560963690282, 43.550003936701415 ], [ 7.001561969518662, 43.550003693702216 ], [ 7.001562975347042, 43.55000320770381 ], [ 7.001566328108312, 43.55000296470461 ], [ 7.001571021974088, 43.55000320770381 ], [ 7.001574374735356, 43.55000320770381 ], [ 7.001576386392118, 43.55000296470461 ], [ 7.001578398048878, 43.5500027217054 ], [ 7.001579403877258, 43.550001992707784 ], [ 7.00158040970564, 43.550001020710944 ], [ 7.001580744981766, 43.55000029171331 ], [ 7.001580744981766, 43.54999931971644 ], [ 7.001581750810146, 43.54999859071878 ], [ 7.001581750810146, 43.54999640372575 ], [ 7.001580744981766, 43.54999518872958 ], [ 7.001580744981766, 43.54999470273111 ], [ 7.001581080257894, 43.54999348773492 ], [ 7.00158141553402, 43.549992758737176 ], [ 7.001582086086274, 43.54999202973944 ], [ 7.001582086086274, 43.549991300741695 ], [ 7.001583762466908, 43.54998984274618 ], [ 7.00158577412367, 43.549989599746915 ], [ 7.001587450504304, 43.54998911374839 ], [ 7.001588121056558, 43.54998911374839 ], [ 7.001589126884938, 43.54998984274618 ], [ 7.00159214437008, 43.54998984274618 ], [ 7.00159214437008, 43.54998911374839 ], [ 7.001592814922334, 43.54998838475061 ], [ 7.001592814922334, 43.54998741275355 ], [ 7.001593485474586, 43.54998692675502 ], [ 7.001594491302968, 43.54998644075648 ], [ 7.001596838235856, 43.54998644075648 ], [ 7.001597844064236, 43.54998595475794 ], [ 7.001598179340364, 43.54998425376301 ], [ 7.001598179340364, 43.54998133777159 ], [ 7.001597173511982, 43.5499806087737 ], [ 7.00159750878811, 43.54998012277512 ], [ 7.00159750878811, 43.54997963677653 ], [ 7.001598179340364, 43.54997890777863 ], [ 7.001598849892616, 43.54997866477932 ], [ 7.001599855720998, 43.54997769278211 ], [ 7.001600861549378, 43.549977206783495 ], [ 7.00160287320614, 43.549977206783495 ], [ 7.001604214310646, 43.54997623478626 ], [ 7.001604214310646, 43.54997453379105 ], [ 7.001604549586774, 43.54997404779241 ], [ 7.00160589069128, 43.54997307579512 ], [ 7.001606561243534, 43.5499728327958 ], [ 7.001609578728676, 43.5499728327958 ], [ 7.00161024928093, 43.54997307579512 ], [ 7.001610919833184, 43.54997356179377 ], [ 7.001611590385438, 43.54997380479309 ], [ 7.001614272594452, 43.54997380479309 ], [ 7.001614272594452, 43.54997161779916 ], [ 7.001613602042198, 43.549971131800504 ], [ 7.001613602042198, 43.549970645801835 ], [ 7.001613937318326, 43.5499684588078 ], [ 7.001612931489944, 43.54996821580844 ], [ 7.001611925661564, 43.5499674868104 ], [ 7.001611590385438, 43.549967000811705 ], [ 7.00161125510931, 43.54996554281559 ], [ 7.00161125510931, 43.549964570818176 ], [ 7.001610584557056, 43.54996335582137 ], [ 7.001610584557056, 43.54996262682327 ], [ 7.001604214310646, 43.5499623838239 ], [ 7.001602202653886, 43.54996262682327 ], [ 7.001600861549378, 43.54996286982263 ], [ 7.001600190997124, 43.54996335582137 ], [ 7.00159952044487, 43.549963598820725 ], [ 7.001598849892616, 43.549963598820725 ], [ 7.001598179340364, 43.54996408481945 ], [ 7.001597173511982, 43.54996505681689 ], [ 7.001595832407476, 43.54996505681689 ], [ 7.001595161855222, 43.549964813817525 ], [ 7.001594491302968, 43.54996432781881 ], [ 7.001592814922334, 43.54996432781881 ], [ 7.001591809093952, 43.54996408481945 ], [ 7.001591138541698, 43.5499638418201 ], [ 7.001589797437192, 43.54996286982263 ], [ 7.001589126884938, 43.54996214082455 ], [ 7.00158879160881, 43.54996141182642 ], [ 7.00158879160881, 43.54996019682956 ], [ 7.001589126884938, 43.54995873883328 ], [ 7.001589462161064, 43.54995800983514 ], [ 7.001590132713318, 43.54995728083698 ], [ 7.001590132713318, 43.549956794838195 ], [ 7.001590467989446, 43.54995606584002 ], [ 7.001593820750714, 43.54995387884544 ], [ 7.001594826579094, 43.549953149847234 ], [ 7.001601532101632, 43.549953392846646 ], [ 7.001602202653886, 43.549952906847835 ], [ 7.001602202653886, 43.549952177849605 ], [ 7.00160287320614, 43.549951691850794 ], [ 7.00160287320614, 43.54994926185664 ], [ 7.001602202653886, 43.54994877585779 ], [ 7.001601867377758, 43.54994828985894 ], [ 7.001601532101632, 43.54994731786124 ], [ 7.001601196825504, 43.54994634586352 ], [ 7.001601196825504, 43.54994464486747 ], [ 7.001600190997124, 43.54994391586915 ], [ 7.001599185168744, 43.54994342987026 ], [ 7.001597844064236, 43.549942943871365 ], [ 7.001596838235856, 43.549942943871365 ], [ 7.001593820750714, 43.54994172887413 ], [ 7.001590132713318, 43.54994172887413 ], [ 7.001589797437192, 43.549942214873035 ], [ 7.001589126884938, 43.54994197187359 ], [ 7.001588121056558, 43.54994124287522 ], [ 7.00158778578043, 43.54994051387687 ], [ 7.00158577412367, 43.5499397848785 ], [ 7.001579403877258, 43.5499397848785 ], [ 7.001577727496624, 43.549939298879565 ], [ 7.001572698354722, 43.549939298879565 ], [ 7.001572698354722, 43.54994124287522 ], [ 7.001573704183102, 43.54994148587468 ], [ 7.00157504528761, 43.54994148587468 ], [ 7.001576386392118, 43.54994245787248 ], [ 7.001575715839864, 43.54994342987026 ], [ 7.00157504528761, 43.54994391586915 ], [ 7.001573368906976, 43.54994415886859 ], [ 7.001572027802468, 43.54994415886859 ], [ 7.001571357250214, 43.5499436728697 ], [ 7.001571021974088, 43.54994197187359 ], [ 7.001571021974088, 43.54994051387687 ], [ 7.001570016145706, 43.54994027087741 ], [ 7.001569345593452, 43.54994002787795 ], [ 7.001564651727676, 43.54994002787795 ], [ 7.001562975347042, 43.54994051387687 ], [ 7.001560628414154, 43.54994051387687 ], [ 7.001559622585774, 43.54994124287522 ], [ 7.00155794620514, 43.54994124287522 ], [ 7.00155694037676, 43.54994197187359 ], [ 7.00155694037676, 43.54994245787248 ], [ 7.001555934548378, 43.54994318687081 ], [ 7.001554258167744, 43.54994391586915 ], [ 7.00155157595873, 43.54994585986466 ], [ 7.001550905406476, 43.54994585986466 ], [ 7.001549899578094, 43.549944887866914 ], [ 7.001549229025842, 43.549944887866914 ], [ 7.001548558473588, 43.54994415886859 ], [ 7.001544870436192, 43.54994415886859 ], [ 7.001543864607812, 43.54994464486747 ], [ 7.001543194055558, 43.54994464486747 ], [ 7.00154185295105, 43.54994415886859 ], [ 7.001536823809148, 43.54994415886859 ], [ 7.001536153256894, 43.5499436728697 ], [ 7.001529783010484, 43.54994391586915 ], [ 7.00152911245823, 43.54994391586915 ], [ 7.00152911245823, 43.54994585986466 ], [ 7.001529447734356, 43.54994901885721 ], [ 7.001529783010484, 43.549952177849605 ], [ 7.00153011828661, 43.54995533684184 ], [ 7.001530453562738, 43.5499584958339 ], [ 7.001530788838864, 43.5499616548258 ], [ 7.00153112411499, 43.549964813817525 ], [ 7.001531459391118, 43.54996797280909 ], [ 7.001531794667244, 43.549971131800504 ], [ 7.001532129943372, 43.54997429079173 ], [ 7.001532800495626, 43.54997769278211 ], [ 7.001533135771752, 43.5499810947723 ], [ 7.001533471047878, 43.54998425376301 ], [ 7.001533806324006, 43.54998741275355 ], [ 7.001534141600132, 43.54999057174393 ], [ 7.00153447687626, 43.54999373073415 ], [ 7.001534812152386, 43.549996889724206 ], [ 7.001535147428514, 43.55000004871409 ], [ 7.00153548270464, 43.55000320770381 ], [ 7.00153548270464, 43.5500053946966 ], [ 7.001536153256894, 43.55000563769579 ], [ 7.00154084712267, 43.5500053946966 ], [ 7.001542188227178, 43.5500053946966 ], [ 7.001543529331684, 43.55000588069498 ] ] ] ],
      "type" : "MultiPolygon"
    },
    "type" : "Feature",
    "properties" : {
      "zoom" : 20,
      "id" : "42d93ec7-9120-48c7-ac99-4f9b645946d7",
      "label" : "MOISISSURE_NOIRCIE",
      "confidence" : null
    }
  }, {
    "geometry" : {
      "coordinates" : [ [ [ [ 7.001498937606812, 43.54994099987577 ], [ 7.001502960920334, 43.54994124287522 ], [ 7.001509666442872, 43.54994099987577 ], [ 7.001512683928014, 43.549940756876325 ], [ 7.001514360308648, 43.54994002787795 ], [ 7.001524083316326, 43.54994002787795 ], [ 7.001525424420834, 43.549939541879034 ], [ 7.001526430249214, 43.54993905588012 ], [ 7.001527436077596, 43.549938812880654 ], [ 7.001528777182102, 43.54993856988119 ], [ 7.001534812152386, 43.549938812880654 ], [ 7.001538500189782, 43.54993856988119 ], [ 7.001540176570416, 43.54993832688173 ], [ 7.001541182398796, 43.5499378408828 ], [ 7.00154185295105, 43.5499378408828 ], [ 7.001542523503304, 43.54993735488386 ], [ 7.001543529331684, 43.54993711188439 ], [ 7.001546546816826, 43.54993735488386 ], [ 7.001549229025842, 43.54993735488386 ], [ 7.001553922891618, 43.54993711188439 ], [ 7.001554928719998, 43.54993711188439 ], [ 7.0015599578619, 43.54993711188439 ], [ 7.001560963690282, 43.54993662588546 ], [ 7.001561969518662, 43.54993638288598 ], [ 7.001564651727676, 43.54993638288598 ], [ 7.001565992832184, 43.54993613988651 ], [ 7.001567669212818, 43.549935896887035 ], [ 7.0015686750412, 43.549935653887566 ], [ 7.00156968086958, 43.54993516788861 ], [ 7.001571357250214, 43.54993492488913 ], [ 7.001576386392118, 43.54993492488913 ], [ 7.001577727496624, 43.549934438890176 ], [ 7.001578398048878, 43.54993395289121 ], [ 7.001579068601132, 43.54993395289121 ], [ 7.001580074429512, 43.54993370989174 ], [ 7.001580744981766, 43.54993322389276 ], [ 7.001581750810146, 43.549932980893274 ], [ 7.001582756638528, 43.54993249489429 ], [ 7.001586444675922, 43.54993273789378 ], [ 7.00158778578043, 43.549931765895835 ], [ 7.001588121056558, 43.549931036897355 ], [ 7.001589797437192, 43.54992982189987 ], [ 7.001590467989446, 43.549929578900375 ], [ 7.001591138541698, 43.549929578900375 ], [ 7.001592814922334, 43.54992860690236 ], [ 7.001593485474586, 43.54992812090336 ], [ 7.001593820750714, 43.54992763490434 ], [ 7.001593820750714, 43.54992714890533 ], [ 7.001594826579094, 43.549925933907765 ], [ 7.001594826579094, 43.549925447908734 ], [ 7.001595161855222, 43.549924718910184 ], [ 7.001595832407476, 43.549923989911626 ], [ 7.001599185168744, 43.54992155991635 ], [ 7.001600190997124, 43.5499198589196 ], [ 7.001600861549378, 43.54991937292052 ], [ 7.001601196825504, 43.54991888692144 ], [ 7.001601532101632, 43.5499181579228 ], [ 7.001601867377758, 43.54991718592461 ], [ 7.001601867377758, 43.54991256893299 ], [ 7.001601532101632, 43.54991135393514 ], [ 7.001600861549378, 43.549910624936416 ], [ 7.001600526273252, 43.54990989593769 ], [ 7.001600190997124, 43.54990892393936 ], [ 7.001600190997124, 43.54990843794019 ], [ 7.001598849892616, 43.549908194940606 ], [ 7.001596838235856, 43.54990770894143 ], [ 7.001596502959728, 43.54990697994266 ], [ 7.001595832407476, 43.54990649394348 ], [ 7.001595832407476, 43.5499045499467 ], [ 7.001596502959728, 43.5499038209479 ], [ 7.00159750878811, 43.54990284894948 ], [ 7.001599185168744, 43.54990187695104 ], [ 7.001599185168744, 43.549899932954126 ], [ 7.00159851461649, 43.54989944695488 ], [ 7.00159851461649, 43.54989896095563 ], [ 7.001597844064236, 43.54989823195676 ], [ 7.001597844064236, 43.5498977459575 ], [ 7.00159851461649, 43.54989701695862 ], [ 7.001600861549378, 43.54989555896081 ], [ 7.001601196825504, 43.549891670966495 ], [ 7.001600861549378, 43.54988972696925 ], [ 7.001600526273252, 43.549889240969925 ], [ 7.001599855720998, 43.5498887549706 ], [ 7.001599185168744, 43.5498887549706 ], [ 7.00159851461649, 43.54988851197093 ], [ 7.00159750878811, 43.549887782971936 ], [ 7.001596838235856, 43.54988705397292 ], [ 7.001596838235856, 43.549884380976486 ], [ 7.001596167683602, 43.54988389497712 ], [ 7.001596167683602, 43.54988340897775 ], [ 7.001595497131348, 43.54988316597806 ], [ 7.00159415602684, 43.54988316597806 ], [ 7.00159315019846, 43.549882436979 ], [ 7.00159315019846, 43.54988024998175 ], [ 7.001593485474586, 43.54987854898383 ], [ 7.00159415602684, 43.54987806298442 ], [ 7.00159415602684, 43.549873931989254 ], [ 7.001593820750714, 43.54987320299008 ], [ 7.001591809093952, 43.54987271699063 ], [ 7.001591473817826, 43.54987223099115 ], [ 7.001591473817826, 43.54987174499169 ], [ 7.00159214437008, 43.549871258992226 ], [ 7.001593820750714, 43.549871258992226 ], [ 7.00159415602684, 43.549868585995085 ], [ 7.00159415602684, 43.54986566999807 ], [ 7.001593485474586, 43.549864697999034 ], [ 7.001593485474586, 43.54986299700068 ], [ 7.00159415602684, 43.54986251100114 ], [ 7.001594826579094, 43.54986129600228 ], [ 7.001595832407476, 43.549860567002945 ], [ 7.001596502959728, 43.54985935200404 ], [ 7.001597844064236, 43.549858380004906 ], [ 7.00159952044487, 43.54985765100554 ], [ 7.001600526273252, 43.54985716500596 ], [ 7.001601196825504, 43.549856436006586 ], [ 7.001601196825504, 43.54985352000897 ], [ 7.001600861549378, 43.54985157601049 ], [ 7.001600526273252, 43.54984938901212 ], [ 7.001600190997124, 43.54984744501351 ], [ 7.001599855720998, 43.54984550101484 ], [ 7.00159952044487, 43.54984355701609 ], [ 7.001599185168744, 43.54984137001743 ], [ 7.001598849892616, 43.549839426018565 ], [ 7.00159851461649, 43.54983748201962 ], [ 7.001598179340364, 43.54983553802062 ], [ 7.001597844064236, 43.549833351021675 ], [ 7.00159750878811, 43.549831407022545 ], [ 7.001597173511982, 43.54982946302334 ], [ 7.001596838235856, 43.549827519024085 ], [ 7.001596502959728, 43.549825332024845 ], [ 7.001595832407476, 43.54982314502553 ], [ 7.001595497131348, 43.54982120102606 ], [ 7.001595161855222, 43.549819257026535 ], [ 7.001594826579094, 43.54981731302695 ], [ 7.001594491302968, 43.54981512602735 ], [ 7.00159415602684, 43.54981318202761 ], [ 7.001593820750714, 43.54981123802783 ], [ 7.001593485474586, 43.54980929402799 ], [ 7.00159315019846, 43.549807107028094 ], [ 7.001592814922334, 43.54980516302811 ], [ 7.001592479646206, 43.54980321902807 ], [ 7.00159214437008, 43.54980127502797 ], [ 7.001591809093952, 43.54979908802777 ], [ 7.001591473817826, 43.549797144027536 ], [ 7.001591138541698, 43.54979520002723 ], [ 7.001590803265572, 43.54979325602686 ], [ 7.001590803265572, 43.54979277002677 ], [ 7.001580744981766, 43.54979277002677 ], [ 7.001579739153386, 43.54979349902692 ], [ 7.001578733325006, 43.54979374202696 ], [ 7.001576721668244, 43.54979374202696 ], [ 7.001575380563736, 43.549793985027016 ], [ 7.001574710011482, 43.549794471027106 ], [ 7.00157403945923, 43.549794471027106 ], [ 7.001573368906976, 43.54979422802706 ], [ 7.001572698354722, 43.54979349902692 ], [ 7.00157169252634, 43.54979325602686 ], [ 7.001570351421834, 43.54979277002677 ], [ 7.001534812152386, 43.54979277002677 ], [ 7.001534812152386, 43.54979544302727 ], [ 7.001534141600132, 43.54979592902735 ], [ 7.001532465219498, 43.54979568602732 ], [ 7.001532465219498, 43.54979520002723 ], [ 7.001532129943372, 43.54979471402714 ], [ 7.001530788838864, 43.54979374202696 ], [ 7.001530453562738, 43.54979277002677 ], [ 7.001508660614492, 43.54979277002677 ], [ 7.00150765478611, 43.54979374202696 ], [ 7.001506984233856, 43.549793985027016 ], [ 7.00150564312935, 43.54979422802706 ], [ 7.001504302024842, 43.54979422802706 ], [ 7.001503631472588, 43.54979471402714 ], [ 7.001503631472588, 43.54979617202739 ], [ 7.001502960920334, 43.5497976300276 ], [ 7.001502960920334, 43.549800303027894 ], [ 7.001502625644208, 43.54980103202794 ], [ 7.001501619815826, 43.549801761028 ], [ 7.001500949263574, 43.54980200402801 ], [ 7.00150027871132, 43.54980200402801 ], [ 7.001498937606812, 43.549801761028 ], [ 7.001497931778432, 43.54980127502797 ], [ 7.001496590673924, 43.54980127502797 ], [ 7.001495249569416, 43.54980078902793 ], [ 7.001494579017162, 43.549800303027894 ], [ 7.001494243741036, 43.54979957402782 ], [ 7.001494243741036, 43.54979908802777 ], [ 7.00149390846491, 43.54979835902769 ], [ 7.001492902636528, 43.54979787302763 ], [ 7.001492232084274, 43.549797387027574 ], [ 7.001491226255894, 43.54979641502743 ], [ 7.001490890979768, 43.54979592902735 ], [ 7.001490890979768, 43.54979277002677 ], [ 7.001483514904976, 43.54979277002677 ], [ 7.001482509076596, 43.54979325602686 ], [ 7.001482509076596, 43.54979665802746 ], [ 7.001482844352722, 43.54979957402782 ], [ 7.00148317962885, 43.54980249002803 ], [ 7.001483514904976, 43.549805406028106 ], [ 7.001483850181104, 43.54980832202804 ], [ 7.00148418545723, 43.54981123802783 ], [ 7.001484520733356, 43.549814397027454 ], [ 7.001484856009484, 43.54981731302695 ], [ 7.001485526561738, 43.549819743026426 ], [ 7.001485526561738, 43.54982314502553 ], [ 7.001485861837864, 43.5498260610246 ], [ 7.001486197113992, 43.54982897702353 ], [ 7.001486532390118, 43.549831893022336 ], [ 7.001486867666246, 43.54983480902098 ], [ 7.001487202942372, 43.54983796801937 ], [ 7.001487538218498, 43.54984088401772 ], [ 7.001487873494626, 43.549843800015935 ], [ 7.001488208770752, 43.54984671601401 ], [ 7.00148854404688, 43.54984963201195 ], [ 7.001488879323006, 43.54985254800974 ], [ 7.001489214599134, 43.54985546400739 ], [ 7.00148954987526, 43.54985862300469 ], [ 7.001489885151386, 43.549861539002045 ], [ 7.001490220427514, 43.549864454999266 ], [ 7.00149055570364, 43.549867370996346 ], [ 7.001490890979768, 43.54987028699327 ], [ 7.001491226255894, 43.54987320299008 ], [ 7.001491561532022, 43.54987611898672 ], [ 7.001491896808148, 43.54987903498324 ], [ 7.001492567360402, 43.549882436979 ], [ 7.001492902636528, 43.5498853529752 ], [ 7.001493237912656, 43.549888268971266 ], [ 7.001493573188782, 43.54989118496719 ], [ 7.00149390846491, 43.54989410096297 ], [ 7.001494243741036, 43.54989701695862 ], [ 7.001494579017162, 43.549899932954126 ], [ 7.00149491429329, 43.54990309194908 ], [ 7.001495249569416, 43.5499060079443 ], [ 7.001495584845544, 43.54990892393936 ], [ 7.00149592012167, 43.54991183993428 ], [ 7.001496255397798, 43.54991475592907 ], [ 7.001496590673924, 43.549917671923716 ], [ 7.00149692595005, 43.549920587918216 ], [ 7.001497261226178, 43.549923503912574 ], [ 7.001497596502304, 43.54992666290631 ], [ 7.001497931778432, 43.549929578900375 ], [ 7.001498267054558, 43.54993249489429 ], [ 7.001498602330686, 43.549935410888075 ], [ 7.001498937606812, 43.54993832688173 ], [ 7.001498937606812, 43.54994099987577 ] ] ] ],
      "type" : "MultiPolygon"
    },
    "type" : "Feature",
    "properties" : {
      "zoom" : 20,
      "id" : "bc1fa14f-f37a-4df9-9310-38cf04060155",
      "label" : "MOISISSURE_NOIRCIE",
      "confidence" : null
    }
  }, {
    "geometry" : {
      "coordinates" : [ [ [ [ 7.001614943146706, 43.54995436484425 ], [ 7.001617625355722, 43.54995436484425 ], [ 7.001617625355722, 43.54995242084901 ], [ 7.001614943146706, 43.54995242084901 ], [ 7.001614943146706, 43.54995436484425 ] ] ] ],
      "type" : "MultiPolygon"
    },
    "type" : "Feature",
    "properties" : {
      "zoom" : 20,
      "id" : "b93530ac-6007-4937-9c94-b50705f059c6",
      "label" : "MOISISSURE_NOIRCIE",
      "confidence" : null
    }
  }, {
    "geometry" : {
      "coordinates" : [ [ [ [ 7.001583427190782, 43.549985468759395 ], [ 7.00158677995205, 43.54998522576012 ], [ 7.00158778578043, 43.549983767764445 ], [ 7.001588121056558, 43.54998279576731 ], [ 7.001588121056558, 43.5499806087737 ], [ 7.00158677995205, 43.5499806087737 ], [ 7.001586109399796, 43.54998036577442 ], [ 7.001585438847542, 43.54997987977582 ], [ 7.0015824213624, 43.54998012277512 ], [ 7.001582086086274, 43.5499806087737 ], [ 7.001582086086274, 43.5499810947723 ], [ 7.00158141553402, 43.54998158077087 ], [ 7.00158141553402, 43.54998498276084 ], [ 7.001582756638528, 43.54998498276084 ], [ 7.001583427190782, 43.549985468759395 ] ] ] ],
      "type" : "MultiPolygon"
    },
    "type" : "Feature",
    "properties" : {
      "zoom" : 20,
      "id" : "644caea3-2282-4e72-aea4-7e8e9a7952fa",
      "label" : "MOISISSURE_NOIRCIE",
      "confidence" : null
    }
  }, {
    "geometry" : {
      "coordinates" : [ [ [ [ 7.001619637012482, 43.54998595475794 ], [ 7.00162298977375, 43.54998595475794 ], [ 7.001622654497624, 43.54998352476517 ], [ 7.001622654497624, 43.5499830387666 ], [ 7.00161997228861, 43.5499830387666 ], [ 7.001619637012482, 43.54998352476517 ], [ 7.001619637012482, 43.54998595475794 ] ] ] ],
      "type" : "MultiPolygon"
    },
    "type" : "Feature",
    "properties" : {
      "zoom" : 20,
      "id" : "852e6853-e943-4b1d-a998-33c8793f2fcb",
      "label" : "MOISISSURE_NOIRCIE",
      "confidence" : null
    }
  }, {
    "geometry" : {
      "coordinates" : [ [ [ [ 7.001596838235856, 43.5499519348502 ], [ 7.001601196825504, 43.5499519348502 ], [ 7.001602202653886, 43.549951691850794 ], [ 7.001603543758392, 43.54995071985314 ], [ 7.00160387903452, 43.54995023385431 ], [ 7.00160387903452, 43.54994780386009 ], [ 7.001603543758392, 43.54994537386579 ], [ 7.001603208482266, 43.54994464486747 ], [ 7.001599185168744, 43.54994172887413 ], [ 7.00159851461649, 43.54994148587468 ], [ 7.00159750878811, 43.54994124287522 ], [ 7.001594491302968, 43.54994124287522 ], [ 7.001592479646206, 43.54994148587468 ], [ 7.001591138541698, 43.54994197187359 ], [ 7.001590467989446, 43.54994245787248 ], [ 7.001586444675922, 43.54994245787248 ], [ 7.001585438847542, 43.54994318687081 ], [ 7.001584433019162, 43.54994342987026 ], [ 7.001584097743034, 43.54994391586915 ], [ 7.001584097743034, 43.54994585986466 ], [ 7.001584768295288, 43.549946831862385 ], [ 7.001584768295288, 43.54994926185664 ], [ 7.001585438847542, 43.54994950485606 ], [ 7.00158677995205, 43.54994974785547 ], [ 7.00158778578043, 43.54994974785547 ], [ 7.00158879160881, 43.54994999085489 ], [ 7.001589797437192, 43.54995047685372 ], [ 7.001590467989446, 43.54995047685372 ], [ 7.00159214437008, 43.54995120585197 ], [ 7.001593485474586, 43.549951448851374 ], [ 7.001594826579094, 43.549951691850794 ], [ 7.001596838235856, 43.5499519348502 ] ] ] ],
      "type" : "MultiPolygon"
    },
    "type" : "Feature",
    "properties" : {
      "zoom" : 20,
      "id" : "0b8693db-71a3-4bd9-b994-baec5670c0e8",
      "label" : "MOISISSURE_NOIRCIE",
      "confidence" : null
    }
  }, {
    "geometry" : {
      "coordinates" : [ [ [ [ 7.00154822319746, 43.54996797280909 ], [ 7.001555934548378, 43.54996797280909 ], [ 7.001557275652886, 43.549967000811705 ], [ 7.001559287309648, 43.54996675781236 ], [ 7.001560963690282, 43.54996675781236 ], [ 7.001561298966408, 43.5499660288143 ], [ 7.001562640070916, 43.54996529981625 ], [ 7.00156431645155, 43.54996505681689 ], [ 7.001564987003804, 43.54996505681689 ], [ 7.001564987003804, 43.5499616548258 ], [ 7.001566328108312, 43.549960439828936 ], [ 7.001566998660564, 43.54995995383018 ], [ 7.001568339765072, 43.54995946783142 ], [ 7.001573368906976, 43.54995946783142 ], [ 7.001573704183102, 43.54995776683575 ], [ 7.001573704183102, 43.5499565518388 ], [ 7.00157403945923, 43.54995582284063 ], [ 7.001574710011482, 43.54995509384244 ], [ 7.00157504528761, 43.549953149847234 ], [ 7.00157504528761, 43.54995047685372 ], [ 7.001574374735356, 43.54994950485606 ], [ 7.00157403945923, 43.54994804685953 ], [ 7.00157403945923, 43.54994707486182 ], [ 7.001573704183102, 43.54994658886295 ], [ 7.001572698354722, 43.54994634586352 ], [ 7.001571357250214, 43.54994585986466 ], [ 7.001570351421834, 43.54994537386579 ], [ 7.001569010317326, 43.54994415886859 ], [ 7.001568004488946, 43.54994342987026 ], [ 7.001566998660564, 43.54994318687081 ], [ 7.001566328108312, 43.54994270087193 ], [ 7.001565657556058, 43.54994245787248 ], [ 7.001564651727676, 43.549942214873035 ], [ 7.001561969518662, 43.549942214873035 ], [ 7.001560963690282, 43.54994270087193 ], [ 7.001560293138028, 43.54994318687081 ], [ 7.00155895203352, 43.54994391586915 ], [ 7.001557610929012, 43.54994464486747 ], [ 7.00155694037676, 43.549945130866355 ], [ 7.001556269824506, 43.54994561686522 ], [ 7.001555599272252, 43.54994610286409 ], [ 7.001553922891618, 43.54994707486182 ], [ 7.001552917063236, 43.549947560860666 ], [ 7.001551911234856, 43.54994780386009 ], [ 7.001549229025842, 43.54994974785547 ], [ 7.00154822319746, 43.54994974785547 ], [ 7.001547552645206, 43.54994950485606 ], [ 7.0015462115407, 43.549948532858366 ], [ 7.0015462115407, 43.54994464486747 ], [ 7.001545205712318, 43.54994415886859 ], [ 7.00154185295105, 43.54994415886859 ], [ 7.00154084712267, 43.5499436728697 ], [ 7.00153648853302, 43.5499436728697 ], [ 7.00153548270464, 43.54994415886859 ], [ 7.001534812152386, 43.54994464486747 ], [ 7.001533471047878, 43.549945130866355 ], [ 7.001532800495626, 43.549945130866355 ], [ 7.00153011828661, 43.54994610286409 ], [ 7.001529447734356, 43.54994658886295 ], [ 7.001529447734356, 43.54994901885721 ], [ 7.001529783010484, 43.549952177849605 ], [ 7.00153011828661, 43.54995533684184 ], [ 7.001530788838864, 43.54995873883328 ], [ 7.00153112411499, 43.54996189782517 ], [ 7.00153112411499, 43.549964813817525 ], [ 7.001533471047878, 43.54996529981625 ], [ 7.001535147428514, 43.54996554281559 ], [ 7.001540176570416, 43.54996554281559 ], [ 7.00154185295105, 43.54996627181366 ], [ 7.001542523503304, 43.54996627181366 ], [ 7.001543529331684, 43.549967000811705 ], [ 7.001544535160066, 43.54996724381106 ], [ 7.001545876264572, 43.54996724381106 ], [ 7.00154721736908, 43.54996772980976 ], [ 7.00154822319746, 43.54996797280909 ] ] ] ],
      "type" : "MultiPolygon"
    },
    "type" : "Feature",
    "properties" : {
      "zoom" : 20,
      "id" : "fa055c97-4d50-4f8b-8bb3-cfedf6e7b131",
      "label" : "MOISISSURE_NOIRCIE",
      "confidence" : null
    }
  }, {
    "geometry" : {
      "coordinates" : [ [ [ [ 7.00151938945055, 43.54993516788861 ], [ 7.001522071659566, 43.54993516788861 ], [ 7.00152274221182, 43.54993468188965 ], [ 7.0015237480402, 43.54993395289121 ], [ 7.001524083316326, 43.54993346689224 ], [ 7.001524083316326, 43.54993152289634 ], [ 7.00152274221182, 43.54993055089837 ], [ 7.001520060002804, 43.54993055089837 ], [ 7.001517713069916, 43.549930793897865 ], [ 7.001517042517662, 43.549931036897355 ], [ 7.00151737779379, 43.54993322389276 ], [ 7.00151838362217, 43.54993346689224 ], [ 7.001519054174424, 43.54993395289121 ], [ 7.00151938945055, 43.549934438890176 ], [ 7.00151938945055, 43.54993516788861 ] ] ] ],
      "type" : "MultiPolygon"
    },
    "type" : "Feature",
    "properties" : {
      "zoom" : 20,
      "id" : "70a3651f-4fc6-44ca-85df-de451719b965",
      "label" : "MOISISSURE_NOIRCIE",
      "confidence" : null
    }
  }, {
    "geometry" : {
      "coordinates" : [ [ [ [ 7.00155694037676, 43.549935896887035 ], [ 7.001560628414154, 43.549935896887035 ], [ 7.001561634242536, 43.549935653887566 ], [ 7.001562304794788, 43.54993516788861 ], [ 7.001563645899296, 43.54993468188965 ], [ 7.00156431645155, 43.54993468188965 ], [ 7.00156532227993, 43.549934195890685 ], [ 7.001566328108312, 43.549934195890685 ], [ 7.001567333936692, 43.54993395289121 ], [ 7.001568004488946, 43.54993346689224 ], [ 7.0015686750412, 43.54993346689224 ], [ 7.001571021974088, 43.54993249489429 ], [ 7.00157169252634, 43.54993249489429 ], [ 7.001572698354722, 43.54993225189481 ], [ 7.001574710011482, 43.54993152289634 ], [ 7.00157705694437, 43.54993006489936 ], [ 7.001577727496624, 43.549929092901365 ], [ 7.001578062772752, 43.54992812090336 ], [ 7.001578062772752, 43.54992739190484 ], [ 7.001578733325006, 43.54992641990679 ], [ 7.001579403877258, 43.549925933907765 ], [ 7.001580074429512, 43.5499249619097 ], [ 7.001580074429512, 43.549921802915875 ], [ 7.00158040970564, 43.54992107391728 ], [ 7.001581080257894, 43.549920344918675 ], [ 7.001582756638528, 43.54991937292052 ], [ 7.001582756638528, 43.54991645692596 ], [ 7.001580074429512, 43.54991645692596 ], [ 7.001579403877258, 43.549916942925066 ], [ 7.001577392220498, 43.549917671923716 ], [ 7.001575715839864, 43.549917671923716 ], [ 7.001574710011482, 43.5499181579228 ], [ 7.001573704183102, 43.54991840092235 ], [ 7.001572363078594, 43.5499186439219 ], [ 7.001568339765072, 43.5499186439219 ], [ 7.001566328108312, 43.54991840092235 ], [ 7.001565657556058, 43.549917914923256 ], [ 7.00156431645155, 43.549917671923716 ], [ 7.001563645899296, 43.549917671923716 ], [ 7.001562640070916, 43.549916942925066 ], [ 7.001561969518662, 43.54991597092685 ], [ 7.001561969518662, 43.54991524192818 ], [ 7.001559287309648, 43.54991524192818 ], [ 7.00155895203352, 43.5499157279273 ], [ 7.001558616757394, 43.54991645692596 ], [ 7.001558281481266, 43.54991718592461 ], [ 7.00155794620514, 43.54991840092235 ], [ 7.00155794620514, 43.549922045915416 ], [ 7.001557610929012, 43.54992253191447 ], [ 7.00155694037676, 43.54992301791353 ], [ 7.001556605100632, 43.549923503912574 ], [ 7.001556605100632, 43.549923989911626 ], [ 7.001555934548378, 43.549924718910184 ], [ 7.001555934548378, 43.549925204909215 ], [ 7.001555599272252, 43.54992569090825 ], [ 7.001554593443872, 43.54992641990679 ], [ 7.00155358761549, 43.54992641990679 ], [ 7.001552246510984, 43.549925204909215 ], [ 7.001549899578094, 43.54992374691209 ], [ 7.001549229025842, 43.549923503912574 ], [ 7.00154822319746, 43.54992326091305 ], [ 7.001547552645206, 43.54992326091305 ], [ 7.0015462115407, 43.549922288914935 ], [ 7.001544535160066, 43.549922045915416 ], [ 7.001544199883938, 43.54992155991635 ], [ 7.001544199883938, 43.54992107391728 ], [ 7.001543864607812, 43.549920587918216 ], [ 7.001543194055558, 43.5499198589196 ], [ 7.00154185295105, 43.54991888692144 ], [ 7.001541182398796, 43.5499181579228 ], [ 7.001540511846542, 43.54991742892416 ], [ 7.001540176570416, 43.54991669992552 ], [ 7.001540176570416, 43.54991548492774 ], [ 7.001537159085274, 43.54991524192818 ], [ 7.001535817980766, 43.54991548492774 ], [ 7.00153548270464, 43.54991645692596 ], [ 7.001532800495626, 43.54991669992552 ], [ 7.001531794667244, 43.54991718592461 ], [ 7.00153112411499, 43.54991718592461 ], [ 7.001530453562738, 43.54991742892416 ], [ 7.001528777182102, 43.5499186439219 ], [ 7.001527771353722, 43.5499186439219 ], [ 7.001526094973088, 43.54991961592006 ], [ 7.001525424420834, 43.54992010191914 ], [ 7.00152475386858, 43.54992107391728 ], [ 7.001525089144708, 43.549924475910665 ], [ 7.001527771353722, 43.549925447908734 ], [ 7.001530788838864, 43.549925447908734 ], [ 7.001532129943372, 43.549925204909215 ], [ 7.001533806324006, 43.54992569090825 ], [ 7.00153447687626, 43.54992641990679 ], [ 7.001534812152386, 43.54992714890533 ], [ 7.001534812152386, 43.54992836390286 ], [ 7.001535147428514, 43.54992884990187 ], [ 7.00153648853302, 43.549929578900375 ], [ 7.001537159085274, 43.54993006489936 ], [ 7.001537494361402, 43.549931036897355 ], [ 7.001537829637528, 43.549931765895835 ], [ 7.001537829637528, 43.54993322389276 ], [ 7.001540511846542, 43.54993322389276 ], [ 7.001542523503304, 43.54993152289634 ], [ 7.001545876264572, 43.54993152289634 ], [ 7.001546882092954, 43.549932008895325 ], [ 7.001550234854222, 43.549931765895835 ], [ 7.001552246510984, 43.54993225189481 ], [ 7.001552917063236, 43.549932980893274 ], [ 7.00155358761549, 43.54993370989174 ], [ 7.001553922891618, 43.549934195890685 ], [ 7.001554258167744, 43.54993492488913 ], [ 7.001555263996124, 43.549935410888075 ], [ 7.001555934548378, 43.549935653887566 ], [ 7.00155694037676, 43.549935896887035 ] ] ] ],
      "type" : "MultiPolygon"
    },
    "type" : "Feature",
    "properties" : {
      "zoom" : 20,
      "id" : "4431b919-3f14-46a9-a019-4d25384e3bdc",
      "label" : "MOISISSURE_NOIRCIE",
      "confidence" : null
    }
  }, {
    "geometry" : {
      "coordinates" : [ [ [ [ 7.00155895203352, 43.54991378393082 ], [ 7.001562640070916, 43.54991402693038 ], [ 7.001564651727676, 43.54991256893299 ], [ 7.001564987003804, 43.54991208293386 ], [ 7.001564987003804, 43.54991159693471 ], [ 7.001565657556058, 43.549910624936416 ], [ 7.001566328108312, 43.549910138937264 ], [ 7.001566998660564, 43.54990916693894 ], [ 7.001567333936692, 43.54990843794019 ], [ 7.001567333936692, 43.54990625094389 ], [ 7.001567669212818, 43.54990552194511 ], [ 7.0015686750412, 43.54990479294631 ], [ 7.00157068669796, 43.5499040639475 ], [ 7.00157169252634, 43.5499040639475 ], [ 7.001573368906976, 43.54990333494869 ], [ 7.00157403945923, 43.54990333494869 ], [ 7.00157504528761, 43.54990333494869 ], [ 7.00157605111599, 43.5499035779483 ], [ 7.001576721668244, 43.5499040639475 ], [ 7.001577727496624, 43.549905035945905 ], [ 7.001577727496624, 43.54990552194511 ], [ 7.001579739153386, 43.54990697994266 ], [ 7.001585103571416, 43.54990673694307 ], [ 7.001587450504304, 43.54990673694307 ], [ 7.001592814922334, 43.54990697994266 ], [ 7.001592814922334, 43.5499060079443 ], [ 7.001593485474586, 43.5499052789455 ], [ 7.001593820750714, 43.549904306947106 ], [ 7.001593820750714, 43.549901147952205 ], [ 7.001593485474586, 43.549899932954126 ], [ 7.00159315019846, 43.54989944695488 ], [ 7.001591809093952, 43.54989847495638 ], [ 7.001591138541698, 43.54989847495638 ], [ 7.001590132713318, 43.5498977459575 ], [ 7.00158879160881, 43.54989725995824 ], [ 7.001588121056558, 43.54989725995824 ], [ 7.001587115228176, 43.54989653095935 ], [ 7.00158677995205, 43.549896044960086 ], [ 7.001586444675922, 43.54989531596117 ], [ 7.001586444675922, 43.54989458696227 ], [ 7.00158577412367, 43.549893614963686 ], [ 7.001584768295288, 43.549892885964745 ], [ 7.001584433019162, 43.54989191396615 ], [ 7.001584433019162, 43.54988656797359 ], [ 7.001580744981766, 43.54988681097325 ], [ 7.001579403877258, 43.54988681097325 ], [ 7.001578398048878, 43.54988656797359 ], [ 7.001577392220498, 43.54988608197422 ], [ 7.001576721668244, 43.54988608197422 ], [ 7.00157605111599, 43.54988559597488 ], [ 7.00157605111599, 43.54988486697584 ], [ 7.00157705694437, 43.5498841379768 ], [ 7.001577727496624, 43.54988365197743 ], [ 7.001578398048878, 43.54988340897775 ], [ 7.00158040970564, 43.54988340897775 ], [ 7.001582086086274, 43.54988267997868 ], [ 7.001585438847542, 43.54988267997868 ], [ 7.00158577412367, 43.54988195097962 ], [ 7.001586109399796, 43.54988122198053 ], [ 7.001587115228176, 43.54988049298145 ], [ 7.00158778578043, 43.54987952098264 ], [ 7.00158778578043, 43.54987660498615 ], [ 7.001587115228176, 43.54987611898672 ], [ 7.00158677995205, 43.54987538998758 ], [ 7.00158677995205, 43.54987417498898 ], [ 7.001586109399796, 43.54987320299008 ], [ 7.001586109399796, 43.54987198799142 ], [ 7.00158577412367, 43.549871015992494 ], [ 7.001584097743034, 43.549868585995085 ], [ 7.001583427190782, 43.54986809999559 ], [ 7.001582756638528, 43.5498676139961 ], [ 7.001579403877258, 43.549867370996346 ], [ 7.001578733325006, 43.549867856995846 ], [ 7.001575380563736, 43.54986809999559 ], [ 7.00157504528761, 43.54986882899483 ], [ 7.001573704183102, 43.5498698009938 ], [ 7.001572027802468, 43.549870772992755 ], [ 7.001571357250214, 43.549871015992494 ], [ 7.001570351421834, 43.549871258992226 ], [ 7.00156968086958, 43.549871258992226 ], [ 7.001568339765072, 43.549871501991966 ], [ 7.001566663384438, 43.54987271699063 ], [ 7.001566328108312, 43.54987320299008 ], [ 7.001565992832184, 43.549873931989254 ], [ 7.001565657556058, 43.54987490398815 ], [ 7.001565657556058, 43.54987684798587 ], [ 7.001565992832184, 43.54987733398529 ], [ 7.001566663384438, 43.54987806298442 ], [ 7.001567333936692, 43.54987854898383 ], [ 7.001567333936692, 43.54987903498324 ], [ 7.001568004488946, 43.54987976398235 ], [ 7.001568004488946, 43.54988024998175 ], [ 7.001568339765072, 43.54988097898084 ], [ 7.00156968086958, 43.54988195097962 ], [ 7.001570016145706, 43.549882436979 ], [ 7.001570016145706, 43.54988365197743 ], [ 7.001569010317326, 43.549884380976486 ], [ 7.001568339765072, 43.54988486697584 ], [ 7.001567669212818, 43.54988510997553 ], [ 7.001566663384438, 43.5498853529752 ], [ 7.00156532227993, 43.54988559597488 ], [ 7.001563981175424, 43.54988559597488 ], [ 7.001562640070916, 43.5498853529752 ], [ 7.001560628414154, 43.54988389497712 ], [ 7.001559622585774, 43.54988365197743 ], [ 7.00155694037676, 43.54988365197743 ], [ 7.001555934548378, 43.54988292297838 ], [ 7.001555934548378, 43.549882436979 ], [ 7.001551911234856, 43.54988219397931 ], [ 7.001549899578094, 43.54988267997868 ], [ 7.001546882092954, 43.54988267997868 ], [ 7.0015462115407, 43.549882436979 ], [ 7.001544535160066, 43.54988122198053 ], [ 7.001544199883938, 43.54988049298145 ], [ 7.001543864607812, 43.54987952098264 ], [ 7.001543864607812, 43.54987587598701 ], [ 7.001543529331684, 43.54987490398815 ], [ 7.00154285877943, 43.5498734459898 ], [ 7.001542523503304, 43.54987223099115 ], [ 7.001542188227178, 43.549871015992494 ], [ 7.001542188227178, 43.54987052999302 ], [ 7.00153548270464, 43.54987052999302 ], [ 7.001534812152386, 43.54987028699327 ], [ 7.00153447687626, 43.549869557994064 ], [ 7.001537494361402, 43.54986712799659 ], [ 7.001538500189782, 43.549866641997085 ], [ 7.001538835465908, 43.54986591299783 ], [ 7.001539170742036, 43.54986542699831 ], [ 7.00153984129429, 43.54986494099878 ], [ 7.00153984129429, 43.54986372599998 ], [ 7.001540511846542, 43.54986324000045 ], [ 7.001540511846542, 43.54986081000272 ], [ 7.001541182398796, 43.54986008100338 ], [ 7.001541182398796, 43.54985959500383 ], [ 7.001542523503304, 43.54985765100554 ], [ 7.001544535160066, 43.54985619300678 ], [ 7.001545540988446, 43.54985595000699 ], [ 7.001546882092954, 43.54985570700719 ], [ 7.00154822319746, 43.54985546400739 ], [ 7.001549899578094, 43.54985522100759 ], [ 7.001550905406476, 43.54985522100759 ], [ 7.00155157595873, 43.549854978007794 ], [ 7.001552246510984, 43.54985424900839 ], [ 7.00155258178711, 43.54985352000897 ], [ 7.001554258167744, 43.54985230500993 ], [ 7.001554928719998, 43.54985133301068 ], [ 7.001554928719998, 43.5498491460123 ], [ 7.001554593443872, 43.54984866001265 ], [ 7.00155258178711, 43.54984720201368 ], [ 7.001551911234856, 43.54984647301418 ], [ 7.001551240682602, 43.54984550101484 ], [ 7.001551240682602, 43.54984331401624 ], [ 7.001551911234856, 43.5498425850167 ], [ 7.001551911234856, 43.549842099017 ], [ 7.001552246510984, 43.54984137001743 ], [ 7.00155258178711, 43.54984088401772 ], [ 7.001553252339364, 43.549840398018 ], [ 7.00155358761549, 43.549839426018565 ], [ 7.001554258167744, 43.5498391830187 ], [ 7.001556269824506, 43.5498391830187 ], [ 7.00155794620514, 43.54983869701896 ], [ 7.0015599578619, 43.54983869701896 ], [ 7.001560628414154, 43.549838454019095 ], [ 7.001561969518662, 43.54983748201962 ], [ 7.001562640070916, 43.54983675302 ], [ 7.00156331062317, 43.5498357810205 ], [ 7.00156331062317, 43.54983116402264 ], [ 7.001563645899296, 43.54983043502295 ], [ 7.001563981175424, 43.54982970602324 ], [ 7.001564987003804, 43.54982897702353 ], [ 7.001565992832184, 43.54982873402363 ], [ 7.001567669212818, 43.549827276024175 ], [ 7.001568339765072, 43.54982630402452 ], [ 7.001568339765072, 43.54982557502477 ], [ 7.0015686750412, 43.549824846025 ], [ 7.001569010317326, 43.54982436002515 ], [ 7.001571357250214, 43.549822659025665 ], [ 7.001572698354722, 43.54982217302581 ], [ 7.001573368906976, 43.54982217302581 ], [ 7.00157504528761, 43.54982120102606 ], [ 7.001576721668244, 43.54981998602637 ], [ 7.001577392220498, 43.549819743026426 ], [ 7.001578733325006, 43.54981950002649 ], [ 7.001579739153386, 43.549819743026426 ], [ 7.001580744981766, 43.54982047202625 ], [ 7.001580744981766, 43.54982120102606 ], [ 7.00158040970564, 43.549821930025864 ], [ 7.001579403877258, 43.54982217302581 ], [ 7.001578733325006, 43.549822659025665 ], [ 7.001578398048878, 43.549823388025445 ], [ 7.001578398048878, 43.54982387402531 ], [ 7.001577727496624, 43.54982436002515 ], [ 7.001577392220498, 43.54982508902492 ], [ 7.00157605111599, 43.54982557502477 ], [ 7.001575380563736, 43.5498260610246 ], [ 7.001574710011482, 43.549827033024265 ], [ 7.001574710011482, 43.54983116402264 ], [ 7.001574374735356, 43.549831893022336 ], [ 7.001573704183102, 43.54983262202201 ], [ 7.001573033630848, 43.54983310802179 ], [ 7.001573033630848, 43.54983529502074 ], [ 7.001573704183102, 43.54983553802062 ], [ 7.001573704183102, 43.54983602402038 ], [ 7.001574374735356, 43.54983651002013 ], [ 7.001573368906976, 43.54983675302 ], [ 7.001573368906976, 43.549839426018565 ], [ 7.00157504528761, 43.549839426018565 ], [ 7.00157605111599, 43.549839912018285 ], [ 7.001579403877258, 43.549839912018285 ], [ 7.001580074429512, 43.549839426018565 ], [ 7.001580744981766, 43.54984015501814 ], [ 7.001581080257894, 43.54984088401772 ], [ 7.00158141553402, 43.549841856017146 ], [ 7.00158141553402, 43.54984331401624 ], [ 7.001582086086274, 43.54984404301579 ], [ 7.001582086086274, 43.54984452901547 ], [ 7.001581750810146, 43.54984501501515 ], [ 7.001581080257894, 43.54984550101484 ], [ 7.001580074429512, 43.549845744014675 ], [ 7.001576721668244, 43.54984550101484 ], [ 7.001576386392118, 43.54984623001434 ], [ 7.00157504528761, 43.54984720201368 ], [ 7.001574710011482, 43.54984768801334 ], [ 7.001574374735356, 43.54984841701282 ], [ 7.001574374735356, 43.54985084701104 ], [ 7.00157504528761, 43.54985157601049 ], [ 7.001575380563736, 43.54985230500993 ], [ 7.001575380563736, 43.54985327700917 ], [ 7.00157605111599, 43.54985424900839 ], [ 7.00157605111599, 43.54985522100759 ], [ 7.001576721668244, 43.54985619300678 ], [ 7.001577392220498, 43.54985692200616 ], [ 7.001578398048878, 43.54985765100554 ], [ 7.001579068601132, 43.54985813700513 ], [ 7.001581750810146, 43.54985813700513 ], [ 7.001582756638528, 43.54985789400533 ], [ 7.00158577412367, 43.549856436006586 ], [ 7.001586444675922, 43.54985595000699 ], [ 7.001587450504304, 43.54985595000699 ], [ 7.001587450504304, 43.549854978007794 ], [ 7.001588121056558, 43.549854492008194 ], [ 7.001588456332684, 43.549853763008784 ], [ 7.001591473817826, 43.54985352000897 ], [ 7.00159214437008, 43.54985327700917 ], [ 7.001591809093952, 43.549850604011226 ], [ 7.001591138541698, 43.5498503610114 ], [ 7.00158778578043, 43.5498503610114 ], [ 7.001587450504304, 43.54984938901212 ], [ 7.001588121056558, 43.549848174013 ], [ 7.00158879160881, 43.54984793101316 ], [ 7.00159415602684, 43.54984793101316 ], [ 7.00159415602684, 43.54984647301418 ], [ 7.001594826579094, 43.549845744014675 ], [ 7.001595161855222, 43.549843800015935 ], [ 7.001595161855222, 43.54981755602691 ], [ 7.001594826579094, 43.54981536902731 ], [ 7.001594491302968, 43.54981342502759 ], [ 7.00159415602684, 43.54981148102781 ], [ 7.001593820750714, 43.549809537027976 ], [ 7.001593485474586, 43.54980735002808 ], [ 7.001592814922334, 43.54980516302811 ], [ 7.001592479646206, 43.54980321902807 ], [ 7.00159214437008, 43.54980127502797 ], [ 7.001591809093952, 43.54979908802777 ], [ 7.001591473817826, 43.549797144027536 ], [ 7.001591138541698, 43.54979520002723 ], [ 7.001590803265572, 43.54979325602686 ], [ 7.001590803265572, 43.54979277002677 ], [ 7.001580744981766, 43.54979277002677 ], [ 7.001580744981766, 43.54979374202696 ], [ 7.001580074429512, 43.549794471027106 ], [ 7.001580074429512, 43.54979495702719 ], [ 7.001579739153386, 43.54979544302727 ], [ 7.001579068601132, 43.54979617202739 ], [ 7.001578062772752, 43.54979690102749 ], [ 7.00157605111599, 43.54979811602766 ], [ 7.00157504528761, 43.54979860202772 ], [ 7.00157403945923, 43.54979908802777 ], [ 7.001573033630848, 43.5497993310278 ], [ 7.001572027802468, 43.5497993310278 ], [ 7.001571021974088, 43.54979957402782 ], [ 7.001569345593452, 43.549800303027894 ], [ 7.001566998660564, 43.549800303027894 ], [ 7.001566328108312, 43.54980078902793 ], [ 7.001566328108312, 43.54980297602806 ], [ 7.001567333936692, 43.5498041910281 ], [ 7.001566998660564, 43.54980492002811 ], [ 7.001564987003804, 43.5498063780281 ], [ 7.001564987003804, 43.549809537027976 ], [ 7.001563645899296, 43.54981050902791 ], [ 7.001563645899296, 43.549810995027855 ], [ 7.001562975347042, 43.54981172402779 ], [ 7.001562975347042, 43.54981221002774 ], [ 7.001561298966408, 43.54981464002742 ], [ 7.0015599578619, 43.54981561202725 ], [ 7.001559287309648, 43.54981585502723 ], [ 7.001558281481266, 43.54981609802718 ], [ 7.001556269824506, 43.54981634102714 ], [ 7.001555599272252, 43.54981634102714 ], [ 7.00155358761549, 43.54981561202725 ], [ 7.00155258178711, 43.54981488302738 ], [ 7.001552246510984, 43.549814397027454 ], [ 7.001552246510984, 43.54981391102752 ], [ 7.001552917063236, 43.54981342502759 ], [ 7.001552917063236, 43.549810995027855 ], [ 7.001552246510984, 43.549810023027945 ], [ 7.001551240682602, 43.549809537027976 ], [ 7.001550570130348, 43.54980905102801 ], [ 7.001549564301968, 43.54980807902806 ], [ 7.001549564301968, 43.549807107028094 ], [ 7.001550234854222, 43.5498063780281 ], [ 7.001550905406476, 43.54980564902811 ], [ 7.001553252339364, 43.5498039480281 ], [ 7.001553922891618, 43.54980370502809 ], [ 7.001557275652886, 43.54980370502809 ], [ 7.001558281481266, 43.549802733028045 ], [ 7.001558616757394, 43.54980200402801 ], [ 7.001558616757394, 43.549801518027984 ], [ 7.001559287309648, 43.54980054602791 ], [ 7.001559287309648, 43.54980006002787 ], [ 7.001559622585774, 43.54979957402782 ], [ 7.001560293138028, 43.54979908802777 ], [ 7.001561969518662, 43.54979811602766 ], [ 7.001561634242536, 43.54979592902735 ], [ 7.001561634242536, 43.54979520002723 ], [ 7.001562304794788, 43.54979471402714 ], [ 7.001562304794788, 43.54979277002677 ], [ 7.001542188227178, 43.54979277002677 ], [ 7.00154185295105, 43.54979641502743 ], [ 7.001542523503304, 43.549797144027536 ], [ 7.001543194055558, 43.5497976300276 ], [ 7.001543864607812, 43.54979835902769 ], [ 7.001544199883938, 43.5497993310278 ], [ 7.001543529331684, 43.54980006002787 ], [ 7.00154285877943, 43.54980103202794 ], [ 7.001541517674924, 43.54980200402801 ], [ 7.001541182398796, 43.549802733028045 ], [ 7.001540176570416, 43.54980346202807 ], [ 7.001540176570416, 43.54980589202811 ], [ 7.001540511846542, 43.549806621028104 ], [ 7.00154084712267, 43.549807107028094 ], [ 7.001542188227178, 43.54980807902806 ], [ 7.00154285877943, 43.54980856502803 ], [ 7.001543529331684, 43.54980905102801 ], [ 7.001543529331684, 43.54980978002796 ], [ 7.001543194055558, 43.549810995027855 ], [ 7.00154185295105, 43.549812939027646 ], [ 7.001540511846542, 43.54981391102752 ], [ 7.001540511846542, 43.549814397027454 ], [ 7.001539170742036, 43.54981536902731 ], [ 7.001537829637528, 43.54981585502723 ], [ 7.001537159085274, 43.54981634102714 ], [ 7.001537159085274, 43.54981828502675 ], [ 7.001538500189782, 43.54981877102665 ], [ 7.001538835465908, 43.549819257026535 ], [ 7.001539170742036, 43.54982120102606 ], [ 7.001539170742036, 43.54982387402531 ], [ 7.001540176570416, 43.54982460302508 ], [ 7.001540176570416, 43.54982508902492 ], [ 7.001539506018162, 43.54982630402452 ], [ 7.00153984129429, 43.54982873402363 ], [ 7.00153984129429, 43.54982970602324 ], [ 7.001539170742036, 43.54983043502295 ], [ 7.001538164913654, 43.54983116402264 ], [ 7.001536823809148, 43.549831893022336 ], [ 7.001536153256894, 43.549832136022225 ], [ 7.00153548270464, 43.549832136022225 ], [ 7.001533806324006, 43.549833351021675 ], [ 7.001533806324006, 43.54983553802062 ], [ 7.001534141600132, 43.54983602402038 ], [ 7.001534812152386, 43.54983651002013 ], [ 7.00153548270464, 43.54983748201962 ], [ 7.001535817980766, 43.549838454019095 ], [ 7.001535147428514, 43.549839426018565 ], [ 7.001534812152386, 43.54984112701758 ], [ 7.001534812152386, 43.54984404301579 ], [ 7.001536153256894, 43.549844772015305 ], [ 7.001537159085274, 43.54984550101484 ], [ 7.001536823809148, 43.54984647301418 ], [ 7.001536153256894, 43.54984671601401 ], [ 7.001534812152386, 43.54984695901385 ], [ 7.001534141600132, 43.54984695901385 ], [ 7.001533471047878, 43.54984720201368 ], [ 7.001532800495626, 43.54984768801334 ], [ 7.001532129943372, 43.54984768801334 ], [ 7.001531459391118, 43.54984866001265 ], [ 7.001531459391118, 43.5498491460123 ], [ 7.001530788838864, 43.54985011801159 ], [ 7.001529783010484, 43.54985084701104 ], [ 7.00152911245823, 43.549851090010876 ], [ 7.001527436077596, 43.549851090010876 ], [ 7.001526765525342, 43.549850604011226 ], [ 7.00152575969696, 43.5498491460123 ], [ 7.00152575969696, 43.54984841701282 ], [ 7.001526430249214, 43.54984744501351 ], [ 7.001527100801468, 43.54984695901385 ], [ 7.001530453562738, 43.54984695901385 ], [ 7.001530453562738, 43.54984501501515 ], [ 7.00153011828661, 43.54984452901547 ], [ 7.001529447734356, 43.54984404301579 ], [ 7.001528441905976, 43.54984331401624 ], [ 7.001528441905976, 43.549842342016845 ], [ 7.001527100801468, 43.549841856017146 ], [ 7.001526430249214, 43.54984137001743 ], [ 7.001525424420834, 43.54983966901842 ], [ 7.001524418592454, 43.54983894001882 ], [ 7.001524083316326, 43.549838454019095 ], [ 7.0015237480402, 43.54983772501949 ], [ 7.0015237480402, 43.549837239019745 ], [ 7.001523077487946, 43.54983675302 ], [ 7.001523077487946, 43.5498357810205 ], [ 7.00152274221182, 43.54983505202087 ], [ 7.001521736383438, 43.549833837021446 ], [ 7.001521736383438, 43.549833351021675 ], [ 7.001522071659566, 43.5498328650219 ], [ 7.001525089144708, 43.54983067802285 ], [ 7.001526094973088, 43.54983043502295 ], [ 7.001527436077596, 43.54982946302334 ], [ 7.001528441905976, 43.54982897702353 ], [ 7.001529447734356, 43.54982873402363 ], [ 7.00153112411499, 43.549827519024085 ], [ 7.001531794667244, 43.549827276024175 ], [ 7.001533471047878, 43.549827033024265 ], [ 7.00153447687626, 43.549827033024265 ], [ 7.001535817980766, 43.54982654702443 ], [ 7.00153648853302, 43.5498260610246 ], [ 7.001537494361402, 43.54982460302508 ], [ 7.001537494361402, 43.54982217302581 ], [ 7.001536823809148, 43.549821930025864 ], [ 7.00153648853302, 43.54982120102606 ], [ 7.00153648853302, 43.54981609802718 ], [ 7.001532465219498, 43.54981585502723 ], [ 7.001530788838864, 43.549817070027 ], [ 7.001529783010484, 43.54981682702705 ], [ 7.001529447734356, 43.54981634102714 ], [ 7.001529447734356, 43.54981585502723 ], [ 7.001529783010484, 43.54981391102752 ], [ 7.001530453562738, 43.54981366802756 ], [ 7.00153112411499, 43.549812939027646 ], [ 7.001531459391118, 43.54981221002774 ], [ 7.001532129943372, 43.54981172402779 ], [ 7.001532129943372, 43.54980832202804 ], [ 7.001531459391118, 43.54980735002808 ], [ 7.001529783010484, 43.54980613502811 ], [ 7.001529783010484, 43.54980564902811 ], [ 7.001526765525342, 43.54980564902811 ], [ 7.001526430249214, 43.5498063780281 ], [ 7.00152575969696, 43.54980735002808 ], [ 7.00152575969696, 43.54980807902806 ], [ 7.001525424420834, 43.54980929402799 ], [ 7.00152475386858, 43.54980978002796 ], [ 7.001524418592454, 43.54981050902791 ], [ 7.0015237480402, 43.549810995027855 ], [ 7.001523077487946, 43.54981123802783 ], [ 7.001522406935692, 43.54981123802783 ], [ 7.001521065831184, 43.54981196702776 ], [ 7.001520730555058, 43.54981269602768 ], [ 7.001520395278932, 43.54981366802756 ], [ 7.001520395278932, 43.54981415402749 ], [ 7.001520060002804, 43.54981488302738 ], [ 7.00151838362217, 43.54981609802718 ], [ 7.001517042517662, 43.54981658402709 ], [ 7.001516371965408, 43.54981658402709 ], [ 7.001515366137028, 43.549817070027 ], [ 7.00151402503252, 43.549817070027 ], [ 7.001513354480268, 43.54981755602691 ], [ 7.00151100754738, 43.54981755602691 ], [ 7.00151100754738, 43.54981804202681 ], [ 7.001507990062238, 43.54981828502675 ], [ 7.001506984233856, 43.549817799026854 ], [ 7.0015012845397, 43.549817799026854 ], [ 7.0015012845397, 43.549818528026705 ], [ 7.00150027871132, 43.549819257026535 ], [ 7.001499608159066, 43.549819257026535 ], [ 7.001499608159066, 43.54982120102606 ], [ 7.00150027871132, 43.549821930025864 ], [ 7.001499943435192, 43.54982241602573 ], [ 7.001498267054558, 43.54982168702593 ], [ 7.001494243741036, 43.549821930025864 ], [ 7.001491896808148, 43.549821930025864 ], [ 7.001491896808148, 43.54982387402531 ], [ 7.001492232084274, 43.549825818024686 ], [ 7.001493237912656, 43.549827033024265 ], [ 7.001493573188782, 43.54982824802381 ], [ 7.00149390846491, 43.54982922002344 ], [ 7.00149390846491, 43.54983310802179 ], [ 7.001493237912656, 43.549834566021104 ], [ 7.001493237912656, 43.54983675302 ], [ 7.001492902636528, 43.54983748201962 ], [ 7.001491226255894, 43.54983869701896 ], [ 7.001487538218498, 43.54983869701896 ], [ 7.001487538218498, 43.54984088401772 ], [ 7.001487873494626, 43.549843800015935 ], [ 7.00148854404688, 43.54984695901385 ], [ 7.001488879323006, 43.549849875011766 ], [ 7.001488879323006, 43.54985254800974 ], [ 7.001489214599134, 43.54985303400936 ], [ 7.001493573188782, 43.54985303400936 ], [ 7.00149491429329, 43.54985254800974 ], [ 7.001497261226178, 43.54985254800974 ], [ 7.001498267054558, 43.54985181901031 ], [ 7.001498602330686, 43.549851090010876 ], [ 7.001498602330686, 43.549850604011226 ], [ 7.001499943435192, 43.549848903012474 ], [ 7.00150027871132, 43.549848174013 ], [ 7.00150027871132, 43.549843800015935 ], [ 7.001502625644208, 43.54984355701609 ], [ 7.001503966748714, 43.54984428601563 ], [ 7.001504972577096, 43.54984501501515 ], [ 7.001506313681602, 43.54984501501515 ], [ 7.00150664895773, 43.54984695901385 ], [ 7.001506313681602, 43.5498491460123 ], [ 7.001507319509984, 43.54984963201195 ], [ 7.00150765478611, 43.54985133301068 ], [ 7.001507319509984, 43.549853763008784 ], [ 7.001507990062238, 43.549854492008194 ], [ 7.001507990062238, 43.549854978007794 ], [ 7.001509331166744, 43.54985595000699 ], [ 7.001509666442872, 43.549856436006586 ], [ 7.001509666442872, 43.54985740800575 ], [ 7.001510001718998, 43.54985789400533 ], [ 7.001510672271252, 43.549858380004906 ], [ 7.00151301920414, 43.549859838003606 ], [ 7.001513354480268, 43.54986032400316 ], [ 7.001513354480268, 43.549862025001595 ], [ 7.00151301920414, 43.549862754000905 ], [ 7.001512348651886, 43.54986348300021 ], [ 7.001512683928014, 43.54986615599758 ], [ 7.001514360308648, 43.54986712799659 ], [ 7.001514360308648, 43.54986882899483 ], [ 7.001515701413156, 43.54986882899483 ], [ 7.001516036689282, 43.54987052999302 ], [ 7.001517713069916, 43.54987052999302 ], [ 7.001519054174424, 43.549870772992755 ], [ 7.001520730555058, 43.549871015992494 ], [ 7.001521736383438, 43.549871501991966 ], [ 7.001523077487946, 43.54987247399089 ], [ 7.0015237480402, 43.549872959990346 ], [ 7.00152475386858, 43.54987368898953 ], [ 7.001525424420834, 43.54987466098842 ], [ 7.00152575969696, 43.549875632987295 ], [ 7.00152475386858, 43.54987684798587 ], [ 7.00152475386858, 43.54987903498324 ], [ 7.001525089144708, 43.54987952098264 ], [ 7.001526765525342, 43.54988073598114 ], [ 7.001528106629848, 43.54988122198053 ], [ 7.001529783010484, 43.549882436979 ], [ 7.00153011828661, 43.549884380976486 ], [ 7.00153011828661, 43.549888268971266 ], [ 7.001530788838864, 43.54988899797026 ], [ 7.001530788838864, 43.549890455968225 ], [ 7.001530453562738, 43.54989142796684 ], [ 7.001529783010484, 43.54989239996545 ], [ 7.001528441905976, 43.54989337196404 ], [ 7.001527436077596, 43.549893614963686 ], [ 7.001526765525342, 43.54989410096297 ], [ 7.00152475386858, 43.54989507296155 ], [ 7.001524083316326, 43.54989555896081 ], [ 7.001524083316326, 43.54989750295787 ], [ 7.00152575969696, 43.549898717956005 ], [ 7.001527100801468, 43.549899203955256 ], [ 7.001527771353722, 43.549899203955256 ], [ 7.001528441905976, 43.54989944695488 ], [ 7.001528777182102, 43.54990017595374 ], [ 7.001528441905976, 43.54990236295026 ], [ 7.001528777182102, 43.5499052789455 ], [ 7.001531459391118, 43.5499052789455 ], [ 7.001531794667244, 43.54990649394348 ], [ 7.001533135771752, 43.54990673694307 ], [ 7.001536153256894, 43.54990673694307 ], [ 7.001537159085274, 43.54990770894143 ], [ 7.001538164913654, 43.54990843794019 ], [ 7.001539506018162, 43.54990843794019 ], [ 7.001540511846542, 43.54990868093978 ], [ 7.00154185295105, 43.54990916693894 ], [ 7.001542523503304, 43.54990965293811 ], [ 7.00154285877943, 43.54991038193684 ], [ 7.001543529331684, 43.549910867936 ], [ 7.001544870436192, 43.54991159693471 ], [ 7.001545205712318, 43.54991208293386 ], [ 7.001545205712318, 43.54991305493213 ], [ 7.001547887921334, 43.54991305493213 ], [ 7.001548893749714, 43.54991256893299 ], [ 7.001549229025842, 43.54991208293386 ], [ 7.001549899578094, 43.54991135393514 ], [ 7.001550234854222, 43.549910867936 ], [ 7.001550570130348, 43.549910138937264 ], [ 7.001550905406476, 43.54990916693894 ], [ 7.001550905406476, 43.54990625094389 ], [ 7.001550570130348, 43.54990552194511 ], [ 7.001549564301968, 43.5499040639475 ], [ 7.001548893749714, 43.5499035779483 ], [ 7.001546546816826, 43.54990236295026 ], [ 7.001546546816826, 43.54990187695104 ], [ 7.0015462115407, 43.54990139095182 ], [ 7.001545540988446, 43.54990090495257 ], [ 7.001545205712318, 43.549899203955256 ], [ 7.001545205712318, 43.549898717956005 ], [ 7.001545876264572, 43.549897988957134 ], [ 7.001546546816826, 43.54989725995824 ], [ 7.001549229025842, 43.54989531596117 ], [ 7.001550234854222, 43.54989482996191 ], [ 7.001550905406476, 43.54989458696227 ], [ 7.00155358761549, 43.54989458696227 ], [ 7.001555263996124, 43.54989410096297 ], [ 7.001557610929012, 43.54989434396261 ], [ 7.00155794620514, 43.54989482996191 ], [ 7.00155794620514, 43.549896044960086 ], [ 7.001557275652886, 43.54989653095935 ], [ 7.001556605100632, 43.54989750295787 ], [ 7.001556605100632, 43.549899203955256 ], [ 7.001556269824506, 43.549899932954126 ], [ 7.001555934548378, 43.54990066195297 ], [ 7.001554928719998, 43.54990211995065 ], [ 7.001554258167744, 43.549902605949875 ], [ 7.001553922891618, 43.54990309194908 ], [ 7.00155358761549, 43.5499040639475 ], [ 7.00155358761549, 43.54990892393936 ], [ 7.001554593443872, 43.54990940993852 ], [ 7.001557275652886, 43.54991159693471 ], [ 7.00155794620514, 43.54991232593343 ], [ 7.00155895203352, 43.549913297931695 ], [ 7.00155895203352, 43.54991378393082 ] ] ] ],
      "type" : "MultiPolygon"
    },
    "type" : "Feature",
    "properties" : {
      "zoom" : 20,
      "id" : "3a94838f-793b-480f-b35f-a82e7911128b",
      "label" : "MOISISSURE_NOIRCIE",
      "confidence" : null
    }
  }, {
    "geometry" : {
      "coordinates" : [ [ [ [ 7.001492232084274, 43.54988219397931 ], [ 7.001495249569416, 43.549882436979 ], [ 7.001495584845544, 43.54988195097962 ], [ 7.001496255397798, 43.54988195097962 ], [ 7.00149692595005, 43.549881464980224 ], [ 7.001497596502304, 43.549881464980224 ], [ 7.001498937606812, 43.54988049298145 ], [ 7.001499943435192, 43.54987903498324 ], [ 7.00150027871132, 43.54987830598412 ], [ 7.001500613987446, 43.54987733398529 ], [ 7.001500613987446, 43.54987514698786 ], [ 7.001499272882938, 43.54987514698786 ], [ 7.001498267054558, 43.54987466098842 ], [ 7.00149592012167, 43.54987466098842 ], [ 7.001495249569416, 43.54987417498898 ], [ 7.001491561532022, 43.54987417498898 ], [ 7.001491561532022, 43.54987611898672 ], [ 7.001492232084274, 43.54987927798294 ], [ 7.001492232084274, 43.54988219397931 ] ] ] ],
      "type" : "MultiPolygon"
    },
    "type" : "Feature",
    "properties" : {
      "zoom" : 20,
      "id" : "f6d2867b-84df-4adc-b5f2-00806c5b5fb8",
      "label" : "MOISISSURE_NOIRCIE",
      "confidence" : null
    }
  } ],
  "type" : "FeatureCollection"
}